condition,event_class,event_id,window,fault_active,score,threshold,exceeded
clean,healthy,1,0,False,0.4518314924824914,1.2478460499249124,False
clean,healthy,1,1,False,0.4353100752376425,1.2478460499249124,False
clean,healthy,1,2,False,0.4147333337331775,1.2478460499249124,False
clean,healthy,1,3,False,0.4208429948560998,1.2478460499249124,False
clean,healthy,1,4,False,0.4338057726353292,1.2478460499249124,False
clean,healthy,1,5,False,0.42991345559493516,1.2478460499249124,False
clean,healthy,1,6,False,0.4584869211478072,1.2478460499249124,False
clean,healthy,1,7,False,0.41614602176506266,1.2478460499249124,False
clean,healthy,1,8,False,0.42143492035248303,1.2478460499249124,False
clean,healthy,1,9,False,0.43756311900901135,1.2478460499249124,False
clean,healthy,1,10,False,0.42060785565345365,1.2478460499249124,False
clean,healthy,1,11,False,0.45017482642052536,1.2478460499249124,False
clean,healthy,2,0,False,0.453355126673871,1.2478460499249124,False
clean,healthy,2,1,False,0.41735289470666087,1.2478460499249124,False
clean,healthy,2,2,False,0.4417221273524332,1.2478460499249124,False
clean,healthy,2,3,False,0.4424179571722314,1.2478460499249124,False
clean,healthy,2,4,False,0.4250104038797997,1.2478460499249124,False
clean,healthy,2,5,False,0.41682510603346645,1.2478460499249124,False
clean,healthy,2,6,False,0.4354824067553127,1.2478460499249124,False
clean,healthy,2,7,False,0.4267588902448222,1.2478460499249124,False
clean,healthy,2,8,False,0.43425685999325836,1.2478460499249124,False
clean,healthy,2,9,False,0.4417221273524332,1.2478460499249124,False
clean,healthy,2,10,False,0.40945892919047283,1.2478460499249124,False
clean,healthy,2,11,False,0.42143492035248303,1.2478460499249124,False
clean,healthy,3,0,False,0.43753286699932664,1.2478460499249124,False
clean,healthy,3,1,False,0.43978350122102866,1.2478460499249124,False
clean,healthy,3,2,False,0.41614602176506266,1.2478460499249124,False
clean,healthy,3,3,False,0.43962526315986505,1.2478460499249124,False
clean,healthy,3,4,False,0.42045355798060285,1.2478460499249124,False
clean,healthy,3,5,False,0.4237638742618308,1.2478460499249124,False
clean,healthy,3,6,False,0.43981771990015756,1.2478460499249124,False
clean,healthy,3,7,False,0.43946521340612615,1.2478460499249124,False
clean,healthy,3,8,False,0.43918529587237487,1.2478460499249124,False
clean,healthy,3,9,False,0.4181012014363704,1.2478460499249124,False
clean,healthy,3,10,False,0.4423682048779494,1.2478460499249124,False
clean,healthy,3,11,False,0.4061703801879843,1.2478460499249124,False
clean,healthy,4,0,False,0.4373197285586412,1.2478460499249124,False
clean,healthy,4,1,False,0.43753286699932664,1.2478460499249124,False
clean,healthy,4,2,False,0.4643481319486377,1.2478460499249124,False
clean,healthy,4,3,False,0.4122718973866925,1.2478460499249124,False
clean,healthy,4,4,False,0.4153445942181295,1.2478460499249124,False
clean,healthy,4,5,False,0.4210905718684264,1.2478460499249124,False
clean,healthy,4,6,False,0.4220794856390314,1.2478460499249124,False
clean,healthy,4,7,False,0.4643481319486377,1.2478460499249124,False
clean,healthy,4,8,False,0.40851134003116973,1.2478460499249124,False
clean,healthy,4,9,False,0.42373700182854945,1.2478460499249124,False
clean,healthy,4,10,False,0.4210905718684264,1.2478460499249124,False
clean,healthy,4,11,False,0.4643481319486377,1.2478460499249124,False
clean,healthy,5,0,False,0.42564749614910286,1.2478460499249124,False
clean,healthy,5,1,False,0.4207909256471266,1.2478460499249124,False
clean,healthy,5,2,False,0.4353100752376425,1.2478460499249124,False
clean,healthy,5,3,False,0.42143492035248303,1.2478460499249124,False
clean,healthy,5,4,False,0.43756311900901135,1.2478460499249124,False
clean,healthy,5,5,False,0.42284537171802483,1.2478460499249124,False
clean,healthy,5,6,False,0.4208429948560998,1.2478460499249124,False
clean,healthy,5,7,False,0.4479077650823815,1.2478460499249124,False
clean,healthy,5,8,False,0.42637452484009025,1.2478460499249124,False
clean,healthy,5,9,False,0.41401529980683094,1.2478460499249124,False
clean,healthy,5,10,False,0.43480912276877404,1.2478460499249124,False
clean,healthy,5,11,False,0.4190044268749952,1.2478460499249124,False
clean,healthy,6,0,False,0.45029731205468376,1.2478460499249124,False
clean,healthy,6,1,False,0.4271354298538974,1.2478460499249124,False
clean,healthy,6,2,False,0.4359253091581564,1.2478460499249124,False
clean,healthy,6,3,False,0.4176715931069739,1.2478460499249124,False
clean,healthy,6,4,False,0.45017482642052536,1.2478460499249124,False
clean,healthy,6,5,False,0.42060785565345365,1.2478460499249124,False
clean,healthy,6,6,False,0.41484906707633284,1.2478460499249124,False
clean,healthy,6,7,False,0.4293986084825741,1.2478460499249124,False
clean,healthy,6,8,False,0.42143492035248303,1.2478460499249124,False
clean,healthy,6,9,False,0.4272096691425629,1.2478460499249124,False
clean,healthy,6,10,False,0.40369277913493934,1.2478460499249124,False
clean,healthy,6,11,False,0.4008273940198873,1.2478460499249124,False
clean,healthy,7,0,False,0.4243614583005725,1.2478460499249124,False
clean,healthy,7,1,False,0.43058320176438813,1.2478460499249124,False
clean,healthy,7,2,False,0.4152114565295575,1.2478460499249124,False
clean,healthy,7,3,False,0.4153219434626156,1.2478460499249124,False
clean,healthy,7,4,False,0.4417221273524332,1.2478460499249124,False
clean,healthy,7,5,False,0.4098785741760362,1.2478460499249124,False
clean,healthy,7,6,False,0.42143492035248303,1.2478460499249124,False
clean,healthy,7,7,False,0.4385138651903563,1.2478460499249124,False
clean,healthy,7,8,False,0.45070687032212037,1.2478460499249124,False
clean,healthy,7,9,False,0.4175498828227224,1.2478460499249124,False
clean,healthy,7,10,False,0.43981771990015756,1.2478460499249124,False
clean,healthy,7,11,False,0.4493073958510742,1.2478460499249124,False
clean,healthy,8,0,False,0.43753189228393063,1.2478460499249124,False
clean,healthy,8,1,False,0.44622820471605096,1.2478460499249124,False
clean,healthy,8,2,False,0.4122718973866925,1.2478460499249124,False
clean,healthy,8,3,False,0.44622820471605096,1.2478460499249124,False
clean,healthy,8,4,False,0.43946521340612615,1.2478460499249124,False
clean,healthy,8,5,False,0.4353100752376425,1.2478460499249124,False
clean,healthy,8,6,False,0.4220794856390314,1.2478460499249124,False
clean,healthy,8,7,False,0.4369696423156646,1.2478460499249124,False
clean,healthy,8,8,False,0.42027323765700625,1.2478460499249124,False
clean,healthy,8,9,False,0.42198224548455154,1.2478460499249124,False
clean,healthy,8,10,False,0.4176715931069739,1.2478460499249124,False
clean,healthy,8,11,False,0.4102368551117367,1.2478460499249124,False
clean,healthy,9,0,False,0.4491864969306982,1.2478460499249124,False
clean,healthy,9,1,False,0.4267588902448222,1.2478460499249124,False
clean,healthy,9,2,False,0.4518314924824914,1.2478460499249124,False
clean,healthy,9,3,False,0.4450057139900811,1.2478460499249124,False
clean,healthy,9,4,False,0.4153219434626156,1.2478460499249124,False
clean,healthy,9,5,False,0.4208429948560998,1.2478460499249124,False
clean,healthy,9,6,False,0.4373197285586412,1.2478460499249124,False
clean,healthy,9,7,False,0.4284753305186921,1.2478460499249124,False
clean,healthy,9,8,False,0.4122718973866925,1.2478460499249124,False
clean,healthy,9,9,False,0.42143492035248303,1.2478460499249124,False
clean,healthy,9,10,False,0.43217249125591206,1.2478460499249124,False
clean,healthy,9,11,False,0.4373197285586412,1.2478460499249124,False
clean,healthy,10,0,False,0.4584869211478072,1.2478460499249124,False
clean,healthy,10,1,False,0.41614602176506266,1.2478460499249124,False
clean,healthy,10,2,False,0.43094302007994734,1.2478460499249124,False
clean,healthy,10,3,False,0.4450057139900811,1.2478460499249124,False
clean,healthy,10,4,False,0.4424179571722314,1.2478460499249124,False
clean,healthy,10,5,False,0.42637452484009025,1.2478460499249124,False
clean,healthy,10,6,False,0.43058320176438813,1.2478460499249124,False
clean,healthy,10,7,False,0.4477594013268205,1.2478460499249124,False
clean,healthy,10,8,False,0.4181012014363704,1.2478460499249124,False
clean,healthy,10,9,False,0.4152114565295575,1.2478460499249124,False
clean,healthy,10,10,False,0.42027323765700625,1.2478460499249124,False
clean,healthy,10,11,False,0.4504092138653454,1.2478460499249124,False
clean,healthy,11,0,False,0.45070687032212037,1.2478460499249124,False
clean,healthy,11,1,False,0.4153445942181295,1.2478460499249124,False
clean,healthy,11,2,False,0.4384958297632575,1.2478460499249124,False
clean,healthy,11,3,False,0.44027832981547815,1.2478460499249124,False
clean,healthy,11,4,False,0.40369277913493934,1.2478460499249124,False
clean,healthy,11,5,False,0.4305024618862672,1.2478460499249124,False
clean,healthy,11,6,False,0.4643481319486377,1.2478460499249124,False
clean,healthy,11,7,False,0.4267588902448222,1.2478460499249124,False
clean,healthy,11,8,False,0.4493073958510742,1.2478460499249124,False
clean,healthy,11,9,False,0.43753286699932664,1.2478460499249124,False
clean,healthy,11,10,False,0.4502639308128041,1.2478460499249124,False
clean,healthy,11,11,False,0.4132839968252271,1.2478460499249124,False
clean,healthy,12,0,False,0.42045355798060285,1.2478460499249124,False
clean,healthy,12,1,False,0.4132959004316644,1.2478460499249124,False
clean,healthy,12,2,False,0.4175234304676019,1.2478460499249124,False
clean,healthy,12,3,False,0.4359253091581564,1.2478460499249124,False
clean,healthy,12,4,False,0.42027323765700625,1.2478460499249124,False
clean,healthy,12,5,False,0.4272096691425629,1.2478460499249124,False
clean,healthy,12,6,False,0.4359253091581564,1.2478460499249124,False
clean,healthy,12,7,False,0.43981771990015756,1.2478460499249124,False
clean,healthy,12,8,False,0.4518314924824914,1.2478460499249124,False
clean,healthy,12,9,False,0.43094302007994734,1.2478460499249124,False
clean,healthy,12,10,False,0.4493073958510742,1.2478460499249124,False
clean,healthy,12,11,False,0.4267588902448222,1.2478460499249124,False
clean,healthy,13,0,False,0.4354824067553127,1.2478460499249124,False
clean,healthy,13,1,False,0.4098785741760362,1.2478460499249124,False
clean,healthy,13,2,False,0.4207909256471266,1.2478460499249124,False
clean,healthy,13,3,False,0.40945892919047283,1.2478460499249124,False
clean,healthy,13,4,False,0.43753189228393063,1.2478460499249124,False
clean,healthy,13,5,False,0.4271354298538974,1.2478460499249124,False
clean,healthy,13,6,False,0.43918529587237487,1.2478460499249124,False
clean,healthy,13,7,False,0.43182616347661934,1.2478460499249124,False
clean,healthy,13,8,False,0.4353100752376425,1.2478460499249124,False
clean,healthy,13,9,False,0.42564749614910286,1.2478460499249124,False
clean,healthy,13,10,False,0.4181012014363704,1.2478460499249124,False
clean,healthy,13,11,False,0.42991345559493516,1.2478460499249124,False
clean,healthy,14,0,False,0.4098785741760362,1.2478460499249124,False
clean,healthy,14,1,False,0.4440806483589156,1.2478460499249124,False
clean,healthy,14,2,False,0.453355126673871,1.2478460499249124,False
clean,healthy,14,3,False,0.4477594013268205,1.2478460499249124,False
clean,healthy,14,4,False,0.4491864969306982,1.2478460499249124,False
clean,healthy,14,5,False,0.40945892919047283,1.2478460499249124,False
clean,healthy,14,6,False,0.4152114565295575,1.2478460499249124,False
clean,healthy,14,7,False,0.43299982090443995,1.2478460499249124,False
clean,healthy,14,8,False,0.42198224548455154,1.2478460499249124,False
clean,healthy,14,9,False,0.4122718973866925,1.2478460499249124,False
clean,healthy,14,10,False,0.4307355181323861,1.2478460499249124,False
clean,healthy,14,11,False,0.4132839968252271,1.2478460499249124,False
clean,healthy,15,0,False,0.4491864969306982,1.2478460499249124,False
clean,healthy,15,1,False,0.4357240431454391,1.2478460499249124,False
clean,healthy,15,2,False,0.43479050465710467,1.2478460499249124,False
clean,healthy,15,3,False,0.4153445942181295,1.2478460499249124,False
clean,healthy,15,4,False,0.4354824067553127,1.2478460499249124,False
clean,healthy,15,5,False,0.43753189228393063,1.2478460499249124,False
clean,healthy,15,6,False,0.4175498828227224,1.2478460499249124,False
clean,healthy,15,7,False,0.4409532265257949,1.2478460499249124,False
clean,healthy,15,8,False,0.4424179571722314,1.2478460499249124,False
clean,healthy,15,9,False,0.4373197285586412,1.2478460499249124,False
clean,healthy,15,10,False,0.4153445942181295,1.2478460499249124,False
clean,healthy,15,11,False,0.4353100752376425,1.2478460499249124,False
clean,healthy,16,0,False,0.42198224548455154,1.2478460499249124,False
clean,healthy,16,1,False,0.4175234304676019,1.2478460499249124,False
clean,healthy,16,2,False,0.43182616347661934,1.2478460499249124,False
clean,healthy,16,3,False,0.4584869211478072,1.2478460499249124,False
clean,healthy,16,4,False,0.4477594013268205,1.2478460499249124,False
clean,healthy,16,5,False,0.43981771990015756,1.2478460499249124,False
clean,healthy,16,6,False,0.4293986084825741,1.2478460499249124,False
clean,healthy,16,7,False,0.4098785741760362,1.2478460499249124,False
clean,healthy,16,8,False,0.4152114565295575,1.2478460499249124,False
clean,healthy,16,9,False,0.4466842505616596,1.2478460499249124,False
clean,healthy,16,10,False,0.4132959004316644,1.2478460499249124,False
clean,healthy,16,11,False,0.4518314924824914,1.2478460499249124,False
clean,healthy,17,0,False,0.45070687032212037,1.2478460499249124,False
clean,healthy,17,1,False,0.42564749614910286,1.2478460499249124,False
clean,healthy,17,2,False,0.4199350949336131,1.2478460499249124,False
clean,healthy,17,3,False,0.4353100752376425,1.2478460499249124,False
clean,healthy,17,4,False,0.44622820471605096,1.2478460499249124,False
clean,healthy,17,5,False,0.42284537171802483,1.2478460499249124,False
clean,healthy,17,6,False,0.4199350949336131,1.2478460499249124,False
clean,healthy,17,7,False,0.43946521340612615,1.2478460499249124,False
clean,healthy,17,8,False,0.40836384126426806,1.2478460499249124,False
clean,healthy,17,9,False,0.4190044268749952,1.2478460499249124,False
clean,healthy,17,10,False,0.4199350949336131,1.2478460499249124,False
clean,healthy,17,11,False,0.43217249125591206,1.2478460499249124,False
clean,healthy,18,0,False,0.4132839968252271,1.2478460499249124,False
clean,healthy,18,1,False,0.42564749614910286,1.2478460499249124,False
clean,healthy,18,2,False,0.4098785741760362,1.2478460499249124,False
clean,healthy,18,3,False,0.43299982090443995,1.2478460499249124,False
clean,healthy,18,4,False,0.4136263829446306,1.2478460499249124,False
clean,healthy,18,5,False,0.43058320176438813,1.2478460499249124,False
clean,healthy,18,6,False,0.43756311900901135,1.2478460499249124,False
clean,healthy,18,7,False,0.4359253091581564,1.2478460499249124,False
clean,healthy,18,8,False,0.4118739255885904,1.2478460499249124,False
clean,healthy,18,9,False,0.4385138651903563,1.2478460499249124,False
clean,healthy,18,10,False,0.42045355798060285,1.2478460499249124,False
clean,healthy,18,11,False,0.4609306243207353,1.2478460499249124,False
clean,healthy,19,0,False,0.45258402830050887,1.2478460499249124,False
clean,healthy,19,1,False,0.4210905718684264,1.2478460499249124,False
clean,healthy,19,2,False,0.4373197285586412,1.2478460499249124,False
clean,healthy,19,3,False,0.4584869211478072,1.2478460499249124,False
clean,healthy,19,4,False,0.42060785565345365,1.2478460499249124,False
clean,healthy,19,5,False,0.4409532265257949,1.2478460499249124,False
clean,healthy,19,6,False,0.43808526186774377,1.2478460499249124,False
clean,healthy,19,7,False,0.43217249125591206,1.2478460499249124,False
clean,healthy,19,8,False,0.4440806483589156,1.2478460499249124,False
clean,healthy,19,9,False,0.4417221273524332,1.2478460499249124,False
clean,healthy,19,10,False,0.42284537171802483,1.2478460499249124,False
clean,healthy,19,11,False,0.42991345559493516,1.2478460499249124,False
clean,healthy,20,0,False,0.4147333337331775,1.2478460499249124,False
clean,healthy,20,1,False,0.4176715931069739,1.2478460499249124,False
clean,healthy,20,2,False,0.43425685999325836,1.2478460499249124,False
clean,healthy,20,3,False,0.4284753305186921,1.2478460499249124,False
clean,healthy,20,4,False,0.43946521340612615,1.2478460499249124,False
clean,healthy,20,5,False,0.43480912276877404,1.2478460499249124,False
clean,healthy,20,6,False,0.4267588902448222,1.2478460499249124,False
clean,healthy,20,7,False,0.42284537171802483,1.2478460499249124,False
clean,healthy,20,8,False,0.4153219434626156,1.2478460499249124,False
clean,healthy,20,9,False,0.44137237299428567,1.2478460499249124,False
clean,healthy,20,10,False,0.4199350949336131,1.2478460499249124,False
clean,healthy,20,11,False,0.4147333337331775,1.2478460499249124,False
clean,fault,1,0,False,0.4190044268749952,1.2478460499249124,False
clean,fault,1,1,False,0.4417221273524332,1.2478460499249124,False
clean,fault,1,2,False,0.4470087410327325,1.2478460499249124,False
clean,fault,1,3,False,0.4307355181323861,1.2478460499249124,False
clean,fault,1,4,True,1.4998707304860315,1.2478460499249124,True
clean,fault,1,5,True,1.429113684251423,1.2478460499249124,True
clean,fault,1,6,True,1.4672009942878124,1.2478460499249124,True
clean,fault,1,7,True,1.486307968819623,1.2478460499249124,True
clean,fault,1,8,True,1.4659048827913128,1.2478460499249124,True
clean,fault,1,9,True,1.4916435862777957,1.2478460499249124,True
clean,fault,1,10,True,1.55336022181483,1.2478460499249124,True
clean,fault,1,11,True,1.4925787320477995,1.2478460499249124,True
clean,fault,2,0,False,0.4504092138653454,1.2478460499249124,False
clean,fault,2,1,False,0.4466842505616596,1.2478460499249124,False
clean,fault,2,2,False,0.4153219434626156,1.2478460499249124,False
clean,fault,2,3,False,0.453355126673871,1.2478460499249124,False
clean,fault,2,4,True,1.44558885009807,1.2478460499249124,True
clean,fault,2,5,True,1.4699285484022058,1.2478460499249124,True
clean,fault,2,6,True,1.4521766596623351,1.2478460499249124,True
clean,fault,2,7,True,1.4907469206431605,1.2478460499249124,True
clean,fault,2,8,True,1.4750410740113322,1.2478460499249124,True
clean,fault,2,9,True,1.4669697681956173,1.2478460499249124,True
clean,fault,2,10,True,1.4630409239740434,1.2478460499249124,True
clean,fault,2,11,True,1.5032039650569269,1.2478460499249124,True
clean,fault,3,0,False,0.4357240431454391,1.2478460499249124,False
clean,fault,3,1,False,0.4132959004316644,1.2478460499249124,False
clean,fault,3,2,False,0.4491864969306982,1.2478460499249124,False
clean,fault,3,3,False,0.4152114565295575,1.2478460499249124,False
clean,fault,3,4,True,1.4621921219710134,1.2478460499249124,True
clean,fault,3,5,True,1.4602443503741624,1.2478460499249124,True
clean,fault,3,6,True,1.4851070851001582,1.2478460499249124,True
clean,fault,3,7,True,1.4629865428868183,1.2478460499249124,True
clean,fault,3,8,True,1.463029644296073,1.2478460499249124,True
clean,fault,3,9,True,1.4991210921721898,1.2478460499249124,True
clean,fault,3,10,True,1.4792616381412702,1.2478460499249124,True
clean,fault,3,11,True,1.4623219902664821,1.2478460499249124,True
clean,fault,4,0,False,0.4176715931069739,1.2478460499249124,False
clean,fault,4,1,False,0.4210905718684264,1.2478460499249124,False
clean,fault,4,2,False,0.40836384126426806,1.2478460499249124,False
clean,fault,4,3,False,0.4122718973866925,1.2478460499249124,False
clean,fault,4,4,True,1.4689222404098548,1.2478460499249124,True
clean,fault,4,5,True,1.50942662619449,1.2478460499249124,True
clean,fault,4,6,True,1.4521766596623351,1.2478460499249124,True
clean,fault,4,7,True,1.5285699630628107,1.2478460499249124,True
clean,fault,4,8,True,1.4514267946763693,1.2478460499249124,True
clean,fault,4,9,True,1.5285699630628107,1.2478460499249124,True
clean,fault,4,10,True,1.4998707304860315,1.2478460499249124,True
clean,fault,4,11,True,1.4570466972792837,1.2478460499249124,True
clean,fault,5,0,False,0.43479050465710467,1.2478460499249124,False
clean,fault,5,1,False,0.40851134003116973,1.2478460499249124,False
clean,fault,5,2,False,0.4237638742618308,1.2478460499249124,False
clean,fault,5,3,False,0.4208429948560998,1.2478460499249124,False
clean,fault,5,4,True,1.5032039650569269,1.2478460499249124,True
clean,fault,5,5,True,1.4910748886812781,1.2478460499249124,True
clean,fault,5,6,True,1.4472861815892504,1.2478460499249124,True
clean,fault,5,7,True,1.4533658373929679,1.2478460499249124,True
clean,fault,5,8,True,1.4548715568877162,1.2478460499249124,True
clean,fault,5,9,True,1.4533658373929679,1.2478460499249124,True
clean,fault,5,10,True,1.4750410740113322,1.2478460499249124,True
clean,fault,5,11,True,1.4970673979644267,1.2478460499249124,True
clean,fault,6,0,False,0.44027832981547815,1.2478460499249124,False
clean,fault,6,1,False,0.43182616347661934,1.2478460499249124,False
clean,fault,6,2,False,0.4409532265257949,1.2478460499249124,False
clean,fault,6,3,False,0.453355126673871,1.2478460499249124,False
clean,fault,6,4,True,1.512720497897426,1.2478460499249124,True
clean,fault,6,5,True,1.507047142307549,1.2478460499249124,True
clean,fault,6,6,True,1.4602443503741624,1.2478460499249124,True
clean,fault,6,7,True,1.484890394334843,1.2478460499249124,True
clean,fault,6,8,True,1.4925787320477995,1.2478460499249124,True
clean,fault,6,9,True,1.4895451814568026,1.2478460499249124,True
clean,fault,6,10,True,1.4893818308302655,1.2478460499249124,True
clean,fault,6,11,True,1.4533658373929679,1.2478460499249124,True
clean,fault,7,0,False,0.4357240431454391,1.2478460499249124,False
clean,fault,7,1,False,0.4518314924824914,1.2478460499249124,False
clean,fault,7,2,False,0.42564749614910286,1.2478460499249124,False
clean,fault,7,3,False,0.45029731205468376,1.2478460499249124,False
clean,fault,7,4,True,1.55336022181483,1.2478460499249124,True
clean,fault,7,5,True,1.5285699630628107,1.2478460499249124,True
clean,fault,7,6,True,1.507047142307549,1.2478460499249124,True
clean,fault,7,7,True,1.4533658373929679,1.2478460499249124,True
clean,fault,7,8,True,1.49849884777786,1.2478460499249124,True
clean,fault,7,9,True,1.4771998989824424,1.2478460499249124,True
clean,fault,7,10,True,1.459448975567069,1.2478460499249124,True
clean,fault,7,11,True,1.512720497897426,1.2478460499249124,True
clean,fault,8,0,False,0.45258402830050887,1.2478460499249124,False
clean,fault,8,1,False,0.45017482642052536,1.2478460499249124,False
clean,fault,8,2,False,0.43756311900901135,1.2478460499249124,False
clean,fault,8,3,False,0.4118739255885904,1.2478460499249124,False
clean,fault,8,4,True,1.4669697681956173,1.2478460499249124,True
clean,fault,8,5,True,1.485587318893021,1.2478460499249124,True
clean,fault,8,6,True,1.469345266352033,1.2478460499249124,True
clean,fault,8,7,True,1.4925787320477995,1.2478460499249124,True
clean,fault,8,8,True,1.4925787320477995,1.2478460499249124,True
clean,fault,8,9,True,1.4991210921721898,1.2478460499249124,True
clean,fault,8,10,True,1.504561955174201,1.2478460499249124,True
clean,fault,8,11,True,1.4916435862777957,1.2478460499249124,True
clean,fault,9,0,False,0.4493073958510742,1.2478460499249124,False
clean,fault,9,1,False,0.43479050465710467,1.2478460499249124,False
clean,fault,9,2,False,0.41484906707633284,1.2478460499249124,False
clean,fault,9,3,False,0.4353758636131287,1.2478460499249124,False
clean,fault,9,4,True,1.4669535615026892,1.2478460499249124,True
clean,fault,9,5,True,1.4672009942878124,1.2478460499249124,True
clean,fault,9,6,True,1.4687457149519776,1.2478460499249124,True
clean,fault,9,7,True,1.50942662619449,1.2478460499249124,True
clean,fault,9,8,True,1.5186095203061785,1.2478460499249124,True
clean,fault,9,9,True,1.4813751609596044,1.2478460499249124,True
clean,fault,9,10,True,1.480891245567713,1.2478460499249124,True
clean,fault,9,11,True,1.5088027963120083,1.2478460499249124,True
clean,fault,10,0,False,0.4118200420349834,1.2478460499249124,False
clean,fault,10,1,False,0.4307355181323861,1.2478460499249124,False
clean,fault,10,2,False,0.4424179571722314,1.2478460499249124,False
clean,fault,10,3,False,0.40836384126426806,1.2478460499249124,False
clean,fault,10,4,True,1.4916435862777957,1.2478460499249124,True
clean,fault,10,5,True,1.478339040859475,1.2478460499249124,True
clean,fault,10,6,True,1.4574451687000196,1.2478460499249124,True
clean,fault,10,7,True,1.4749781893561564,1.2478460499249124,True
clean,fault,10,8,True,1.4970673979644267,1.2478460499249124,True
clean,fault,10,9,True,1.4882073642800961,1.2478460499249124,True
clean,fault,10,10,True,1.52792855504088,1.2478460499249124,True
clean,fault,10,11,True,1.4816281250418661,1.2478460499249124,True
clean,fault,11,0,False,0.42564749614910286,1.2478460499249124,False
clean,fault,11,1,False,0.4466842505616596,1.2478460499249124,False
clean,fault,11,2,False,0.4502639308128041,1.2478460499249124,False
clean,fault,11,3,False,0.4443567024579231,1.2478460499249124,False
clean,fault,11,4,True,1.4413103312324536,1.2478460499249124,True
clean,fault,11,5,True,1.4672009942878124,1.2478460499249124,True
clean,fault,11,6,True,1.4832158229180799,1.2478460499249124,True
clean,fault,11,7,True,1.4790685096618694,1.2478460499249124,True
clean,fault,11,8,True,1.4670178330982553,1.2478460499249124,True
clean,fault,11,9,True,1.4548715568877162,1.2478460499249124,True
clean,fault,11,10,True,1.4611165206020758,1.2478460499249124,True
clean,fault,11,11,True,1.4721472604625125,1.2478460499249124,True
clean,fault,12,0,False,0.4609306243207353,1.2478460499249124,False
clean,fault,12,1,False,0.43808526186774377,1.2478460499249124,False
clean,fault,12,2,False,0.41614602176506266,1.2478460499249124,False
clean,fault,12,3,False,0.4417221273524332,1.2478460499249124,False
clean,fault,12,4,True,1.519335821689187,1.2478460499249124,True
clean,fault,12,5,True,1.486307968819623,1.2478460499249124,True
clean,fault,12,6,True,1.4827090160533734,1.2478460499249124,True
clean,fault,12,7,True,1.4540691395984329,1.2478460499249124,True
clean,fault,12,8,True,1.4659048827913128,1.2478460499249124,True
clean,fault,12,9,True,1.4851070851001582,1.2478460499249124,True
clean,fault,12,10,True,1.4928038305529725,1.2478460499249124,True
clean,fault,12,11,True,1.4514267946763693,1.2478460499249124,True
clean,fault,13,0,False,0.4440806483589156,1.2478460499249124,False
clean,fault,13,1,False,0.44137237299428567,1.2478460499249124,False
clean,fault,13,2,False,0.43299982090443995,1.2478460499249124,False
clean,fault,13,3,False,0.42289122955119407,1.2478460499249124,False
clean,fault,13,4,True,1.4975701794777279,1.2478460499249124,True
clean,fault,13,5,True,1.4750410740113322,1.2478460499249124,True
clean,fault,13,6,True,1.478339040859475,1.2478460499249124,True
clean,fault,13,7,True,1.4514267946763693,1.2478460499249124,True
clean,fault,13,8,True,1.4540691395984329,1.2478460499249124,True
clean,fault,13,9,True,1.4574451687000196,1.2478460499249124,True
clean,fault,13,10,True,1.4574451687000196,1.2478460499249124,True
clean,fault,13,11,True,1.478339040859475,1.2478460499249124,True
clean,fault,14,0,False,0.42289122955119407,1.2478460499249124,False
clean,fault,14,1,False,0.43479050465710467,1.2478460499249124,False
clean,fault,14,2,False,0.4118200420349834,1.2478460499249124,False
clean,fault,14,3,False,0.43479050465710467,1.2478460499249124,False
clean,fault,14,4,True,1.4813751609596044,1.2478460499249124,True
clean,fault,14,5,True,1.4372911485931987,1.2478460499249124,True
clean,fault,14,6,True,1.5186095203061785,1.2478460499249124,True
clean,fault,14,7,True,1.4594624213439507,1.2478460499249124,True
clean,fault,14,8,True,1.4851070851001582,1.2478460499249124,True
clean,fault,14,9,True,1.4548715568877162,1.2478460499249124,True
clean,fault,14,10,True,1.5088027963120083,1.2478460499249124,True
clean,fault,14,11,True,1.50515813041417,1.2478460499249124,True
clean,fault,15,0,False,0.4210905718684264,1.2478460499249124,False
clean,fault,15,1,False,0.45258402830050887,1.2478460499249124,False
clean,fault,15,2,False,0.42143492035248303,1.2478460499249124,False
clean,fault,15,3,False,0.4504092138653454,1.2478460499249124,False
clean,fault,15,4,True,1.485587318893021,1.2478460499249124,True
clean,fault,15,5,True,1.4851070851001582,1.2478460499249124,True
clean,fault,15,6,True,1.4916483189333423,1.2478460499249124,True
clean,fault,15,7,True,1.4570466972792837,1.2478460499249124,True
clean,fault,15,8,True,1.4557554582113614,1.2478460499249124,True
clean,fault,15,9,True,1.50515813041417,1.2478460499249124,True
clean,fault,15,10,True,1.4951237947747602,1.2478460499249124,True
clean,fault,15,11,True,1.484890394334843,1.2478460499249124,True
clean,fault,16,0,False,0.4369696423156646,1.2478460499249124,False
clean,fault,16,1,False,0.4199350949336131,1.2478460499249124,False
clean,fault,16,2,False,0.45513337949579424,1.2478460499249124,False
clean,fault,16,3,False,0.4307355181323861,1.2478460499249124,False
clean,fault,16,4,True,1.4570466972792837,1.2478460499249124,True
clean,fault,16,5,True,1.4853532814655568,1.2478460499249124,True
clean,fault,16,6,True,1.4827090160533734,1.2478460499249124,True
clean,fault,16,7,True,1.4832450584815462,1.2478460499249124,True
clean,fault,16,8,True,1.4832450584815462,1.2478460499249124,True
clean,fault,16,9,True,1.4749781893561564,1.2478460499249124,True
clean,fault,16,10,True,1.4851070851001582,1.2478460499249124,True
clean,fault,16,11,True,1.4721472604625125,1.2478460499249124,True
clean,fault,17,0,False,0.4153445942181295,1.2478460499249124,False
clean,fault,17,1,False,0.4491864969306982,1.2478460499249124,False
clean,fault,17,2,False,0.4118200420349834,1.2478460499249124,False
clean,fault,17,3,False,0.4369696423156646,1.2478460499249124,False
clean,fault,17,4,True,1.4882073642800961,1.2478460499249124,True
clean,fault,17,5,True,1.4564064981367129,1.2478460499249124,True
clean,fault,17,6,True,1.4672009942878124,1.2478460499249124,True
clean,fault,17,7,True,1.5059528494667405,1.2478460499249124,True
clean,fault,17,8,True,1.4895451814568026,1.2478460499249124,True
clean,fault,17,9,True,1.4602443503741624,1.2478460499249124,True
clean,fault,17,10,True,1.4916435862777957,1.2478460499249124,True
clean,fault,17,11,True,1.4621921219710134,1.2478460499249124,True
clean,fault,18,0,False,0.45070687032212037,1.2478460499249124,False
clean,fault,18,1,False,0.4353758636131287,1.2478460499249124,False
clean,fault,18,2,False,0.44622820471605096,1.2478460499249124,False
clean,fault,18,3,False,0.42198224548455154,1.2478460499249124,False
clean,fault,18,4,True,1.4826929774663469,1.2478460499249124,True
clean,fault,18,5,True,1.4910748886812781,1.2478460499249124,True
clean,fault,18,6,True,1.485587318893021,1.2478460499249124,True
clean,fault,18,7,True,1.4353008145753274,1.2478460499249124,True
clean,fault,18,8,True,1.4670178330982553,1.2478460499249124,True
clean,fault,18,9,True,1.4916483189333423,1.2478460499249124,True
clean,fault,18,10,True,1.5016118170051762,1.2478460499249124,True
clean,fault,18,11,True,1.507047142307549,1.2478460499249124,True
clean,fault,19,0,False,0.41223748856836134,1.2478460499249124,False
clean,fault,19,1,False,0.42045355798060285,1.2478460499249124,False
clean,fault,19,2,False,0.42045355798060285,1.2478460499249124,False
clean,fault,19,3,False,0.45070687032212037,1.2478460499249124,False
clean,fault,19,4,True,1.4749781893561564,1.2478460499249124,True
clean,fault,19,5,True,1.4472861815892504,1.2478460499249124,True
clean,fault,19,6,True,1.4621921219710134,1.2478460499249124,True
clean,fault,19,7,True,1.4438477603946487,1.2478460499249124,True
clean,fault,19,8,True,1.4630409239740434,1.2478460499249124,True
clean,fault,19,9,True,1.4514022589667674,1.2478460499249124,True
clean,fault,19,10,True,1.4738602811979897,1.2478460499249124,True
clean,fault,19,11,True,1.4792616381412702,1.2478460499249124,True
clean,fault,20,0,False,0.4443567024579231,1.2478460499249124,False
clean,fault,20,1,False,0.4502639308128041,1.2478460499249124,False
clean,fault,20,2,False,0.4153445942181295,1.2478460499249124,False
clean,fault,20,3,False,0.4493073958510742,1.2478460499249124,False
clean,fault,20,4,True,1.4413103312324536,1.2478460499249124,True
clean,fault,20,5,True,1.5285699630628107,1.2478460499249124,True
clean,fault,20,6,True,1.51392837659643,1.2478460499249124,True
clean,fault,20,7,True,1.4975701794777279,1.2478460499249124,True
clean,fault,20,8,True,1.4790685096618694,1.2478460499249124,True
clean,fault,20,9,True,1.5016118170051762,1.2478460499249124,True
clean,fault,20,10,True,1.5032039650569269,1.2478460499249124,True
clean,fault,20,11,True,1.4902416684496531,1.2478460499249124,True
combined,healthy,1,0,False,1.0080621922900774,1.2478460499249124,False
combined,healthy,1,1,False,0.7673954850155705,1.2478460499249124,False
combined,healthy,1,2,False,1.5777335450437735,1.2478460499249124,True
combined,healthy,1,3,False,1.5711113184794596,1.2478460499249124,True
combined,healthy,1,4,False,0.8802713712151705,1.2478460499249124,False
combined,healthy,1,5,False,1.342949673047195,1.2478460499249124,True
combined,healthy,1,6,False,0.764620254752017,1.2478460499249124,False
combined,healthy,1,7,False,0.7765492834959387,1.2478460499249124,False
combined,healthy,1,8,False,1.1968899380007545,1.2478460499249124,False
combined,healthy,1,9,False,1.2621125088713896,1.2478460499249124,True
combined,healthy,1,10,False,0.8619629935835588,1.2478460499249124,False
combined,healthy,1,11,False,0.7016774070346077,1.2478460499249124,False
combined,healthy,2,0,False,0.7774857241412978,1.2478460499249124,False
combined,healthy,2,1,False,1.592836190132309,1.2478460499249124,True
combined,healthy,2,2,False,0.9315085991352321,1.2478460499249124,False
combined,healthy,2,3,False,0.8135182732151021,1.2478460499249124,False
combined,healthy,2,4,False,1.4813709347126398,1.2478460499249124,True
combined,healthy,2,5,False,0.7259232281459435,1.2478460499249124,False
combined,healthy,2,6,False,1.1609024054659545,1.2478460499249124,False
combined,healthy,2,7,False,1.2689017996448235,1.2478460499249124,True
combined,healthy,2,8,False,0.778681371637139,1.2478460499249124,False
combined,healthy,2,9,False,0.9713928835372301,1.2478460499249124,False
combined,healthy,2,10,False,0.9501655644513355,1.2478460499249124,False
combined,healthy,2,11,False,0.9245226738799208,1.2478460499249124,False
combined,healthy,3,0,False,0.7424630760156143,1.2478460499249124,False
combined,healthy,3,1,False,1.3068070209887024,1.2478460499249124,True
combined,healthy,3,2,False,0.778681371637139,1.2478460499249124,False
combined,healthy,3,3,False,1.4700616482586546,1.2478460499249124,True
combined,healthy,3,4,False,1.4347715604022768,1.2478460499249124,True
combined,healthy,3,5,False,0.778681371637139,1.2478460499249124,False
combined,healthy,3,6,False,1.1098244884054158,1.2478460499249124,False
combined,healthy,3,7,False,1.2903416092060906,1.2478460499249124,True
combined,healthy,3,8,False,1.5247030765406602,1.2478460499249124,True
combined,healthy,3,9,False,1.342949673047195,1.2478460499249124,True
combined,healthy,3,10,False,0.9195351337878309,1.2478460499249124,False
combined,healthy,3,11,False,1.3422488869524631,1.2478460499249124,True
combined,healthy,4,0,False,1.0377936329127988,1.2478460499249124,False
combined,healthy,4,1,False,1.2689017996448235,1.2478460499249124,True
combined,healthy,4,2,False,0.8619629935835588,1.2478460499249124,False
combined,healthy,4,3,False,0.764620254752017,1.2478460499249124,False
combined,healthy,4,4,False,0.926174476401242,1.2478460499249124,False
combined,healthy,4,5,False,0.926174476401242,1.2478460499249124,False
combined,healthy,4,6,False,0.8094243548730239,1.2478460499249124,False
combined,healthy,4,7,False,1.3141811039625149,1.2478460499249124,True
combined,healthy,4,8,False,0.710088472219063,1.2478460499249124,False
combined,healthy,4,9,False,0.9334413325236625,1.2478460499249124,False
combined,healthy,4,10,False,1.3422488869524631,1.2478460499249124,True
combined,healthy,4,11,False,1.03818008060326,1.2478460499249124,False
combined,healthy,5,0,False,1.5711113184794596,1.2478460499249124,True
combined,healthy,5,1,False,0.7765492834959387,1.2478460499249124,False
combined,healthy,5,2,False,1.4813709347126398,1.2478460499249124,True
combined,healthy,5,3,False,0.8280883959454306,1.2478460499249124,False
combined,healthy,5,4,False,0.8169536597471383,1.2478460499249124,False
combined,healthy,5,5,False,0.7136796580058812,1.2478460499249124,False
combined,healthy,5,6,False,1.4247751386240648,1.2478460499249124,True
combined,healthy,5,7,False,1.3991639591215168,1.2478460499249124,True
combined,healthy,5,8,False,1.0020118426368685,1.2478460499249124,False
combined,healthy,5,9,False,0.9360405089348378,1.2478460499249124,False
combined,healthy,5,10,False,1.0920770829821298,1.2478460499249124,False
combined,healthy,5,11,False,0.783912935213,1.2478460499249124,False
combined,healthy,6,0,False,0.8169536597471383,1.2478460499249124,False
combined,healthy,6,1,False,1.4120095794057872,1.2478460499249124,True
combined,healthy,6,2,False,1.4813709347126398,1.2478460499249124,True
combined,healthy,6,3,False,0.927532530564878,1.2478460499249124,False
combined,healthy,6,4,False,1.021221737791043,1.2478460499249124,False
combined,healthy,6,5,False,1.5614297671865371,1.2478460499249124,True
combined,healthy,6,6,False,0.8155092687495711,1.2478460499249124,False
combined,healthy,6,7,False,0.926174476401242,1.2478460499249124,False
combined,healthy,6,8,False,0.927532530564878,1.2478460499249124,False
combined,healthy,6,9,False,1.4785905048648484,1.2478460499249124,True
combined,healthy,6,10,False,0.8975356961300782,1.2478460499249124,False
combined,healthy,6,11,False,0.9468138615801207,1.2478460499249124,False
combined,healthy,7,0,False,0.9718322150758286,1.2478460499249124,False
combined,healthy,7,1,False,1.4347715604022768,1.2478460499249124,True
combined,healthy,7,2,False,1.342949673047195,1.2478460499249124,True
combined,healthy,7,3,False,1.2281938316961871,1.2478460499249124,False
combined,healthy,7,4,False,0.8575806226596572,1.2478460499249124,False
combined,healthy,7,5,False,1.0377936329127988,1.2478460499249124,False
combined,healthy,7,6,False,0.927532530564878,1.2478460499249124,False
combined,healthy,7,7,False,0.8254260156671135,1.2478460499249124,False
combined,healthy,7,8,False,0.8619629935835588,1.2478460499249124,False
combined,healthy,7,9,False,0.9218788009141642,1.2478460499249124,False
combined,healthy,7,10,False,1.3422488869524631,1.2478460499249124,True
combined,healthy,7,11,False,1.1743228733823852,1.2478460499249124,False
combined,healthy,8,0,False,0.927532530564878,1.2478460499249124,False
combined,healthy,8,1,False,1.4700616482586546,1.2478460499249124,True
combined,healthy,8,2,False,1.247738786380656,1.2478460499249124,False
combined,healthy,8,3,False,1.0443010851132388,1.2478460499249124,False
combined,healthy,8,4,False,0.8155092687495711,1.2478460499249124,False
combined,healthy,8,5,False,0.8280883959454306,1.2478460499249124,False
combined,healthy,8,6,False,1.1100142895097693,1.2478460499249124,False
combined,healthy,8,7,False,1.03818008060326,1.2478460499249124,False
combined,healthy,8,8,False,0.7259232281459435,1.2478460499249124,False
combined,healthy,8,9,False,1.2766544051215756,1.2478460499249124,True
combined,healthy,8,10,False,0.7932076596768511,1.2478460499249124,False
combined,healthy,8,11,False,0.7673954850155705,1.2478460499249124,False
combined,healthy,9,0,False,0.6862210444694974,1.2478460499249124,False
combined,healthy,9,1,False,1.1968899380007545,1.2478460499249124,False
combined,healthy,9,2,False,1.1743228733823852,1.2478460499249124,False
combined,healthy,9,3,False,1.1609024054659545,1.2478460499249124,False
combined,healthy,9,4,False,1.5711113184794596,1.2478460499249124,True
combined,healthy,9,5,False,1.4887008596667937,1.2478460499249124,True
combined,healthy,9,6,False,1.2903416092060906,1.2478460499249124,True
combined,healthy,9,7,False,1.03818008060326,1.2478460499249124,False
combined,healthy,9,8,False,1.075158424689808,1.2478460499249124,False
combined,healthy,9,9,False,1.3187946546254015,1.2478460499249124,True
combined,healthy,9,10,False,1.0279076496471409,1.2478460499249124,False
combined,healthy,9,11,False,1.1006990676483683,1.2478460499249124,False
combined,healthy,10,0,False,0.7134293183800308,1.2478460499249124,False
combined,healthy,10,1,False,0.7583497280778405,1.2478460499249124,False
combined,healthy,10,2,False,1.4120095794057872,1.2478460499249124,True
combined,healthy,10,3,False,0.9229264197210546,1.2478460499249124,False
combined,healthy,10,4,False,1.2281938316961871,1.2478460499249124,False
combined,healthy,10,5,False,0.7134293183800308,1.2478460499249124,False
combined,healthy,10,6,False,1.4497381903219122,1.2478460499249124,True
combined,healthy,10,7,False,1.5373690951495094,1.2478460499249124,True
combined,healthy,10,8,False,0.9334413325236625,1.2478460499249124,False
combined,healthy,10,9,False,1.5331426909098425,1.2478460499249124,True
combined,healthy,10,10,False,0.8254260156671135,1.2478460499249124,False
combined,healthy,10,11,False,1.3991639591215168,1.2478460499249124,True
combined,healthy,11,0,False,1.4247751386240648,1.2478460499249124,True
combined,healthy,11,1,False,1.4785905048648484,1.2478460499249124,True
combined,healthy,11,2,False,1.5711113184794596,1.2478460499249124,True
combined,healthy,11,3,False,0.710088472219063,1.2478460499249124,False
combined,healthy,11,4,False,0.778681371637139,1.2478460499249124,False
combined,healthy,11,5,False,1.4002516702628114,1.2478460499249124,True
combined,healthy,11,6,False,0.8329750939088619,1.2478460499249124,False
combined,healthy,11,7,False,1.249884057265786,1.2478460499249124,True
combined,healthy,11,8,False,1.1098244884054158,1.2478460499249124,False
combined,healthy,11,9,False,0.7583497280778405,1.2478460499249124,False
combined,healthy,11,10,False,1.4785905048648484,1.2478460499249124,True
combined,healthy,11,11,False,0.8451614102311458,1.2478460499249124,False
combined,healthy,12,0,False,1.3412198093618946,1.2478460499249124,True
combined,healthy,12,1,False,1.0920770829821298,1.2478460499249124,False
combined,healthy,12,2,False,1.075158424689808,1.2478460499249124,False
combined,healthy,12,3,False,0.9158438178987055,1.2478460499249124,False
combined,healthy,12,4,False,0.8135182732151021,1.2478460499249124,False
combined,healthy,12,5,False,1.249884057265786,1.2478460499249124,True
combined,healthy,12,6,False,1.021221737791043,1.2478460499249124,False
combined,healthy,12,7,False,1.0920770829821298,1.2478460499249124,False
combined,healthy,12,8,False,1.212015217874602,1.2478460499249124,False
combined,healthy,12,9,False,0.8094243548730239,1.2478460499249124,False
combined,healthy,12,10,False,0.8619629935835588,1.2478460499249124,False
combined,healthy,12,11,False,1.2766544051215756,1.2478460499249124,True
combined,healthy,13,0,False,0.8135182732151021,1.2478460499249124,False
combined,healthy,13,1,False,1.2903416092060906,1.2478460499249124,True
combined,healthy,13,2,False,0.764620254752017,1.2478460499249124,False
combined,healthy,13,3,False,0.9718322150758286,1.2478460499249124,False
combined,healthy,13,4,False,0.864218283161226,1.2478460499249124,False
combined,healthy,13,5,False,0.6862210444694974,1.2478460499249124,False
combined,healthy,13,6,False,0.6862210444694974,1.2478460499249124,False
combined,healthy,13,7,False,1.1609024054659545,1.2478460499249124,False
combined,healthy,13,8,False,1.3412198093618946,1.2478460499249124,True
combined,healthy,13,9,False,1.2621125088713896,1.2478460499249124,True
combined,healthy,13,10,False,0.8498374882168017,1.2478460499249124,False
combined,healthy,13,11,False,0.8183284185961427,1.2478460499249124,False
combined,healthy,14,0,False,0.8619629935835588,1.2478460499249124,False
combined,healthy,14,1,False,1.4887008596667937,1.2478460499249124,True
combined,healthy,14,2,False,0.764620254752017,1.2478460499249124,False
combined,healthy,14,3,False,0.9461261992625505,1.2478460499249124,False
combined,healthy,14,4,False,0.8183284185961427,1.2478460499249124,False
combined,healthy,14,5,False,1.2689017996448235,1.2478460499249124,True
combined,healthy,14,6,False,0.7016774070346077,1.2478460499249124,False
combined,healthy,14,7,False,1.0080621922900774,1.2478460499249124,False
combined,healthy,14,8,False,0.8619629935835588,1.2478460499249124,False
combined,healthy,14,9,False,1.342949673047195,1.2478460499249124,True
combined,healthy,14,10,False,0.7259651170375656,1.2478460499249124,False
combined,healthy,14,11,False,1.4497381903219122,1.2478460499249124,True
combined,healthy,15,0,False,1.1078865295244482,1.2478460499249124,False
combined,healthy,15,1,False,1.0443010851132388,1.2478460499249124,False
combined,healthy,15,2,False,1.342949673047195,1.2478460499249124,True
combined,healthy,15,3,False,1.4497381903219122,1.2478460499249124,True
combined,healthy,15,4,False,1.0377936329127988,1.2478460499249124,False
combined,healthy,15,5,False,0.7259651170375656,1.2478460499249124,False
combined,healthy,15,6,False,0.9042757023711597,1.2478460499249124,False
combined,healthy,15,7,False,1.3422488869524631,1.2478460499249124,True
combined,healthy,15,8,False,1.592836190132309,1.2478460499249124,True
combined,healthy,15,9,False,1.152484129688674,1.2478460499249124,False
combined,healthy,15,10,False,1.592836190132309,1.2478460499249124,True
combined,healthy,15,11,False,1.1791559478874731,1.2478460499249124,False
combined,healthy,16,0,False,1.2903416092060906,1.2478460499249124,True
combined,healthy,16,1,False,0.8613974874288661,1.2478460499249124,False
combined,healthy,16,2,False,1.2903416092060906,1.2478460499249124,True
combined,healthy,16,3,False,0.8183284185961427,1.2478460499249124,False
combined,healthy,16,4,False,0.6862210444694974,1.2478460499249124,False
combined,healthy,16,5,False,1.4002516702628114,1.2478460499249124,True
combined,healthy,16,6,False,0.9360405089348378,1.2478460499249124,False
combined,healthy,16,7,False,0.9158438178987055,1.2478460499249124,False
combined,healthy,16,8,False,1.152484129688674,1.2478460499249124,False
combined,healthy,16,9,False,1.0020118426368685,1.2478460499249124,False
combined,healthy,16,10,False,0.764620254752017,1.2478460499249124,False
combined,healthy,16,11,False,1.3141811039625149,1.2478460499249124,True
combined,healthy,17,0,False,1.4062034624786608,1.2478460499249124,True
combined,healthy,17,1,False,1.0279076496471409,1.2478460499249124,False
combined,healthy,17,2,False,1.2426109909027327,1.2478460499249124,False
combined,healthy,17,3,False,0.9360405089348378,1.2478460499249124,False
combined,healthy,17,4,False,0.8802713712151705,1.2478460499249124,False
combined,healthy,17,5,False,1.3187946546254015,1.2478460499249124,True
combined,healthy,17,6,False,1.0080621922900774,1.2478460499249124,False
combined,healthy,17,7,False,0.9158438178987055,1.2478460499249124,False
combined,healthy,17,8,False,1.1609024054659545,1.2478460499249124,False
combined,healthy,17,9,False,0.9461261992625505,1.2478460499249124,False
combined,healthy,17,10,False,0.6875828516915945,1.2478460499249124,False
combined,healthy,17,11,False,1.0284805659414504,1.2478460499249124,False
combined,healthy,18,0,False,1.0377936329127988,1.2478460499249124,False
combined,healthy,18,1,False,1.0279076496471409,1.2478460499249124,False
combined,healthy,18,2,False,1.4347715604022768,1.2478460499249124,True
combined,healthy,18,3,False,1.1609024054659545,1.2478460499249124,False
combined,healthy,18,4,False,0.8094243548730239,1.2478460499249124,False
combined,healthy,18,5,False,1.1743228733823852,1.2478460499249124,False
combined,healthy,18,6,False,1.1078865295244482,1.2478460499249124,False
combined,healthy,18,7,False,1.2621125088713896,1.2478460499249124,True
combined,healthy,18,8,False,0.8155092687495711,1.2478460499249124,False
combined,healthy,18,9,False,1.212015217874602,1.2478460499249124,False
combined,healthy,18,10,False,0.8280883959454306,1.2478460499249124,False
combined,healthy,18,11,False,1.2281938316961871,1.2478460499249124,False
combined,healthy,19,0,False,0.9195351337878309,1.2478460499249124,False
combined,healthy,19,1,False,1.0920770829821298,1.2478460499249124,False
combined,healthy,19,2,False,1.4524640307351226,1.2478460499249124,True
combined,healthy,19,3,False,1.1098244884054158,1.2478460499249124,False
combined,healthy,19,4,False,1.4497381903219122,1.2478460499249124,True
combined,healthy,19,5,False,0.9195351337878309,1.2478460499249124,False
combined,healthy,19,6,False,0.9501655644513355,1.2478460499249124,False
combined,healthy,19,7,False,1.0284805659414504,1.2478460499249124,False
combined,healthy,19,8,False,0.9718322150758286,1.2478460499249124,False
combined,healthy,19,9,False,1.1600324674561524,1.2478460499249124,False
combined,healthy,19,10,False,0.7259232281459435,1.2478460499249124,False
combined,healthy,19,11,False,0.9461261992625505,1.2478460499249124,False
combined,healthy,20,0,False,0.925246232370407,1.2478460499249124,False
combined,healthy,20,1,False,1.1098244884054158,1.2478460499249124,False
combined,healthy,20,2,False,0.7464708715983202,1.2478460499249124,False
combined,healthy,20,3,False,1.1968899380007545,1.2478460499249124,False
combined,healthy,20,4,False,0.8169536597471383,1.2478460499249124,False
combined,healthy,20,5,False,1.3991639591215168,1.2478460499249124,True
combined,healthy,20,6,False,0.7583497280778405,1.2478460499249124,False
combined,healthy,20,7,False,0.783912935213,1.2478460499249124,False
combined,healthy,20,8,False,1.2426109909027327,1.2478460499249124,False
combined,healthy,20,9,False,0.710088472219063,1.2478460499249124,False
combined,healthy,20,10,False,0.752344415195734,1.2478460499249124,False
combined,healthy,20,11,False,0.9751856241104889,1.2478460499249124,False
combined,fault,1,0,False,0.778681371637139,1.2478460499249124,False
combined,fault,1,1,False,1.2359422472931778,1.2478460499249124,False
combined,fault,1,2,False,0.7016774070346077,1.2478460499249124,False
combined,fault,1,3,False,0.8280883959454306,1.2478460499249124,False
combined,fault,1,4,True,1.7091414129096798,1.2478460499249124,True
combined,fault,1,5,True,1.782661357854268,1.2478460499249124,True
combined,fault,1,6,True,1.6312031413374655,1.2478460499249124,True
combined,fault,1,7,True,1.8213018627109494,1.2478460499249124,True
combined,fault,1,8,True,1.7296997804010548,1.2478460499249124,True
combined,fault,1,9,True,1.8770007165470342,1.2478460499249124,True
combined,fault,1,10,True,1.7050942369550524,1.2478460499249124,True
combined,fault,1,11,True,1.5940183527723475,1.2478460499249124,True
combined,fault,2,0,False,1.3141811039625149,1.2478460499249124,True
combined,fault,2,1,False,0.8575806226596572,1.2478460499249124,False
combined,fault,2,2,False,0.864218283161226,1.2478460499249124,False
combined,fault,2,3,False,0.8183284185961427,1.2478460499249124,False
combined,fault,2,4,True,1.7632947606047153,1.2478460499249124,True
combined,fault,2,5,True,1.704043709522625,1.2478460499249124,True
combined,fault,2,6,True,1.696293501056073,1.2478460499249124,True
combined,fault,2,7,True,1.5896650524425517,1.2478460499249124,True
combined,fault,2,8,True,1.5845963077351666,1.2478460499249124,True
combined,fault,2,9,True,1.6914233823416815,1.2478460499249124,True
combined,fault,2,10,True,1.652769780656522,1.2478460499249124,True
combined,fault,2,11,True,1.6043140536513334,1.2478460499249124,True
combined,fault,3,0,False,1.4887008596667937,1.2478460499249124,True
combined,fault,3,1,False,0.7548586556021305,1.2478460499249124,False
combined,fault,3,2,False,0.7134293183800308,1.2478460499249124,False
combined,fault,3,3,False,0.8802713712151705,1.2478460499249124,False
combined,fault,3,4,True,1.696293501056073,1.2478460499249124,True
combined,fault,3,5,True,1.526045598372066,1.2478460499249124,True
combined,fault,3,6,True,1.7953651576134453,1.2478460499249124,True
combined,fault,3,7,True,1.6935917138244272,1.2478460499249124,True
combined,fault,3,8,True,1.6804742379839046,1.2478460499249124,True
combined,fault,3,9,True,1.7194241560339911,1.2478460499249124,True
combined,fault,3,10,True,1.512745508707471,1.2478460499249124,True
combined,fault,3,11,True,1.7178225880777798,1.2478460499249124,True
combined,fault,4,0,False,0.9461261992625505,1.2478460499249124,False
combined,fault,4,1,False,1.1100142895097693,1.2478460499249124,False
combined,fault,4,2,False,0.7037513090294678,1.2478460499249124,False
combined,fault,4,3,False,0.840747200449113,1.2478460499249124,False
combined,fault,4,4,True,1.5249721491259527,1.2478460499249124,True
combined,fault,4,5,True,1.7874212505785576,1.2478460499249124,True
combined,fault,4,6,True,1.6804742379839046,1.2478460499249124,True
combined,fault,4,7,True,1.6970343216779922,1.2478460499249124,True
combined,fault,4,8,True,1.7050942369550524,1.2478460499249124,True
combined,fault,4,9,True,1.8959220374097852,1.2478460499249124,True
combined,fault,4,10,True,1.7075126951385085,1.2478460499249124,True
combined,fault,4,11,True,1.5930453604237884,1.2478460499249124,True
combined,fault,5,0,False,1.5331426909098425,1.2478460499249124,True
combined,fault,5,1,False,0.925246232370407,1.2478460499249124,False
combined,fault,5,2,False,1.5711113184794596,1.2478460499249124,True
combined,fault,5,3,False,0.7134293183800308,1.2478460499249124,False
combined,fault,5,4,True,1.5891132140017137,1.2478460499249124,True
combined,fault,5,5,True,1.4885660522044475,1.2478460499249124,True
combined,fault,5,6,True,1.8641187975864966,1.2478460499249124,True
combined,fault,5,7,True,1.7091414129096798,1.2478460499249124,True
combined,fault,5,8,True,1.5658039762062554,1.2478460499249124,True
combined,fault,5,9,True,1.6291621466032766,1.2478460499249124,True
combined,fault,5,10,True,1.6291621466032766,1.2478460499249124,True
combined,fault,5,11,True,1.4777825286763508,1.2478460499249124,True
combined,fault,6,0,False,0.975815068394754,1.2478460499249124,False
combined,fault,6,1,False,0.9360405089348378,1.2478460499249124,False
combined,fault,6,2,False,0.8451614102311458,1.2478460499249124,False
combined,fault,6,3,False,1.3141811039625149,1.2478460499249124,True
combined,fault,6,4,True,1.7442866639421528,1.2478460499249124,True
combined,fault,6,5,True,1.557260041472808,1.2478460499249124,True
combined,fault,6,6,True,1.6291621466032766,1.2478460499249124,True
combined,fault,6,7,True,1.6478910377963967,1.2478460499249124,True
combined,fault,6,8,True,1.4777825286763508,1.2478460499249124,True
combined,fault,6,9,True,1.4429702434543203,1.2478460499249124,True
combined,fault,6,10,True,1.588668993427333,1.2478460499249124,True
combined,fault,6,11,True,1.7953651576134453,1.2478460499249124,True
combined,fault,7,0,False,1.1968899380007545,1.2478460499249124,False
combined,fault,7,1,False,0.6875828516915945,1.2478460499249124,False
combined,fault,7,2,False,1.4813709347126398,1.2478460499249124,True
combined,fault,7,3,False,0.9751856241104889,1.2478460499249124,False
combined,fault,7,4,True,1.6935917138244272,1.2478460499249124,True
combined,fault,7,5,True,1.5183732368083624,1.2478460499249124,True
combined,fault,7,6,True,1.612493068096647,1.2478460499249124,True
combined,fault,7,7,True,1.512745508707471,1.2478460499249124,True
combined,fault,7,8,True,1.6391924416722452,1.2478460499249124,True
combined,fault,7,9,True,1.7255402699912141,1.2478460499249124,True
combined,fault,7,10,True,1.6391924416722452,1.2478460499249124,True
combined,fault,7,11,True,1.6391924416722452,1.2478460499249124,True
combined,fault,8,0,False,0.8254260156671135,1.2478460499249124,False
combined,fault,8,1,False,1.075158424689808,1.2478460499249124,False
combined,fault,8,2,False,0.8094243548730239,1.2478460499249124,False
combined,fault,8,3,False,0.6875828516915945,1.2478460499249124,False
combined,fault,8,4,True,1.626111343098207,1.2478460499249124,True
combined,fault,8,5,True,1.8164488194188455,1.2478460499249124,True
combined,fault,8,6,True,1.4429702434543203,1.2478460499249124,True
combined,fault,8,7,True,1.6322939378928139,1.2478460499249124,True
combined,fault,8,8,True,1.7255402699912141,1.2478460499249124,True
combined,fault,8,9,True,1.496287676267722,1.2478460499249124,True
combined,fault,8,10,True,1.684808601683179,1.2478460499249124,True
combined,fault,8,11,True,1.5045135298913344,1.2478460499249124,True
combined,fault,9,0,False,1.4887008596667937,1.2478460499249124,True
combined,fault,9,1,False,1.1600324674561524,1.2478460499249124,False
combined,fault,9,2,False,0.8142880511345155,1.2478460499249124,False
combined,fault,9,3,False,1.2689017996448235,1.2478460499249124,True
combined,fault,9,4,True,1.6391924416722452,1.2478460499249124,True
combined,fault,9,5,True,1.8816458647985055,1.2478460499249124,True
combined,fault,9,6,True,1.4637980476395436,1.2478460499249124,True
combined,fault,9,7,True,1.5456305482740558,1.2478460499249124,True
combined,fault,9,8,True,1.5872969493469027,1.2478460499249124,True
combined,fault,9,9,True,1.667162401940726,1.2478460499249124,True
combined,fault,9,10,True,1.5790165628471482,1.2478460499249124,True
combined,fault,9,11,True,1.667162401940726,1.2478460499249124,True
combined,fault,10,0,False,0.7249008887674576,1.2478460499249124,False
combined,fault,10,1,False,1.1743228733823852,1.2478460499249124,False
combined,fault,10,2,False,1.3412198093618946,1.2478460499249124,True
combined,fault,10,3,False,0.7136796580058812,1.2478460499249124,False
combined,fault,10,4,True,1.5866980039228495,1.2478460499249124,True
combined,fault,10,5,True,1.5896650524425517,1.2478460499249124,True
combined,fault,10,6,True,1.4777825286763508,1.2478460499249124,True
combined,fault,10,7,True,1.6231617395227222,1.2478460499249124,True
combined,fault,10,8,True,1.6687826092057982,1.2478460499249124,True
combined,fault,10,9,True,1.4676037918447096,1.2478460499249124,True
combined,fault,10,10,True,1.4885660522044475,1.2478460499249124,True
combined,fault,10,11,True,1.6243576407663,1.2478460499249124,True
combined,fault,11,0,False,0.9360405089348378,1.2478460499249124,False
combined,fault,11,1,False,0.7464708715983202,1.2478460499249124,False
combined,fault,11,2,False,1.4813709347126398,1.2478460499249124,True
combined,fault,11,3,False,0.9751856241104889,1.2478460499249124,False
combined,fault,11,4,True,1.6587552313898195,1.2478460499249124,True
combined,fault,11,5,True,1.4429702434543203,1.2478460499249124,True
combined,fault,11,6,True,1.5886638621431997,1.2478460499249124,True
combined,fault,11,7,True,1.8816458647985055,1.2478460499249124,True
combined,fault,11,8,True,1.5042402677487248,1.2478460499249124,True
combined,fault,11,9,True,1.5790165628471482,1.2478460499249124,True
combined,fault,11,10,True,1.704043709522625,1.2478460499249124,True
combined,fault,11,11,True,1.466685024692317,1.2478460499249124,True
combined,fault,12,0,False,0.926174476401242,1.2478460499249124,False
combined,fault,12,1,False,1.4002516702628114,1.2478460499249124,True
combined,fault,12,2,False,0.8575806226596572,1.2478460499249124,False
combined,fault,12,3,False,0.864218283161226,1.2478460499249124,False
combined,fault,12,4,True,1.7255402699912141,1.2478460499249124,True
combined,fault,12,5,True,1.7770626957401456,1.2478460499249124,True
combined,fault,12,6,True,1.5042402677487248,1.2478460499249124,True
combined,fault,12,7,True,1.5658039762062554,1.2478460499249124,True
combined,fault,12,8,True,1.7194241560339911,1.2478460499249124,True
combined,fault,12,9,True,1.6076493519659287,1.2478460499249124,True
combined,fault,12,10,True,1.8164488194188455,1.2478460499249124,True
combined,fault,12,11,True,1.696293501056073,1.2478460499249124,True
combined,fault,13,0,False,0.926174476401242,1.2478460499249124,False
combined,fault,13,1,False,1.5247030765406602,1.2478460499249124,True
combined,fault,13,2,False,1.1006990676483683,1.2478460499249124,False
combined,fault,13,3,False,0.8254260156671135,1.2478460499249124,False
combined,fault,13,4,True,1.530932948253637,1.2478460499249124,True
combined,fault,13,5,True,1.5790165628471482,1.2478460499249124,True
combined,fault,13,6,True,1.6015231279701845,1.2478460499249124,True
combined,fault,13,7,True,1.647000921810774,1.2478460499249124,True
combined,fault,13,8,True,1.8635750042140269,1.2478460499249124,True
combined,fault,13,9,True,1.5940183527723475,1.2478460499249124,True
combined,fault,13,10,True,1.7146636354689295,1.2478460499249124,True
combined,fault,13,11,True,1.7087354796536418,1.2478460499249124,True
combined,fault,14,0,False,1.5373690951495094,1.2478460499249124,True
combined,fault,14,1,False,0.8802713712151705,1.2478460499249124,False
combined,fault,14,2,False,0.8329750939088619,1.2478460499249124,False
combined,fault,14,3,False,1.5711113184794596,1.2478460499249124,True
combined,fault,14,4,True,1.8164488194188455,1.2478460499249124,True
combined,fault,14,5,True,1.7194241560339911,1.2478460499249124,True
combined,fault,14,6,True,1.8452855535633388,1.2478460499249124,True
combined,fault,14,7,True,1.7874212505785576,1.2478460499249124,True
combined,fault,14,8,True,1.5845963077351666,1.2478460499249124,True
combined,fault,14,9,True,1.696293501056073,1.2478460499249124,True
combined,fault,14,10,True,1.748180620001442,1.2478460499249124,True
combined,fault,14,11,True,1.7034135906405559,1.2478460499249124,True
combined,fault,15,0,False,1.247738786380656,1.2478460499249124,False
combined,fault,15,1,False,1.212015217874602,1.2478460499249124,False
combined,fault,15,2,False,0.7136796580058812,1.2478460499249124,False
combined,fault,15,3,False,0.7259232281459435,1.2478460499249124,False
combined,fault,15,4,True,1.6391924416722452,1.2478460499249124,True
combined,fault,15,5,True,1.6991107724309595,1.2478460499249124,True
combined,fault,15,6,True,1.5866980039228495,1.2478460499249124,True
combined,fault,15,7,True,1.5693668237621774,1.2478460499249124,True
combined,fault,15,8,True,1.7296997804010548,1.2478460499249124,True
combined,fault,15,9,True,1.7232042746432266,1.2478460499249124,True
combined,fault,15,10,True,1.72071621589553,1.2478460499249124,True
combined,fault,15,11,True,1.8959220374097852,1.2478460499249124,True
combined,fault,16,0,False,1.0911548238229627,1.2478460499249124,False
combined,fault,16,1,False,0.7136796580058812,1.2478460499249124,False
combined,fault,16,2,False,1.0377936329127988,1.2478460499249124,False
combined,fault,16,3,False,0.7037513090294678,1.2478460499249124,False
combined,fault,16,4,True,1.6291621466032766,1.2478460499249124,True
combined,fault,16,5,True,1.7442866639421528,1.2478460499249124,True
combined,fault,16,6,True,1.5930453604237884,1.2478460499249124,True
combined,fault,16,7,True,1.7146636354689295,1.2478460499249124,True
combined,fault,16,8,True,1.628147004062609,1.2478460499249124,True
combined,fault,16,9,True,1.782661357854268,1.2478460499249124,True
combined,fault,16,10,True,1.6043140536513334,1.2478460499249124,True
combined,fault,16,11,True,1.5693668237621774,1.2478460499249124,True
combined,fault,17,0,False,1.2621125088713896,1.2478460499249124,True
combined,fault,17,1,False,0.975815068394754,1.2478460499249124,False
combined,fault,17,2,False,0.9158438178987055,1.2478460499249124,False
combined,fault,17,3,False,1.3412198093618946,1.2478460499249124,True
combined,fault,17,4,True,1.7087354796536418,1.2478460499249124,True
combined,fault,17,5,True,1.6019430625580253,1.2478460499249124,True
combined,fault,17,6,True,1.4777825286763508,1.2478460499249124,True
combined,fault,17,7,True,1.6446775613547118,1.2478460499249124,True
combined,fault,17,8,True,1.466685024692317,1.2478460499249124,True
combined,fault,17,9,True,1.512745508707471,1.2478460499249124,True
combined,fault,17,10,True,1.6587552313898195,1.2478460499249124,True
combined,fault,17,11,True,1.667162401940726,1.2478460499249124,True
combined,fault,18,0,False,1.0552441422047536,1.2478460499249124,False
combined,fault,18,1,False,0.8155092687495711,1.2478460499249124,False
combined,fault,18,2,False,0.7136796580058812,1.2478460499249124,False
combined,fault,18,3,False,0.9315085991352321,1.2478460499249124,False
combined,fault,18,4,True,1.696293501056073,1.2478460499249124,True
combined,fault,18,5,True,1.782661357854268,1.2478460499249124,True
combined,fault,18,6,True,1.5845963077351666,1.2478460499249124,True
combined,fault,18,7,True,1.7087354796536418,1.2478460499249124,True
combined,fault,18,8,True,1.7194241560339911,1.2478460499249124,True
combined,fault,18,9,True,1.7559522771023839,1.2478460499249124,True
combined,fault,18,10,True,1.7874212505785576,1.2478460499249124,True
combined,fault,18,11,True,1.8635750042140269,1.2478460499249124,True
combined,fault,19,0,False,0.8254260156671135,1.2478460499249124,False
combined,fault,19,1,False,0.9245226738799208,1.2478460499249124,False
combined,fault,19,2,False,1.4002516702628114,1.2478460499249124,True
combined,fault,19,3,False,1.2903416092060906,1.2478460499249124,True
combined,fault,19,4,True,1.6914233823416815,1.2478460499249124,True
combined,fault,19,5,True,1.7296997804010548,1.2478460499249124,True
combined,fault,19,6,True,1.6962697992900155,1.2478460499249124,True
combined,fault,19,7,True,1.7258252366141336,1.2478460499249124,True
combined,fault,19,8,True,1.6849413835614042,1.2478460499249124,True
combined,fault,19,9,True,1.7770626957401456,1.2478460499249124,True
combined,fault,19,10,True,1.7034135906405559,1.2478460499249124,True
combined,fault,19,11,True,1.6587552313898195,1.2478460499249124,True
combined,fault,20,0,False,0.7259232281459435,1.2478460499249124,False
combined,fault,20,1,False,1.2359422472931778,1.2478460499249124,False
combined,fault,20,2,False,1.021221737791043,1.2478460499249124,False
combined,fault,20,3,False,0.7583497280778405,1.2478460499249124,False
combined,fault,20,4,True,1.6962697992900155,1.2478460499249124,True
combined,fault,20,5,True,1.6312031413374655,1.2478460499249124,True
combined,fault,20,6,True,1.5650185357602295,1.2478460499249124,True
combined,fault,20,7,True,1.7863601147347383,1.2478460499249124,True
combined,fault,20,8,True,1.6581772023203007,1.2478460499249124,True
combined,fault,20,9,True,1.4429702434543203,1.2478460499249124,True
combined,fault,20,10,True,1.6312031413374655,1.2478460499249124,True
combined,fault,20,11,True,1.557260041472808,1.2478460499249124,True
high_noise,healthy,1,0,False,1.1373666511796083,1.2478460499249124,False
high_noise,healthy,1,1,False,1.1616226804783087,1.2478460499249124,False
high_noise,healthy,1,2,False,1.1478192723150495,1.2478460499249124,False
high_noise,healthy,1,3,False,1.1448489256673593,1.2478460499249124,False
high_noise,healthy,1,4,False,1.1478192723150495,1.2478460499249124,False
high_noise,healthy,1,5,False,1.195979858999655,1.2478460499249124,False
high_noise,healthy,1,6,False,1.079846660098089,1.2478460499249124,False
high_noise,healthy,1,7,False,1.142178852861748,1.2478460499249124,False
high_noise,healthy,1,8,False,1.1585694356728893,1.2478460499249124,False
high_noise,healthy,1,9,False,1.1747552461086042,1.2478460499249124,False
high_noise,healthy,1,10,False,1.1977647880163007,1.2478460499249124,False
high_noise,healthy,1,11,False,1.1616226804783087,1.2478460499249124,False
high_noise,healthy,2,0,False,1.144612547079474,1.2478460499249124,False
high_noise,healthy,2,1,False,1.144612547079474,1.2478460499249124,False
high_noise,healthy,2,2,False,1.15695743570089,1.2478460499249124,False
high_noise,healthy,2,3,False,1.102022746642366,1.2478460499249124,False
high_noise,healthy,2,4,False,1.1553984259811916,1.2478460499249124,False
high_noise,healthy,2,5,False,1.117094185667036,1.2478460499249124,False
high_noise,healthy,2,6,False,1.1977647880163007,1.2478460499249124,False
high_noise,healthy,2,7,False,1.1402071716543718,1.2478460499249124,False
high_noise,healthy,2,8,False,1.1478192723150495,1.2478460499249124,False
high_noise,healthy,2,9,False,1.1434345188249062,1.2478460499249124,False
high_noise,healthy,2,10,False,1.0977773410733511,1.2478460499249124,False
high_noise,healthy,2,11,False,1.1420087400691201,1.2478460499249124,False
high_noise,healthy,3,0,False,1.1553984259811916,1.2478460499249124,False
high_noise,healthy,3,1,False,1.1977647880163007,1.2478460499249124,False
high_noise,healthy,3,2,False,1.142178852861748,1.2478460499249124,False
high_noise,healthy,3,3,False,1.1374029456745647,1.2478460499249124,False
high_noise,healthy,3,4,False,1.149301105092269,1.2478460499249124,False
high_noise,healthy,3,5,False,1.0956954352363393,1.2478460499249124,False
high_noise,healthy,3,6,False,1.213315045673104,1.2478460499249124,False
high_noise,healthy,3,7,False,1.0977773410733511,1.2478460499249124,False
high_noise,healthy,3,8,False,1.1547038809558545,1.2478460499249124,False
high_noise,healthy,3,9,False,1.1312146592060253,1.2478460499249124,False
high_noise,healthy,3,10,False,1.1321586731101299,1.2478460499249124,False
high_noise,healthy,3,11,False,1.111088220836042,1.2478460499249124,False
high_noise,healthy,4,0,False,1.0799636690516663,1.2478460499249124,False
high_noise,healthy,4,1,False,1.102022746642366,1.2478460499249124,False
high_noise,healthy,4,2,False,1.0936455413923116,1.2478460499249124,False
high_noise,healthy,4,3,False,1.1270831103888337,1.2478460499249124,False
high_noise,healthy,4,4,False,1.0973045896864644,1.2478460499249124,False
high_noise,healthy,4,5,False,1.149301105092269,1.2478460499249124,False
high_noise,healthy,4,6,False,1.176106834468965,1.2478460499249124,False
high_noise,healthy,4,7,False,1.1654666010045456,1.2478460499249124,False
high_noise,healthy,4,8,False,1.2081941037662902,1.2478460499249124,False
high_noise,healthy,4,9,False,1.1318070273888077,1.2478460499249124,False
high_noise,healthy,4,10,False,1.1155605924123841,1.2478460499249124,False
high_noise,healthy,4,11,False,1.0977773410733511,1.2478460499249124,False
high_noise,healthy,5,0,False,1.144612547079474,1.2478460499249124,False
high_noise,healthy,5,1,False,1.12583314776136,1.2478460499249124,False
high_noise,healthy,5,2,False,1.047519633508597,1.2478460499249124,False
high_noise,healthy,5,3,False,1.1374029456745647,1.2478460499249124,False
high_noise,healthy,5,4,False,1.0940540713711961,1.2478460499249124,False
high_noise,healthy,5,5,False,1.144612547079474,1.2478460499249124,False
high_noise,healthy,5,6,False,1.0971930092092161,1.2478460499249124,False
high_noise,healthy,5,7,False,1.079846660098089,1.2478460499249124,False
high_noise,healthy,5,8,False,1.213315045673104,1.2478460499249124,False
high_noise,healthy,5,9,False,1.1401380568680415,1.2478460499249124,False
high_noise,healthy,5,10,False,1.1373666511796083,1.2478460499249124,False
high_noise,healthy,5,11,False,1.15695743570089,1.2478460499249124,False
high_noise,healthy,6,0,False,1.195979858999655,1.2478460499249124,False
high_noise,healthy,6,1,False,1.1175766974826102,1.2478460499249124,False
high_noise,healthy,6,2,False,1.0973045896864644,1.2478460499249124,False
high_noise,healthy,6,3,False,1.117094185667036,1.2478460499249124,False
high_noise,healthy,6,4,False,1.1218801138675374,1.2478460499249124,False
high_noise,healthy,6,5,False,1.1245063723216673,1.2478460499249124,False
high_noise,healthy,6,6,False,1.0542680314941326,1.2478460499249124,False
high_noise,healthy,6,7,False,1.1146131996169424,1.2478460499249124,False
high_noise,healthy,6,8,False,1.0936455413923116,1.2478460499249124,False
high_noise,healthy,6,9,False,1.1729936308308977,1.2478460499249124,False
high_noise,healthy,6,10,False,1.1109494788837193,1.2478460499249124,False
high_noise,healthy,6,11,False,1.0973045896864644,1.2478460499249124,False
high_noise,healthy,7,0,False,1.1448489256673593,1.2478460499249124,False
high_noise,healthy,7,1,False,1.151620166998712,1.2478460499249124,False
high_noise,healthy,7,2,False,1.111088220836042,1.2478460499249124,False
high_noise,healthy,7,3,False,1.079846660098089,1.2478460499249124,False
high_noise,healthy,7,4,False,1.104829186900276,1.2478460499249124,False
high_noise,healthy,7,5,False,1.1514933181950138,1.2478460499249124,False
high_noise,healthy,7,6,False,1.1139983610928548,1.2478460499249124,False
high_noise,healthy,7,7,False,1.1864417585237235,1.2478460499249124,False
high_noise,healthy,7,8,False,1.1763649396963178,1.2478460499249124,False
high_noise,healthy,7,9,False,1.1977647880163007,1.2478460499249124,False
high_noise,healthy,7,10,False,1.1011412915771255,1.2478460499249124,False
high_noise,healthy,7,11,False,1.1621816914129488,1.2478460499249124,False
high_noise,healthy,8,0,False,1.156250864614984,1.2478460499249124,False
high_noise,healthy,8,1,False,1.0973045896864644,1.2478460499249124,False
high_noise,healthy,8,2,False,1.1352394886992538,1.2478460499249124,False
high_noise,healthy,8,3,False,1.149301105092269,1.2478460499249124,False
high_noise,healthy,8,4,False,1.195979858999655,1.2478460499249124,False
high_noise,healthy,8,5,False,1.0778617662672831,1.2478460499249124,False
high_noise,healthy,8,6,False,1.1312215603979336,1.2478460499249124,False
high_noise,healthy,8,7,False,1.1621816914129488,1.2478460499249124,False
high_noise,healthy,8,8,False,1.1144445054352763,1.2478460499249124,False
high_noise,healthy,8,9,False,1.0799636690516663,1.2478460499249124,False
high_noise,healthy,8,10,False,1.0542680314941326,1.2478460499249124,False
high_noise,healthy,8,11,False,1.1175766974826102,1.2478460499249124,False
high_noise,healthy,9,0,False,1.1059600547322685,1.2478460499249124,False
high_noise,healthy,9,1,False,1.0977773410733511,1.2478460499249124,False
high_noise,healthy,9,2,False,1.154941773773159,1.2478460499249124,False
high_noise,healthy,9,3,False,1.213315045673104,1.2478460499249124,False
high_noise,healthy,9,4,False,1.1864417585237235,1.2478460499249124,False
high_noise,healthy,9,5,False,1.1666691470388328,1.2478460499249124,False
high_noise,healthy,9,6,False,1.0971930092092161,1.2478460499249124,False
high_noise,healthy,9,7,False,1.047519633508597,1.2478460499249124,False
high_noise,healthy,9,8,False,1.1555970843262833,1.2478460499249124,False
high_noise,healthy,9,9,False,1.1323043479612742,1.2478460499249124,False
high_noise,healthy,9,10,False,1.122118649891225,1.2478460499249124,False
high_noise,healthy,9,11,False,1.104829186900276,1.2478460499249124,False
high_noise,healthy,10,0,False,1.1030497158711543,1.2478460499249124,False
high_noise,healthy,10,1,False,1.122118649891225,1.2478460499249124,False
high_noise,healthy,10,2,False,1.1112326171806202,1.2478460499249124,False
high_noise,healthy,10,3,False,1.079846660098089,1.2478460499249124,False
high_noise,healthy,10,4,False,1.0847357922120917,1.2478460499249124,False
high_noise,healthy,10,5,False,1.111088220836042,1.2478460499249124,False
high_noise,healthy,10,6,False,1.0844333034138156,1.2478460499249124,False
high_noise,healthy,10,7,False,1.144612547079474,1.2478460499249124,False
high_noise,healthy,10,8,False,1.1096171646093036,1.2478460499249124,False
high_noise,healthy,10,9,False,1.0940540713711961,1.2478460499249124,False
high_noise,healthy,10,10,False,1.1198295813726236,1.2478460499249124,False
high_noise,healthy,10,11,False,1.1654666010045456,1.2478460499249124,False
high_noise,healthy,11,0,False,1.0940540713711961,1.2478460499249124,False
high_noise,healthy,11,1,False,1.079846660098089,1.2478460499249124,False
high_noise,healthy,11,2,False,1.090697100182437,1.2478460499249124,False
high_noise,healthy,11,3,False,1.0987214570547326,1.2478460499249124,False
high_noise,healthy,11,4,False,1.132128388770358,1.2478460499249124,False
high_noise,healthy,11,5,False,1.1729936308308977,1.2478460499249124,False
high_noise,healthy,11,6,False,1.1478466774624776,1.2478460499249124,False
high_noise,healthy,11,7,False,1.0977773410733511,1.2478460499249124,False
high_noise,healthy,11,8,False,1.187368241987596,1.2478460499249124,False
high_noise,healthy,11,9,False,1.1270831103888337,1.2478460499249124,False
high_noise,healthy,11,10,False,1.154941773773159,1.2478460499249124,False
high_noise,healthy,11,11,False,1.121071940418622,1.2478460499249124,False
high_noise,healthy,12,0,False,1.2081941037662902,1.2478460499249124,False
high_noise,healthy,12,1,False,1.176789005735853,1.2478460499249124,False
high_noise,healthy,12,2,False,1.0884655729498478,1.2478460499249124,False
high_noise,healthy,12,3,False,1.1729936308308977,1.2478460499249124,False
high_noise,healthy,12,4,False,1.2081941037662902,1.2478460499249124,False
high_noise,healthy,12,5,False,1.1112326171806202,1.2478460499249124,False
high_noise,healthy,12,6,False,1.0936455413923116,1.2478460499249124,False
high_noise,healthy,12,7,False,1.1318070273888077,1.2478460499249124,False
high_noise,healthy,12,8,False,1.0936455413923116,1.2478460499249124,False
high_noise,healthy,12,9,False,1.123572514334035,1.2478460499249124,False
high_noise,healthy,12,10,False,1.1729936308308977,1.2478460499249124,False
high_noise,healthy,12,11,False,1.1609127657156424,1.2478460499249124,False
high_noise,healthy,13,0,False,1.1621816914129488,1.2478460499249124,False
high_noise,healthy,13,1,False,1.122118649891225,1.2478460499249124,False
high_noise,healthy,13,2,False,1.15695743570089,1.2478460499249124,False
high_noise,healthy,13,3,False,1.0936455413923116,1.2478460499249124,False
high_noise,healthy,13,4,False,1.0936455413923116,1.2478460499249124,False
high_noise,healthy,13,5,False,1.1304833283215419,1.2478460499249124,False
high_noise,healthy,13,6,False,1.1881694524309012,1.2478460499249124,False
high_noise,healthy,13,7,False,1.1027629302339186,1.2478460499249124,False
high_noise,healthy,13,8,False,1.1218801138675374,1.2478460499249124,False
high_noise,healthy,13,9,False,1.1030497158711543,1.2478460499249124,False
high_noise,healthy,13,10,False,1.2081941037662902,1.2478460499249124,False
high_noise,healthy,13,11,False,1.1553984259811916,1.2478460499249124,False
high_noise,healthy,14,0,False,1.1352394886992538,1.2478460499249124,False
high_noise,healthy,14,1,False,1.098121388618032,1.2478460499249124,False
high_noise,healthy,14,2,False,1.1632018544545377,1.2478460499249124,False
high_noise,healthy,14,3,False,1.1378759296463763,1.2478460499249124,False
high_noise,healthy,14,4,False,1.123337826978,1.2478460499249124,False
high_noise,healthy,14,5,False,1.1136240733815468,1.2478460499249124,False
high_noise,healthy,14,6,False,1.1235961656192663,1.2478460499249124,False
high_noise,healthy,14,7,False,1.0971930092092161,1.2478460499249124,False
high_noise,healthy,14,8,False,1.213315045673104,1.2478460499249124,False
high_noise,healthy,14,9,False,1.0457314036229177,1.2478460499249124,False
high_noise,healthy,14,10,False,1.1763649396963178,1.2478460499249124,False
high_noise,healthy,14,11,False,1.0844333034138156,1.2478460499249124,False
high_noise,healthy,15,0,False,1.1402071716543718,1.2478460499249124,False
high_noise,healthy,15,1,False,1.1609127657156424,1.2478460499249124,False
high_noise,healthy,15,2,False,1.1666691470388328,1.2478460499249124,False
high_noise,healthy,15,3,False,1.1321586731101299,1.2478460499249124,False
high_noise,healthy,15,4,False,1.0542680314941326,1.2478460499249124,False
high_noise,healthy,15,5,False,1.1096171646093036,1.2478460499249124,False
high_noise,healthy,15,6,False,1.0799636690516663,1.2478460499249124,False
high_noise,healthy,15,7,False,1.1378759296463763,1.2478460499249124,False
high_noise,healthy,15,8,False,1.2081941037662902,1.2478460499249124,False
high_noise,healthy,15,9,False,1.1524383573935837,1.2478460499249124,False
high_noise,healthy,15,10,False,1.1585694356728893,1.2478460499249124,False
high_noise,healthy,15,11,False,1.1029709281172906,1.2478460499249124,False
high_noise,healthy,16,0,False,1.090697100182437,1.2478460499249124,False
high_noise,healthy,16,1,False,1.121071940418622,1.2478460499249124,False
high_noise,healthy,16,2,False,1.0940540713711961,1.2478460499249124,False
high_noise,healthy,16,3,False,1.1373666511796083,1.2478460499249124,False
high_noise,healthy,16,4,False,1.0844333034138156,1.2478460499249124,False
high_noise,healthy,16,5,False,1.1096171646093036,1.2478460499249124,False
high_noise,healthy,16,6,False,1.154941773773159,1.2478460499249124,False
high_noise,healthy,16,7,False,1.1621816914129488,1.2478460499249124,False
high_noise,healthy,16,8,False,1.1321586731101299,1.2478460499249124,False
high_noise,healthy,16,9,False,1.1312146592060253,1.2478460499249124,False
high_noise,healthy,16,10,False,1.1190412991071537,1.2478460499249124,False
high_noise,healthy,16,11,False,1.121071940418622,1.2478460499249124,False
high_noise,healthy,17,0,False,1.149301105092269,1.2478460499249124,False
high_noise,healthy,17,1,False,1.1512478847770264,1.2478460499249124,False
high_noise,healthy,17,2,False,1.1746771565802425,1.2478460499249124,False
high_noise,healthy,17,3,False,1.1402071716543718,1.2478460499249124,False
high_noise,healthy,17,4,False,1.1585694356728893,1.2478460499249124,False
high_noise,healthy,17,5,False,1.1284549300008082,1.2478460499249124,False
high_noise,healthy,17,6,False,1.144612547079474,1.2478460499249124,False
high_noise,healthy,17,7,False,1.0977773410733511,1.2478460499249124,False
high_noise,healthy,17,8,False,1.1547038809558545,1.2478460499249124,False
high_noise,healthy,17,9,False,1.1155605924123841,1.2478460499249124,False
high_noise,healthy,17,10,False,1.0987214570547326,1.2478460499249124,False
high_noise,healthy,17,11,False,1.1547038809558545,1.2478460499249124,False
high_noise,healthy,18,0,False,1.1763649396963178,1.2478460499249124,False
high_noise,healthy,18,1,False,1.0968535655870535,1.2478460499249124,False
high_noise,healthy,18,2,False,1.1396591396561015,1.2478460499249124,False
high_noise,healthy,18,3,False,1.1284549300008082,1.2478460499249124,False
high_noise,healthy,18,4,False,1.1218801138675374,1.2478460499249124,False
high_noise,healthy,18,5,False,1.1011412915771255,1.2478460499249124,False
high_noise,healthy,18,6,False,1.1198295813726236,1.2478460499249124,False
high_noise,healthy,18,7,False,1.1312146592060253,1.2478460499249124,False
high_noise,healthy,18,8,False,1.0576530758592282,1.2478460499249124,False
high_noise,healthy,18,9,False,1.1555970843262833,1.2478460499249124,False
high_noise,healthy,18,10,False,1.1478466774624776,1.2478460499249124,False
high_noise,healthy,18,11,False,1.1136240733815468,1.2478460499249124,False
high_noise,healthy,19,0,False,1.121071940418622,1.2478460499249124,False
high_noise,healthy,19,1,False,1.1621816914129488,1.2478460499249124,False
high_noise,healthy,19,2,False,1.090697100182437,1.2478460499249124,False
high_noise,healthy,19,3,False,1.1146131996169424,1.2478460499249124,False
high_noise,healthy,19,4,False,1.1245063723216673,1.2478460499249124,False
high_noise,healthy,19,5,False,1.1294300725927922,1.2478460499249124,False
high_noise,healthy,19,6,False,1.117094185667036,1.2478460499249124,False
high_noise,healthy,19,7,False,1.123572514334035,1.2478460499249124,False
high_noise,healthy,19,8,False,1.1270831103888337,1.2478460499249124,False
high_noise,healthy,19,9,False,1.1444634285138382,1.2478460499249124,False
high_noise,healthy,19,10,False,1.090697100182437,1.2478460499249124,False
high_noise,healthy,19,11,False,1.1245063723216673,1.2478460499249124,False
high_noise,healthy,20,0,False,1.121071940418622,1.2478460499249124,False
high_noise,healthy,20,1,False,1.1112326171806202,1.2478460499249124,False
high_noise,healthy,20,2,False,1.123337826978,1.2478460499249124,False
high_noise,healthy,20,3,False,1.1190412991071537,1.2478460499249124,False
high_noise,healthy,20,4,False,1.1245063723216673,1.2478460499249124,False
high_noise,healthy,20,5,False,1.111088220836042,1.2478460499249124,False
high_noise,healthy,20,6,False,1.1321586731101299,1.2478460499249124,False
high_noise,healthy,20,7,False,1.1585694356728893,1.2478460499249124,False
high_noise,healthy,20,8,False,1.0849555300359892,1.2478460499249124,False
high_noise,healthy,20,9,False,1.122118649891225,1.2478460499249124,False
high_noise,healthy,20,10,False,1.123337826978,1.2478460499249124,False
high_noise,healthy,20,11,False,1.1609127657156424,1.2478460499249124,False
high_noise,fault,1,0,False,1.0839447221272913,1.2478460499249124,False
high_noise,fault,1,1,False,1.0791262846426872,1.2478460499249124,False
high_noise,fault,1,2,False,1.0690733643054848,1.2478460499249124,False
high_noise,fault,1,3,False,1.0799636690516663,1.2478460499249124,False
high_noise,fault,1,4,True,1.677229268159828,1.2478460499249124,True
high_noise,fault,1,5,True,1.694068720531996,1.2478460499249124,True
high_noise,fault,1,6,True,1.715127898358564,1.2478460499249124,True
high_noise,fault,1,7,True,1.7004900900620978,1.2478460499249124,True
high_noise,fault,1,8,True,1.6909281035390291,1.2478460499249124,True
high_noise,fault,1,9,True,1.6829323634859132,1.2478460499249124,True
high_noise,fault,1,10,True,1.6816637120114535,1.2478460499249124,True
high_noise,fault,1,11,True,1.6829422625763244,1.2478460499249124,True
high_noise,fault,2,0,False,1.0987214570547326,1.2478460499249124,False
high_noise,fault,2,1,False,1.1027629302339186,1.2478460499249124,False
high_noise,fault,2,2,False,1.1609333778070121,1.2478460499249124,False
high_noise,fault,2,3,False,1.1864417585237235,1.2478460499249124,False
high_noise,fault,2,4,True,1.6451033435259634,1.2478460499249124,True
high_noise,fault,2,5,True,1.7040927014443943,1.2478460499249124,True
high_noise,fault,2,6,True,1.6942488617620666,1.2478460499249124,True
high_noise,fault,2,7,True,1.674288884549437,1.2478460499249124,True
high_noise,fault,2,8,True,1.669186941161611,1.2478460499249124,True
high_noise,fault,2,9,True,1.6284770835432352,1.2478460499249124,True
high_noise,fault,2,10,True,1.6712073676212214,1.2478460499249124,True
high_noise,fault,2,11,True,1.709313553017224,1.2478460499249124,True
high_noise,fault,3,0,False,1.1514933181950138,1.2478460499249124,False
high_noise,fault,3,1,False,1.098121388618032,1.2478460499249124,False
high_noise,fault,3,2,False,1.1155605924123841,1.2478460499249124,False
high_noise,fault,3,3,False,1.1190412991071537,1.2478460499249124,False
high_noise,fault,3,4,True,1.6914197664718087,1.2478460499249124,True
high_noise,fault,3,5,True,1.6847467641243858,1.2478460499249124,True
high_noise,fault,3,6,True,1.7188476236795556,1.2478460499249124,True
high_noise,fault,3,7,True,1.723162086732016,1.2478460499249124,True
high_noise,fault,3,8,True,1.6781412784779477,1.2478460499249124,True
high_noise,fault,3,9,True,1.727442532603416,1.2478460499249124,True
high_noise,fault,3,10,True,1.6784428361465968,1.2478460499249124,True
high_noise,fault,3,11,True,1.6643911897607073,1.2478460499249124,True
high_noise,fault,4,0,False,1.154941773773159,1.2478460499249124,False
high_noise,fault,4,1,False,1.132128388770358,1.2478460499249124,False
high_noise,fault,4,2,False,1.176106834468965,1.2478460499249124,False
high_noise,fault,4,3,False,1.154941773773159,1.2478460499249124,False
high_noise,fault,4,4,True,1.6662277980607847,1.2478460499249124,True
high_noise,fault,4,5,True,1.5962878815526123,1.2478460499249124,True
high_noise,fault,4,6,True,1.7024169411949384,1.2478460499249124,True
high_noise,fault,4,7,True,1.723162086732016,1.2478460499249124,True
high_noise,fault,4,8,True,1.6885599086015528,1.2478460499249124,True
high_noise,fault,4,9,True,1.6931323246483534,1.2478460499249124,True
high_noise,fault,4,10,True,1.6690315812885674,1.2478460499249124,True
high_noise,fault,4,11,True,1.7576806498009874,1.2478460499249124,True
high_noise,fault,5,0,False,1.1030497158711543,1.2478460499249124,False
high_noise,fault,5,1,False,1.132128388770358,1.2478460499249124,False
high_noise,fault,5,2,False,1.1420087400691201,1.2478460499249124,False
high_noise,fault,5,3,False,1.0884655729498478,1.2478460499249124,False
high_noise,fault,5,4,True,1.7039733443339111,1.2478460499249124,True
high_noise,fault,5,5,True,1.6831647065634123,1.2478460499249124,True
high_noise,fault,5,6,True,1.6714625549927828,1.2478460499249124,True
high_noise,fault,5,7,True,1.727442532603416,1.2478460499249124,True
high_noise,fault,5,8,True,1.6942488617620666,1.2478460499249124,True
high_noise,fault,5,9,True,1.6795484672899124,1.2478460499249124,True
high_noise,fault,5,10,True,1.6408097137400566,1.2478460499249124,True
high_noise,fault,5,11,True,1.687942970667378,1.2478460499249124,True
high_noise,fault,6,0,False,1.0778617662672831,1.2478460499249124,False
high_noise,fault,6,1,False,1.1881694524309012,1.2478460499249124,False
high_noise,fault,6,2,False,1.1146131996169424,1.2478460499249124,False
high_noise,fault,6,3,False,1.1218801138675374,1.2478460499249124,False
high_noise,fault,6,4,True,1.7004900900620978,1.2478460499249124,True
high_noise,fault,6,5,True,1.6284770835432352,1.2478460499249124,True
high_noise,fault,6,6,True,1.6389324208370188,1.2478460499249124,True
high_noise,fault,6,7,True,1.6953192084341777,1.2478460499249124,True
high_noise,fault,6,8,True,1.6491623685264565,1.2478460499249124,True
high_noise,fault,6,9,True,1.6880578912180546,1.2478460499249124,True
high_noise,fault,6,10,True,1.6880578912180546,1.2478460499249124,True
high_noise,fault,6,11,True,1.6740897644602206,1.2478460499249124,True
high_noise,fault,7,0,False,1.0931705524074726,1.2478460499249124,False
high_noise,fault,7,1,False,1.1294300725927922,1.2478460499249124,False
high_noise,fault,7,2,False,1.1374029456745647,1.2478460499249124,False
high_noise,fault,7,3,False,1.1609333778070121,1.2478460499249124,False
high_noise,fault,7,4,True,1.669186941161611,1.2478460499249124,True
high_noise,fault,7,5,True,1.6831647065634123,1.2478460499249124,True
high_noise,fault,7,6,True,1.691925051449747,1.2478460499249124,True
high_noise,fault,7,7,True,1.6714625549927828,1.2478460499249124,True
high_noise,fault,7,8,True,1.6734285571862142,1.2478460499249124,True
high_noise,fault,7,9,True,1.6831647065634123,1.2478460499249124,True
high_noise,fault,7,10,True,1.6567572939675101,1.2478460499249124,True
high_noise,fault,7,11,True,1.5962878815526123,1.2478460499249124,True
high_noise,fault,8,0,False,1.0676705709005814,1.2478460499249124,False
high_noise,fault,8,1,False,1.111088220836042,1.2478460499249124,False
high_noise,fault,8,2,False,1.1136240733815468,1.2478460499249124,False
high_noise,fault,8,3,False,1.1198295813726236,1.2478460499249124,False
high_noise,fault,8,4,True,1.6293939823538484,1.2478460499249124,True
high_noise,fault,8,5,True,1.6786875853306658,1.2478460499249124,True
high_noise,fault,8,6,True,1.6816637120114535,1.2478460499249124,True
high_noise,fault,8,7,True,1.7228972915707612,1.2478460499249124,True
high_noise,fault,8,8,True,1.7234155489638427,1.2478460499249124,True
high_noise,fault,8,9,True,1.6386770824471235,1.2478460499249124,True
high_noise,fault,8,10,True,1.6880578912180546,1.2478460499249124,True
high_noise,fault,8,11,True,1.6546988102564641,1.2478460499249124,True
high_noise,fault,9,0,False,1.1396591396561015,1.2478460499249124,False
high_noise,fault,9,1,False,1.213315045673104,1.2478460499249124,False
high_noise,fault,9,2,False,1.1713421320809305,1.2478460499249124,False
high_noise,fault,9,3,False,1.090697100182437,1.2478460499249124,False
high_noise,fault,9,4,True,1.6586758332121228,1.2478460499249124,True
high_noise,fault,9,5,True,1.7500871888242269,1.2478460499249124,True
high_noise,fault,9,6,True,1.7228482828268026,1.2478460499249124,True
high_noise,fault,9,7,True,1.6829422625763244,1.2478460499249124,True
high_noise,fault,9,8,True,1.6779386814647452,1.2478460499249124,True
high_noise,fault,9,9,True,1.7228972915707612,1.2478460499249124,True
high_noise,fault,9,10,True,1.6847467641243858,1.2478460499249124,True
high_noise,fault,9,11,True,1.6409857382496376,1.2478460499249124,True
high_noise,fault,10,0,False,1.1323043479612742,1.2478460499249124,False
high_noise,fault,10,1,False,1.1084496470337368,1.2478460499249124,False
high_noise,fault,10,2,False,1.098121388618032,1.2478460499249124,False
high_noise,fault,10,3,False,1.176789005735853,1.2478460499249124,False
high_noise,fault,10,4,True,1.7576806498009874,1.2478460499249124,True
high_noise,fault,10,5,True,1.6567572939675101,1.2478460499249124,True
high_noise,fault,10,6,True,1.7037586092584422,1.2478460499249124,True
high_noise,fault,10,7,True,1.6784428361465968,1.2478460499249124,True
high_noise,fault,10,8,True,1.7415144996752947,1.2478460499249124,True
high_noise,fault,10,9,True,1.694068720531996,1.2478460499249124,True
high_noise,fault,10,10,True,1.7004900900620978,1.2478460499249124,True
high_noise,fault,10,11,True,1.7506541438490197,1.2478460499249124,True
high_noise,fault,11,0,False,1.1632018544545377,1.2478460499249124,False
high_noise,fault,11,1,False,1.1585694356728893,1.2478460499249124,False
high_noise,fault,11,2,False,1.1448489256673593,1.2478460499249124,False
high_noise,fault,11,3,False,1.123337826978,1.2478460499249124,False
high_noise,fault,11,4,True,1.6912356208044617,1.2478460499249124,True
high_noise,fault,11,5,True,1.6720901421143854,1.2478460499249124,True
high_noise,fault,11,6,True,1.6718384986480639,1.2478460499249124,True
high_noise,fault,11,7,True,1.6953192084341777,1.2478460499249124,True
high_noise,fault,11,8,True,1.6720901421143854,1.2478460499249124,True
high_noise,fault,11,9,True,1.7327631198130162,1.2478460499249124,True
high_noise,fault,11,10,True,1.6740897644602206,1.2478460499249124,True
high_noise,fault,11,11,True,1.7349133050637549,1.2478460499249124,True
high_noise,fault,12,0,False,1.1198295813726236,1.2478460499249124,False
high_noise,fault,12,1,False,1.0676705709005814,1.2478460499249124,False
high_noise,fault,12,2,False,1.1555970843262833,1.2478460499249124,False
high_noise,fault,12,3,False,1.12583314776136,1.2478460499249124,False
high_noise,fault,12,4,True,1.7441696636352821,1.2478460499249124,True
high_noise,fault,12,5,True,1.6606626393911494,1.2478460499249124,True
high_noise,fault,12,6,True,1.6293939823538484,1.2478460499249124,True
high_noise,fault,12,7,True,1.6567572939675101,1.2478460499249124,True
high_noise,fault,12,8,True,1.6409857382496376,1.2478460499249124,True
high_noise,fault,12,9,True,1.7349133050637549,1.2478460499249124,True
high_noise,fault,12,10,True,1.7349133050637549,1.2478460499249124,True
high_noise,fault,12,11,True,1.7441696636352821,1.2478460499249124,True
high_noise,fault,13,0,False,1.1396591396561015,1.2478460499249124,False
high_noise,fault,13,1,False,1.1763649396963178,1.2478460499249124,False
high_noise,fault,13,2,False,1.1373666511796083,1.2478460499249124,False
high_noise,fault,13,3,False,1.0936455413923116,1.2478460499249124,False
high_noise,fault,13,4,True,1.6885599086015528,1.2478460499249124,True
high_noise,fault,13,5,True,1.6816637120114535,1.2478460499249124,True
high_noise,fault,13,6,True,1.6847467641243858,1.2478460499249124,True
high_noise,fault,13,7,True,1.6570871680623354,1.2478460499249124,True
high_noise,fault,13,8,True,1.6831647065634123,1.2478460499249124,True
high_noise,fault,13,9,True,1.669186941161611,1.2478460499249124,True
high_noise,fault,13,10,True,1.6606626393911494,1.2478460499249124,True
high_noise,fault,13,11,True,1.7213432586569792,1.2478460499249124,True
high_noise,fault,14,0,False,1.1218801138675374,1.2478460499249124,False
high_noise,fault,14,1,False,1.1632018544545377,1.2478460499249124,False
high_noise,fault,14,2,False,1.1321586731101299,1.2478460499249124,False
high_noise,fault,14,3,False,1.124904745058974,1.2478460499249124,False
high_noise,fault,14,4,True,1.6931323246483534,1.2478460499249124,True
high_noise,fault,14,5,True,1.7040927014443943,1.2478460499249124,True
high_noise,fault,14,6,True,1.6643911897607073,1.2478460499249124,True
high_noise,fault,14,7,True,1.6958195753207745,1.2478460499249124,True
high_noise,fault,14,8,True,1.6529948008279798,1.2478460499249124,True
high_noise,fault,14,9,True,1.7228482828268026,1.2478460499249124,True
high_noise,fault,14,10,True,1.7026338065879016,1.2478460499249124,True
high_noise,fault,14,11,True,1.6586758332121228,1.2478460499249124,True
high_noise,fault,15,0,False,1.123572514334035,1.2478460499249124,False
high_noise,fault,15,1,False,1.1312146592060253,1.2478460499249124,False
high_noise,fault,15,2,False,1.1735382808093817,1.2478460499249124,False
high_noise,fault,15,3,False,1.1797414365866936,1.2478460499249124,False
high_noise,fault,15,4,True,1.604183598427332,1.2478460499249124,True
high_noise,fault,15,5,True,1.7040927014443943,1.2478460499249124,True
high_noise,fault,15,6,True,1.7500871888242269,1.2478460499249124,True
high_noise,fault,15,7,True,1.6998661667975956,1.2478460499249124,True
high_noise,fault,15,8,True,1.712887677926497,1.2478460499249124,True
high_noise,fault,15,9,True,1.719611270395896,1.2478460499249124,True
high_noise,fault,15,10,True,1.7188476236795556,1.2478460499249124,True
high_noise,fault,15,11,True,1.6771724679613826,1.2478460499249124,True
high_noise,fault,16,0,False,1.1444634285138382,1.2478460499249124,False
high_noise,fault,16,1,False,1.1352394886992538,1.2478460499249124,False
high_noise,fault,16,2,False,1.1373666511796083,1.2478460499249124,False
high_noise,fault,16,3,False,1.1030497158711543,1.2478460499249124,False
high_noise,fault,16,4,True,1.727442532603416,1.2478460499249124,True
high_noise,fault,16,5,True,1.7037586092584422,1.2478460499249124,True
high_noise,fault,16,6,True,1.694068720531996,1.2478460499249124,True
high_noise,fault,16,7,True,1.6284770835432352,1.2478460499249124,True
high_noise,fault,16,8,True,1.6795484672899124,1.2478460499249124,True
high_noise,fault,16,9,True,1.669186941161611,1.2478460499249124,True
high_noise,fault,16,10,True,1.6805493194672543,1.2478460499249124,True
high_noise,fault,16,11,True,1.6598740999582788,1.2478460499249124,True
high_noise,fault,17,0,False,1.1448489256673593,1.2478460499249124,False
high_noise,fault,17,1,False,1.154941773773159,1.2478460499249124,False
high_noise,fault,17,2,False,1.1198295813726236,1.2478460499249124,False
high_noise,fault,17,3,False,1.0977773410733511,1.2478460499249124,False
high_noise,fault,17,4,True,1.7037586092584422,1.2478460499249124,True
high_noise,fault,17,5,True,1.7073982287037672,1.2478460499249124,True
high_noise,fault,17,6,True,1.760846064703275,1.2478460499249124,True
high_noise,fault,17,7,True,1.7506541438490197,1.2478460499249124,True
high_noise,fault,17,8,True,1.6690685858774852,1.2478460499249124,True
high_noise,fault,17,9,True,1.6761519152534727,1.2478460499249124,True
high_noise,fault,17,10,True,1.6712073676212214,1.2478460499249124,True
high_noise,fault,17,11,True,1.6350125983755075,1.2478460499249124,True
high_noise,fault,18,0,False,1.12583314776136,1.2478460499249124,False
high_noise,fault,18,1,False,1.1434345188249062,1.2478460499249124,False
high_noise,fault,18,2,False,1.123337826978,1.2478460499249124,False
high_noise,fault,18,3,False,1.1512478847770264,1.2478460499249124,False
high_noise,fault,18,4,True,1.70054728812042,1.2478460499249124,True
high_noise,fault,18,5,True,1.6885599086015528,1.2478460499249124,True
high_noise,fault,18,6,True,1.6761519152534727,1.2478460499249124,True
high_noise,fault,18,7,True,1.6820267404821763,1.2478460499249124,True
high_noise,fault,18,8,True,1.669186941161611,1.2478460499249124,True
high_noise,fault,18,9,True,1.6408097137400566,1.2478460499249124,True
high_noise,fault,18,10,True,1.6501441846026808,1.2478460499249124,True
high_noise,fault,18,11,True,1.7506541438490197,1.2478460499249124,True
high_noise,fault,19,0,False,1.132128388770358,1.2478460499249124,False
high_noise,fault,19,1,False,1.176106834468965,1.2478460499249124,False
high_noise,fault,19,2,False,1.0799636690516663,1.2478460499249124,False
high_noise,fault,19,3,False,1.123337826978,1.2478460499249124,False
high_noise,fault,19,4,True,1.7493074316987216,1.2478460499249124,True
high_noise,fault,19,5,True,1.6896976185709187,1.2478460499249124,True
high_noise,fault,19,6,True,1.6762269758170214,1.2478460499249124,True
high_noise,fault,19,7,True,1.7087800633064538,1.2478460499249124,True
high_noise,fault,19,8,True,1.7075619670495903,1.2478460499249124,True
high_noise,fault,19,9,True,1.7228482828268026,1.2478460499249124,True
high_noise,fault,19,10,True,1.6567572939675101,1.2478460499249124,True
high_noise,fault,19,11,True,1.6787521974022959,1.2478460499249124,True
high_noise,fault,20,0,False,1.156250864614984,1.2478460499249124,False
high_noise,fault,20,1,False,1.098121388618032,1.2478460499249124,False
high_noise,fault,20,2,False,1.1864417585237235,1.2478460499249124,False
high_noise,fault,20,3,False,1.1864417585237235,1.2478460499249124,False
high_noise,fault,20,4,True,1.7349133050637549,1.2478460499249124,True
high_noise,fault,20,5,True,1.6690685858774852,1.2478460499249124,True
high_noise,fault,20,6,True,1.6734285571862142,1.2478460499249124,True
high_noise,fault,20,7,True,1.6931323246483534,1.2478460499249124,True
high_noise,fault,20,8,True,1.6501441846026808,1.2478460499249124,True
high_noise,fault,20,9,True,1.6847467641243858,1.2478460499249124,True
high_noise,fault,20,10,True,1.6184529964795795,1.2478460499249124,True
high_noise,fault,20,11,True,1.6953192084341777,1.2478460499249124,True
load_change,healthy,1,0,False,0.45871691555500305,1.2478460499249124,False
load_change,healthy,1,1,False,0.3836640060838998,1.2478460499249124,False
load_change,healthy,1,2,False,0.3538294963461082,1.2478460499249124,False
load_change,healthy,1,3,False,0.4363434145433994,1.2478460499249124,False
load_change,healthy,1,4,False,0.7458696210238044,1.2478460499249124,False
load_change,healthy,1,5,False,0.5588786908226812,1.2478460499249124,False
load_change,healthy,1,6,False,0.35395069057461365,1.2478460499249124,False
load_change,healthy,1,7,False,0.47039363239163384,1.2478460499249124,False
load_change,healthy,1,8,False,0.4606302574971559,1.2478460499249124,False
load_change,healthy,1,9,False,0.33847000577291025,1.2478460499249124,False
load_change,healthy,1,10,False,0.7096155459174349,1.2478460499249124,False
load_change,healthy,1,11,False,0.5588786908226812,1.2478460499249124,False
load_change,healthy,2,0,False,0.6711298212620463,1.2478460499249124,False
load_change,healthy,2,1,False,0.3858372145393112,1.2478460499249124,False
load_change,healthy,2,2,False,0.562162581571034,1.2478460499249124,False
load_change,healthy,2,3,False,0.7294746540349298,1.2478460499249124,False
load_change,healthy,2,4,False,0.38570057550510783,1.2478460499249124,False
load_change,healthy,2,5,False,0.5046640503257772,1.2478460499249124,False
load_change,healthy,2,6,False,0.7314938609599719,1.2478460499249124,False
load_change,healthy,2,7,False,0.3538294963461082,1.2478460499249124,False
load_change,healthy,2,8,False,0.33628062641395173,1.2478460499249124,False
load_change,healthy,2,9,False,0.35395069057461365,1.2478460499249124,False
load_change,healthy,2,10,False,0.39608011727876297,1.2478460499249124,False
load_change,healthy,2,11,False,0.45571725900282883,1.2478460499249124,False
load_change,healthy,3,0,False,0.5212248020726671,1.2478460499249124,False
load_change,healthy,3,1,False,0.5924335102010887,1.2478460499249124,False
load_change,healthy,3,2,False,0.3187757327709105,1.2478460499249124,False
load_change,healthy,3,3,False,0.3327120988810434,1.2478460499249124,False
load_change,healthy,3,4,False,0.3360131055417708,1.2478460499249124,False
load_change,healthy,3,5,False,0.4332528751808536,1.2478460499249124,False
load_change,healthy,3,6,False,0.34120947461503803,1.2478460499249124,False
load_change,healthy,3,7,False,0.48516450750342005,1.2478460499249124,False
load_change,healthy,3,8,False,0.3371884864839945,1.2478460499249124,False
load_change,healthy,3,9,False,0.5744028254263461,1.2478460499249124,False
load_change,healthy,3,10,False,0.5365888727268753,1.2478460499249124,False
load_change,healthy,3,11,False,0.38570057550510783,1.2478460499249124,False
load_change,healthy,4,0,False,0.3126939249354931,1.2478460499249124,False
load_change,healthy,4,1,False,0.3586406169190149,1.2478460499249124,False
load_change,healthy,4,2,False,0.3360131055417708,1.2478460499249124,False
load_change,healthy,4,3,False,0.3642375824023821,1.2478460499249124,False
load_change,healthy,4,4,False,0.41700192975320327,1.2478460499249124,False
load_change,healthy,4,5,False,0.3167658645134147,1.2478460499249124,False
load_change,healthy,4,6,False,0.5003494974970563,1.2478460499249124,False
load_change,healthy,4,7,False,0.3360131055417708,1.2478460499249124,False
load_change,healthy,4,8,False,0.3642375824023821,1.2478460499249124,False
load_change,healthy,4,9,False,0.5003494974970563,1.2478460499249124,False
load_change,healthy,4,10,False,0.48474958898898457,1.2478460499249124,False
load_change,healthy,4,11,False,0.4606302574971559,1.2478460499249124,False
load_change,healthy,5,0,False,0.32854562077653265,1.2478460499249124,False
load_change,healthy,5,1,False,0.45222578251677586,1.2478460499249124,False
load_change,healthy,5,2,False,0.3679459284726249,1.2478460499249124,False
load_change,healthy,5,3,False,0.6829388951414744,1.2478460499249124,False
load_change,healthy,5,4,False,0.3187757327709105,1.2478460499249124,False
load_change,healthy,5,5,False,0.5588786908226812,1.2478460499249124,False
load_change,healthy,5,6,False,0.3223891687745208,1.2478460499249124,False
load_change,healthy,5,7,False,0.3679459284726249,1.2478460499249124,False
load_change,healthy,5,8,False,0.4650623856604486,1.2478460499249124,False
load_change,healthy,5,9,False,0.45222578251677586,1.2478460499249124,False
load_change,healthy,5,10,False,0.7229252782292086,1.2478460499249124,False
load_change,healthy,5,11,False,0.5365888727268753,1.2478460499249124,False
load_change,healthy,6,0,False,0.3411884818426991,1.2478460499249124,False
load_change,healthy,6,1,False,0.3679459284726249,1.2478460499249124,False
load_change,healthy,6,2,False,0.5365888727268753,1.2478460499249124,False
load_change,healthy,6,3,False,0.3402764715948871,1.2478460499249124,False
load_change,healthy,6,4,False,0.42396625480465855,1.2478460499249124,False
load_change,healthy,6,5,False,0.4967672351374862,1.2478460499249124,False
load_change,healthy,6,6,False,0.7096155459174349,1.2478460499249124,False
load_change,healthy,6,7,False,0.389215431748982,1.2478460499249124,False
load_change,healthy,6,8,False,0.5744028254263461,1.2478460499249124,False
load_change,healthy,6,9,False,0.6711298212620463,1.2478460499249124,False
load_change,healthy,6,10,False,0.3318517353924435,1.2478460499249124,False
load_change,healthy,6,11,False,0.7238760843850969,1.2478460499249124,False
load_change,healthy,7,0,False,0.315369587879859,1.2478460499249124,False
load_change,healthy,7,1,False,0.6537547503873959,1.2478460499249124,False
load_change,healthy,7,2,False,0.3345073384937588,1.2478460499249124,False
load_change,healthy,7,3,False,0.4136582958442086,1.2478460499249124,False
load_change,healthy,7,4,False,0.33847000577291025,1.2478460499249124,False
load_change,healthy,7,5,False,0.45222578251677586,1.2478460499249124,False
load_change,healthy,7,6,False,0.3360131055417708,1.2478460499249124,False
load_change,healthy,7,7,False,0.31732002132933934,1.2478460499249124,False
load_change,healthy,7,8,False,0.4026025234229352,1.2478460499249124,False
load_change,healthy,7,9,False,0.4332528751808536,1.2478460499249124,False
load_change,healthy,7,10,False,0.3586406169190149,1.2478460499249124,False
load_change,healthy,7,11,False,0.4800457124798731,1.2478460499249124,False
load_change,healthy,8,0,False,0.602471427225441,1.2478460499249124,False
load_change,healthy,8,1,False,0.38570057550510783,1.2478460499249124,False
load_change,healthy,8,2,False,0.5088994490352392,1.2478460499249124,False
load_change,healthy,8,3,False,0.5924335102010887,1.2478460499249124,False
load_change,healthy,8,4,False,0.39833443965563464,1.2478460499249124,False
load_change,healthy,8,5,False,0.5046640503257772,1.2478460499249124,False
load_change,healthy,8,6,False,0.3679459284726249,1.2478460499249124,False
load_change,healthy,8,7,False,0.5924335102010887,1.2478460499249124,False
load_change,healthy,8,8,False,0.7238760843850969,1.2478460499249124,False
load_change,healthy,8,9,False,0.4967672351374862,1.2478460499249124,False
load_change,healthy,8,10,False,0.4657479849851954,1.2478460499249124,False
load_change,healthy,8,11,False,0.4657479849851954,1.2478460499249124,False
load_change,healthy,9,0,False,0.5365888727268753,1.2478460499249124,False
load_change,healthy,9,1,False,0.3642375824023821,1.2478460499249124,False
load_change,healthy,9,2,False,0.47039363239163384,1.2478460499249124,False
load_change,healthy,9,3,False,0.3318517353924435,1.2478460499249124,False
load_change,healthy,9,4,False,0.3287711725046927,1.2478460499249124,False
load_change,healthy,9,5,False,0.3187757327709105,1.2478460499249124,False
load_change,healthy,9,6,False,0.6301043629622365,1.2478460499249124,False
load_change,healthy,9,7,False,0.6870426903724116,1.2478460499249124,False
load_change,healthy,9,8,False,0.3167658645134147,1.2478460499249124,False
load_change,healthy,9,9,False,0.4405221719168279,1.2478460499249124,False
load_change,healthy,9,10,False,0.5588786908226812,1.2478460499249124,False
load_change,healthy,9,11,False,0.33004521111292473,1.2478460499249124,False
load_change,healthy,10,0,False,0.4967672351374862,1.2478460499249124,False
load_change,healthy,10,1,False,0.3858372145393112,1.2478460499249124,False
load_change,healthy,10,2,False,0.3126939249354931,1.2478460499249124,False
load_change,healthy,10,3,False,0.6704005238165094,1.2478460499249124,False
load_change,healthy,10,4,False,0.35413227020198035,1.2478460499249124,False
load_change,healthy,10,5,False,0.3836640060838998,1.2478460499249124,False
load_change,healthy,10,6,False,0.3345073384937588,1.2478460499249124,False
load_change,healthy,10,7,False,0.45571725900282883,1.2478460499249124,False
load_change,healthy,10,8,False,0.5046640503257772,1.2478460499249124,False
load_change,healthy,10,9,False,0.48474958898898457,1.2478460499249124,False
load_change,healthy,10,10,False,0.4854116496345011,1.2478460499249124,False
load_change,healthy,10,11,False,0.7478787120077994,1.2478460499249124,False
load_change,healthy,11,0,False,0.3126939249354931,1.2478460499249124,False
load_change,healthy,11,1,False,0.4657479849851954,1.2478460499249124,False
load_change,healthy,11,2,False,0.4085290483995036,1.2478460499249124,False
load_change,healthy,11,3,False,0.35247444246139586,1.2478460499249124,False
load_change,healthy,11,4,False,0.5212248020726671,1.2478460499249124,False
load_change,healthy,11,5,False,0.4332528751808536,1.2478460499249124,False
load_change,healthy,11,6,False,0.33571695552357034,1.2478460499249124,False
load_change,healthy,11,7,False,0.3571423132053022,1.2478460499249124,False
load_change,healthy,11,8,False,0.6069935440587096,1.2478460499249124,False
load_change,healthy,11,9,False,0.5675412028453606,1.2478460499249124,False
load_change,healthy,11,10,False,0.3222108916377381,1.2478460499249124,False
load_change,healthy,11,11,False,0.35247444246139586,1.2478460499249124,False
load_change,healthy,12,0,False,0.5088994490352392,1.2478460499249124,False
load_change,healthy,12,1,False,0.3402764715948871,1.2478460499249124,False
load_change,healthy,12,2,False,0.45222578251677586,1.2478460499249124,False
load_change,healthy,12,3,False,0.5574631979521135,1.2478460499249124,False
load_change,healthy,12,4,False,0.5088994490352392,1.2478460499249124,False
load_change,healthy,12,5,False,0.315369587879859,1.2478460499249124,False
load_change,healthy,12,6,False,0.33004521111292473,1.2478460499249124,False
load_change,healthy,12,7,False,0.3345073384937588,1.2478460499249124,False
load_change,healthy,12,8,False,0.45571725900282883,1.2478460499249124,False
load_change,healthy,12,9,False,0.3411884818426991,1.2478460499249124,False
load_change,healthy,12,10,False,0.5675412028453606,1.2478460499249124,False
load_change,healthy,12,11,False,0.45222578251677586,1.2478460499249124,False
load_change,healthy,13,0,False,0.39306089767301333,1.2478460499249124,False
load_change,healthy,13,1,False,0.39608011727876297,1.2478460499249124,False
load_change,healthy,13,2,False,0.6870426903724116,1.2478460499249124,False
load_change,healthy,13,3,False,0.41700192975320327,1.2478460499249124,False
load_change,healthy,13,4,False,0.3126939249354931,1.2478460499249124,False
load_change,healthy,13,5,False,0.3223891687745208,1.2478460499249124,False
load_change,healthy,13,6,False,0.42396625480465855,1.2478460499249124,False
load_change,healthy,13,7,False,0.5088994490352392,1.2478460499249124,False
load_change,healthy,13,8,False,0.562162581571034,1.2478460499249124,False
load_change,healthy,13,9,False,0.6711298212620463,1.2478460499249124,False
load_change,healthy,13,10,False,0.5828394338511618,1.2478460499249124,False
load_change,healthy,13,11,False,0.4363434145433994,1.2478460499249124,False
load_change,healthy,14,0,False,0.3406533874488689,1.2478460499249124,False
load_change,healthy,14,1,False,0.6537547503873959,1.2478460499249124,False
load_change,healthy,14,2,False,0.34120947461503803,1.2478460499249124,False
load_change,healthy,14,3,False,0.39833443965563464,1.2478460499249124,False
load_change,healthy,14,4,False,0.3167658645134147,1.2478460499249124,False
load_change,healthy,14,5,False,0.33847000577291025,1.2478460499249124,False
load_change,healthy,14,6,False,0.3858372145393112,1.2478460499249124,False
load_change,healthy,14,7,False,0.4657479849851954,1.2478460499249124,False
load_change,healthy,14,8,False,0.5593870356469851,1.2478460499249124,False
load_change,healthy,14,9,False,0.33847000577291025,1.2478460499249124,False
load_change,healthy,14,10,False,0.41868111126468727,1.2478460499249124,False
load_change,healthy,14,11,False,0.41868111126468727,1.2478460499249124,False
load_change,healthy,15,0,False,0.39306089767301333,1.2478460499249124,False
load_change,healthy,15,1,False,0.6701907948254817,1.2478460499249124,False
load_change,healthy,15,2,False,0.35807040920198036,1.2478460499249124,False
load_change,healthy,15,3,False,0.3836640060838998,1.2478460499249124,False
load_change,healthy,15,4,False,0.5675412028453606,1.2478460499249124,False
load_change,healthy,15,5,False,0.3961011932726356,1.2478460499249124,False
load_change,healthy,15,6,False,0.7236373677947215,1.2478460499249124,False
load_change,healthy,15,7,False,0.4737346023080388,1.2478460499249124,False
load_change,healthy,15,8,False,0.3579927826111211,1.2478460499249124,False
load_change,healthy,15,9,False,0.3858372145393112,1.2478460499249124,False
load_change,healthy,15,10,False,0.4967672351374862,1.2478460499249124,False
load_change,healthy,15,11,False,0.3187757327709105,1.2478460499249124,False
load_change,healthy,16,0,False,0.4657479849851954,1.2478460499249124,False
load_change,healthy,16,1,False,0.6069935440587096,1.2478460499249124,False
load_change,healthy,16,2,False,0.3586406169190149,1.2478460499249124,False
load_change,healthy,16,3,False,0.6701907948254817,1.2478460499249124,False
load_change,healthy,16,4,False,0.3961011932726356,1.2478460499249124,False
load_change,healthy,16,5,False,0.5247816214697631,1.2478460499249124,False
load_change,healthy,16,6,False,0.7478787120077994,1.2478460499249124,False
load_change,healthy,16,7,False,0.47039363239163384,1.2478460499249124,False
load_change,healthy,16,8,False,0.5003494974970563,1.2478460499249124,False
load_change,healthy,16,9,False,0.4800457124798731,1.2478460499249124,False
load_change,healthy,16,10,False,0.3223891687745208,1.2478460499249124,False
load_change,healthy,16,11,False,0.7314938609599719,1.2478460499249124,False
load_change,healthy,17,0,False,0.3679459284726249,1.2478460499249124,False
load_change,healthy,17,1,False,0.7458696210238044,1.2478460499249124,False
load_change,healthy,17,2,False,0.4332528751808536,1.2478460499249124,False
load_change,healthy,17,3,False,0.315369587879859,1.2478460499249124,False
load_change,healthy,17,4,False,0.3495152845517203,1.2478460499249124,False
load_change,healthy,17,5,False,0.47039363239163384,1.2478460499249124,False
load_change,healthy,17,6,False,0.4657479849851954,1.2478460499249124,False
load_change,healthy,17,7,False,0.3411884818426991,1.2478460499249124,False
load_change,healthy,17,8,False,0.35395069057461365,1.2478460499249124,False
load_change,healthy,17,9,False,0.3642375824023821,1.2478460499249124,False
load_change,healthy,17,10,False,0.35247444246139586,1.2478460499249124,False
load_change,healthy,17,11,False,0.3223891687745208,1.2478460499249124,False
load_change,healthy,18,0,False,0.4737346023080388,1.2478460499249124,False
load_change,healthy,18,1,False,0.3971340232006216,1.2478460499249124,False
load_change,healthy,18,2,False,0.33004521111292473,1.2478460499249124,False
load_change,healthy,18,3,False,0.6870426903724116,1.2478460499249124,False
load_change,healthy,18,4,False,0.5895109666950459,1.2478460499249124,False
load_change,healthy,18,5,False,0.3327120988810434,1.2478460499249124,False
load_change,healthy,18,6,False,0.4967672351374862,1.2478460499249124,False
load_change,healthy,18,7,False,0.5700548225221853,1.2478460499249124,False
load_change,healthy,18,8,False,0.3318517353924435,1.2478460499249124,False
load_change,healthy,18,9,False,0.6069935440587096,1.2478460499249124,False
load_change,healthy,18,10,False,0.4405221719168279,1.2478460499249124,False
load_change,healthy,18,11,False,0.45871691555500305,1.2478460499249124,False
load_change,healthy,19,0,False,0.6131845100521123,1.2478460499249124,False
load_change,healthy,19,1,False,0.3345073384937588,1.2478460499249124,False
load_change,healthy,19,2,False,0.7238760843850969,1.2478460499249124,False
load_change,healthy,19,3,False,0.31732002132933934,1.2478460499249124,False
load_change,healthy,19,4,False,0.5088994490352392,1.2478460499249124,False
load_change,healthy,19,5,False,0.36779522627325945,1.2478460499249124,False
load_change,healthy,19,6,False,0.41868111126468727,1.2478460499249124,False
load_change,healthy,19,7,False,0.4100776099234607,1.2478460499249124,False
load_change,healthy,19,8,False,0.6537547503873959,1.2478460499249124,False
load_change,healthy,19,9,False,0.3571423132053022,1.2478460499249124,False
load_change,healthy,19,10,False,0.7236373677947215,1.2478460499249124,False
load_change,healthy,19,11,False,0.3961011932726356,1.2478460499249124,False
load_change,healthy,20,0,False,0.3586406169190149,1.2478460499249124,False
load_change,healthy,20,1,False,0.4606302574971559,1.2478460499249124,False
load_change,healthy,20,2,False,0.6301043629622365,1.2478460499249124,False
load_change,healthy,20,3,False,0.5574631979521135,1.2478460499249124,False
load_change,healthy,20,4,False,0.6701907948254817,1.2478460499249124,False
load_change,healthy,20,5,False,0.5675412028453606,1.2478460499249124,False
load_change,healthy,20,6,False,0.4737346023080388,1.2478460499249124,False
load_change,healthy,20,7,False,0.3247087342283699,1.2478460499249124,False
load_change,healthy,20,8,False,0.6711298212620463,1.2478460499249124,False
load_change,healthy,20,9,False,0.5574631979521135,1.2478460499249124,False
load_change,healthy,20,10,False,0.48516450750342005,1.2478460499249124,False
load_change,healthy,20,11,False,0.48516450750342005,1.2478460499249124,False
load_change,fault,1,0,False,0.3205289572879013,1.2478460499249124,False
load_change,fault,1,1,False,0.48474958898898457,1.2478460499249124,False
load_change,fault,1,2,False,0.4026025234229352,1.2478460499249124,False
load_change,fault,1,3,False,0.5675412028453606,1.2478460499249124,False
load_change,fault,1,4,True,1.5004207325196957,1.2478460499249124,True
load_change,fault,1,5,True,1.4355541473270232,1.2478460499249124,True
load_change,fault,1,6,True,1.4908311752454313,1.2478460499249124,True
load_change,fault,1,7,True,1.5547195259521576,1.2478460499249124,True
load_change,fault,1,8,True,1.481061001102969,1.2478460499249124,True
load_change,fault,1,9,True,1.4714354175963957,1.2478460499249124,True
load_change,fault,1,10,True,1.4963755577705453,1.2478460499249124,True
load_change,fault,1,11,True,1.5171302692411615,1.2478460499249124,True
load_change,fault,2,0,False,0.3579927826111211,1.2478460499249124,False
load_change,fault,2,1,False,0.5588786908226812,1.2478460499249124,False
load_change,fault,2,2,False,0.6069935440587096,1.2478460499249124,False
load_change,fault,2,3,False,0.6069935440587096,1.2478460499249124,False
load_change,fault,2,4,True,1.4568716585443042,1.2478460499249124,True
load_change,fault,2,5,True,1.4589738193661184,1.2478460499249124,True
load_change,fault,2,6,True,1.4911276574274008,1.2478460499249124,True
load_change,fault,2,7,True,1.4616697008581483,1.2478460499249124,True
load_change,fault,2,8,True,1.465241437899093,1.2478460499249124,True
load_change,fault,2,9,True,1.424674495130476,1.2478460499249124,True
load_change,fault,2,10,True,1.414178732887582,1.2478460499249124,True
load_change,fault,2,11,True,1.5063379028375512,1.2478460499249124,True
load_change,fault,3,0,False,0.5593870356469851,1.2478460499249124,False
load_change,fault,3,1,False,0.3858372145393112,1.2478460499249124,False
load_change,fault,3,2,False,0.562162581571034,1.2478460499249124,False
load_change,fault,3,3,False,0.4657479849851954,1.2478460499249124,False
load_change,fault,3,4,True,1.5320281779964269,1.2478460499249124,True
load_change,fault,3,5,True,1.5416248069016263,1.2478460499249124,True
load_change,fault,3,6,True,1.4908018367194866,1.2478460499249124,True
load_change,fault,3,7,True,1.5004207325196957,1.2478460499249124,True
load_change,fault,3,8,True,1.5171302692411615,1.2478460499249124,True
load_change,fault,3,9,True,1.4963755577705453,1.2478460499249124,True
load_change,fault,3,10,True,1.4895047866874367,1.2478460499249124,True
load_change,fault,3,11,True,1.4464794102932312,1.2478460499249124,True
load_change,fault,4,0,False,0.3371884864839945,1.2478460499249124,False
load_change,fault,4,1,False,0.3187757327709105,1.2478460499249124,False
load_change,fault,4,2,False,0.42396625480465855,1.2478460499249124,False
load_change,fault,4,3,False,0.6065591022748723,1.2478460499249124,False
load_change,fault,4,4,True,1.5915211271000247,1.2478460499249124,True
load_change,fault,4,5,True,1.4908018367194866,1.2478460499249124,True
load_change,fault,4,6,True,1.5442278506706761,1.2478460499249124,True
load_change,fault,4,7,True,1.478012718142337,1.2478460499249124,True
load_change,fault,4,8,True,1.4607863356847883,1.2478460499249124,True
load_change,fault,4,9,True,1.522620819482323,1.2478460499249124,True
load_change,fault,4,10,True,1.5915211271000247,1.2478460499249124,True
load_change,fault,4,11,True,1.4417553622758947,1.2478460499249124,True
load_change,fault,5,0,False,0.3327120988810434,1.2478460499249124,False
load_change,fault,5,1,False,0.5700548225221853,1.2478460499249124,False
load_change,fault,5,2,False,0.31427942242282925,1.2478460499249124,False
load_change,fault,5,3,False,0.328533270969163,1.2478460499249124,False
load_change,fault,5,4,True,1.465241437899093,1.2478460499249124,True
load_change,fault,5,5,True,1.4714354175963957,1.2478460499249124,True
load_change,fault,5,6,True,1.4203590537044664,1.2478460499249124,True
load_change,fault,5,7,True,1.424674495130476,1.2478460499249124,True
load_change,fault,5,8,True,1.4408543252158363,1.2478460499249124,True
load_change,fault,5,9,True,1.5416248069016263,1.2478460499249124,True
load_change,fault,5,10,True,1.511971098199442,1.2478460499249124,True
load_change,fault,5,11,True,1.4568716585443042,1.2478460499249124,True
load_change,fault,6,0,False,0.3360131055417708,1.2478460499249124,False
load_change,fault,6,1,False,0.3335800331534343,1.2478460499249124,False
load_change,fault,6,2,False,0.7236373677947215,1.2478460499249124,False
load_change,fault,6,3,False,0.39608011727876297,1.2478460499249124,False
load_change,fault,6,4,True,1.4908018367194866,1.2478460499249124,True
load_change,fault,6,5,True,1.4895047866874367,1.2478460499249124,True
load_change,fault,6,6,True,1.4595053291448241,1.2478460499249124,True
load_change,fault,6,7,True,1.478012718142337,1.2478460499249124,True
load_change,fault,6,8,True,1.4345946729809058,1.2478460499249124,True
load_change,fault,6,9,True,1.5302797473049754,1.2478460499249124,True
load_change,fault,6,10,True,1.414178732887582,1.2478460499249124,True
load_change,fault,6,11,True,1.5442278506706761,1.2478460499249124,True
load_change,fault,7,0,False,0.4650623856604486,1.2478460499249124,False
load_change,fault,7,1,False,0.7238760843850969,1.2478460499249124,False
load_change,fault,7,2,False,0.31793751705742357,1.2478460499249124,False
load_change,fault,7,3,False,0.39306089767301333,1.2478460499249124,False
load_change,fault,7,4,True,1.511971098199442,1.2478460499249124,True
load_change,fault,7,5,True,1.5101715388310473,1.2478460499249124,True
load_change,fault,7,6,True,1.4714354175963957,1.2478460499249124,True
load_change,fault,7,7,True,1.529357717362567,1.2478460499249124,True
load_change,fault,7,8,True,1.4561136136504154,1.2478460499249124,True
load_change,fault,7,9,True,1.4899985402379126,1.2478460499249124,True
load_change,fault,7,10,True,1.4834288106170004,1.2478460499249124,True
load_change,fault,7,11,True,1.4568716585443042,1.2478460499249124,True
load_change,fault,8,0,False,0.6223938308332511,1.2478460499249124,False
load_change,fault,8,1,False,0.5843476525919205,1.2478460499249124,False
load_change,fault,8,2,False,0.3586406169190149,1.2478460499249124,False
load_change,fault,8,3,False,0.5408768374927285,1.2478460499249124,False
load_change,fault,8,4,True,1.538460751864084,1.2478460499249124,True
load_change,fault,8,5,True,1.5416248069016263,1.2478460499249124,True
load_change,fault,8,6,True,1.478012718142337,1.2478460499249124,True
load_change,fault,8,7,True,1.451374057470478,1.2478460499249124,True
load_change,fault,8,8,True,1.4939584722377888,1.2478460499249124,True
load_change,fault,8,9,True,1.5276439798019719,1.2478460499249124,True
load_change,fault,8,10,True,1.5785626890504953,1.2478460499249124,True
load_change,fault,8,11,True,1.465241437899093,1.2478460499249124,True
load_change,fault,9,0,False,0.5247816214697631,1.2478460499249124,False
load_change,fault,9,1,False,0.35395069057461365,1.2478460499249124,False
load_change,fault,9,2,False,0.3642375824023821,1.2478460499249124,False
load_change,fault,9,3,False,0.5247816214697631,1.2478460499249124,False
load_change,fault,9,4,True,1.529357717362567,1.2478460499249124,True
load_change,fault,9,5,True,1.529357717362567,1.2478460499249124,True
load_change,fault,9,6,True,1.529357717362567,1.2478460499249124,True
load_change,fault,9,7,True,1.4898585589356992,1.2478460499249124,True
load_change,fault,9,8,True,1.529357717362567,1.2478460499249124,True
load_change,fault,9,9,True,1.5320281779964269,1.2478460499249124,True
load_change,fault,9,10,True,1.5120640819119733,1.2478460499249124,True
load_change,fault,9,11,True,1.453519490629039,1.2478460499249124,True
load_change,fault,10,0,False,0.3836640060838998,1.2478460499249124,False
load_change,fault,10,1,False,0.5212248020726671,1.2478460499249124,False
load_change,fault,10,2,False,0.7238760843850969,1.2478460499249124,False
load_change,fault,10,3,False,0.35413227020198035,1.2478460499249124,False
load_change,fault,10,4,True,1.490831426844409,1.2478460499249124,True
load_change,fault,10,5,True,1.4599646244626143,1.2478460499249124,True
load_change,fault,10,6,True,1.534541949512788,1.2478460499249124,True
load_change,fault,10,7,True,1.440866959617054,1.2478460499249124,True
load_change,fault,10,8,True,1.4417553622758947,1.2478460499249124,True
load_change,fault,10,9,True,1.4811727942917536,1.2478460499249124,True
load_change,fault,10,10,True,1.4854517643536909,1.2478460499249124,True
load_change,fault,10,11,True,1.4814701900473033,1.2478460499249124,True
load_change,fault,11,0,False,0.5574631979521135,1.2478460499249124,False
load_change,fault,11,1,False,0.5574631979521135,1.2478460499249124,False
load_change,fault,11,2,False,0.5593870356469851,1.2478460499249124,False
load_change,fault,11,3,False,0.5088994490352392,1.2478460499249124,False
load_change,fault,11,4,True,1.4834288106170004,1.2478460499249124,True
load_change,fault,11,5,True,1.3994486249161078,1.2478460499249124,True
load_change,fault,11,6,True,1.4417553622758947,1.2478460499249124,True
load_change,fault,11,7,True,1.465241437899093,1.2478460499249124,True
load_change,fault,11,8,True,1.5063379028375512,1.2478460499249124,True
load_change,fault,11,9,True,1.453519490629039,1.2478460499249124,True
load_change,fault,11,10,True,1.5101715388310473,1.2478460499249124,True
load_change,fault,11,11,True,1.5258039292982082,1.2478460499249124,True
load_change,fault,12,0,False,0.45222578251677586,1.2478460499249124,False
load_change,fault,12,1,False,0.3495152845517203,1.2478460499249124,False
load_change,fault,12,2,False,0.3411884818426991,1.2478460499249124,False
load_change,fault,12,3,False,0.45871691555500305,1.2478460499249124,False
load_change,fault,12,4,True,1.502341386881004,1.2478460499249124,True
load_change,fault,12,5,True,1.4814701900473033,1.2478460499249124,True
load_change,fault,12,6,True,1.4364277205174338,1.2478460499249124,True
load_change,fault,12,7,True,1.451374057470478,1.2478460499249124,True
load_change,fault,12,8,True,1.5034767201755077,1.2478460499249124,True
load_change,fault,12,9,True,1.4956196062612315,1.2478460499249124,True
load_change,fault,12,10,True,1.4589998613348725,1.2478460499249124,True
load_change,fault,12,11,True,1.493355299414611,1.2478460499249124,True
load_change,fault,13,0,False,0.33628062641395173,1.2478460499249124,False
load_change,fault,13,1,False,0.38570057550510783,1.2478460499249124,False
load_change,fault,13,2,False,0.48474958898898457,1.2478460499249124,False
load_change,fault,13,3,False,0.7458696210238044,1.2478460499249124,False
load_change,fault,13,4,True,1.5302797473049754,1.2478460499249124,True
load_change,fault,13,5,True,1.4714354175963957,1.2478460499249124,True
load_change,fault,13,6,True,1.4811727942917536,1.2478460499249124,True
load_change,fault,13,7,True,1.4908311752454313,1.2478460499249124,True
load_change,fault,13,8,True,1.4981600339063457,1.2478460499249124,True
load_change,fault,13,9,True,1.4589738193661184,1.2478460499249124,True
load_change,fault,13,10,True,1.490831426844409,1.2478460499249124,True
load_change,fault,13,11,True,1.440866959617054,1.2478460499249124,True
load_change,fault,14,0,False,0.3223891687745208,1.2478460499249124,False
load_change,fault,14,1,False,0.5003494974970563,1.2478460499249124,False
load_change,fault,14,2,False,0.5588786908226812,1.2478460499249124,False
load_change,fault,14,3,False,0.4332528751808536,1.2478460499249124,False
load_change,fault,14,4,True,1.5416248069016263,1.2478460499249124,True
load_change,fault,14,5,True,1.4582547094395182,1.2478460499249124,True
load_change,fault,14,6,True,1.468556955523412,1.2478460499249124,True
load_change,fault,14,7,True,1.453519490629039,1.2478460499249124,True
load_change,fault,14,8,True,1.4425744337754256,1.2478460499249124,True
load_change,fault,14,9,True,1.5335435435724303,1.2478460499249124,True
load_change,fault,14,10,True,1.4790979513003395,1.2478460499249124,True
load_change,fault,14,11,True,1.4364277205174338,1.2478460499249124,True
load_change,fault,15,0,False,0.35084417791405265,1.2478460499249124,False
load_change,fault,15,1,False,0.6131845100521123,1.2478460499249124,False
load_change,fault,15,2,False,0.3360131055417708,1.2478460499249124,False
load_change,fault,15,3,False,0.6069935440587096,1.2478460499249124,False
load_change,fault,15,4,True,1.4355541473270232,1.2478460499249124,True
load_change,fault,15,5,True,1.5063379028375512,1.2478460499249124,True
load_change,fault,15,6,True,1.414178732887582,1.2478460499249124,True
load_change,fault,15,7,True,1.502341386881004,1.2478460499249124,True
load_change,fault,15,8,True,1.5547195259521576,1.2478460499249124,True
load_change,fault,15,9,True,1.529357717362567,1.2478460499249124,True
load_change,fault,15,10,True,1.4440681214424291,1.2478460499249124,True
load_change,fault,15,11,True,1.4285981165755917,1.2478460499249124,True
load_change,fault,16,0,False,0.6701907948254817,1.2478460499249124,False
load_change,fault,16,1,False,0.5828394338511618,1.2478460499249124,False
load_change,fault,16,2,False,0.45571725900282883,1.2478460499249124,False
load_change,fault,16,3,False,0.3345073384937588,1.2478460499249124,False
load_change,fault,16,4,True,1.4795885347643951,1.2478460499249124,True
load_change,fault,16,5,True,1.4595053291448241,1.2478460499249124,True
load_change,fault,16,6,True,1.4968018984827982,1.2478460499249124,True
load_change,fault,16,7,True,1.511971098199442,1.2478460499249124,True
load_change,fault,16,8,True,1.4811727942917536,1.2478460499249124,True
load_change,fault,16,9,True,1.5547195259521576,1.2478460499249124,True
load_change,fault,16,10,True,1.5785626890504953,1.2478460499249124,True
load_change,fault,16,11,True,1.5054339810480548,1.2478460499249124,True
load_change,fault,17,0,False,0.5675412028453606,1.2478460499249124,False
load_change,fault,17,1,False,0.3223891687745208,1.2478460499249124,False
load_change,fault,17,2,False,0.6870426903724116,1.2478460499249124,False
load_change,fault,17,3,False,0.4854116496345011,1.2478460499249124,False
load_change,fault,17,4,True,1.4835503512923232,1.2478460499249124,True
load_change,fault,17,5,True,1.453519490629039,1.2478460499249124,True
load_change,fault,17,6,True,1.5276439798019719,1.2478460499249124,True
load_change,fault,17,7,True,1.4595053291448241,1.2478460499249124,True
load_change,fault,17,8,True,1.4873436194990521,1.2478460499249124,True
load_change,fault,17,9,True,1.4285981165755917,1.2478460499249124,True
load_change,fault,17,10,True,1.511971098199442,1.2478460499249124,True
load_change,fault,17,11,True,1.4340179803981103,1.2478460499249124,True
load_change,fault,18,0,False,0.4100776099234607,1.2478460499249124,False
load_change,fault,18,1,False,0.3345439505649247,1.2478460499249124,False
load_change,fault,18,2,False,0.35247444246139586,1.2478460499249124,False
load_change,fault,18,3,False,0.7478787120077994,1.2478460499249124,False
load_change,fault,18,4,True,1.4595053291448241,1.2478460499249124,True
load_change,fault,18,5,True,1.4589998613348725,1.2478460499249124,True
load_change,fault,18,6,True,1.5320281779964269,1.2478460499249124,True
load_change,fault,18,7,True,1.486704110822258,1.2478460499249124,True
load_change,fault,18,8,True,1.4939584722377888,1.2478460499249124,True
load_change,fault,18,9,True,1.5004207325196957,1.2478460499249124,True
load_change,fault,18,10,True,1.486704110822258,1.2478460499249124,True
load_change,fault,18,11,True,1.4544927798868532,1.2478460499249124,True
load_change,fault,19,0,False,0.328533270969163,1.2478460499249124,False
load_change,fault,19,1,False,0.3223891687745208,1.2478460499249124,False
load_change,fault,19,2,False,0.5408768374927285,1.2478460499249124,False
load_change,fault,19,3,False,0.6537547503873959,1.2478460499249124,False
load_change,fault,19,4,True,1.5416248069016263,1.2478460499249124,True
load_change,fault,19,5,True,1.468556955523412,1.2478460499249124,True
load_change,fault,19,6,True,1.4589738193661184,1.2478460499249124,True
load_change,fault,19,7,True,1.4895047866874367,1.2478460499249124,True
load_change,fault,19,8,True,1.4285981165755917,1.2478460499249124,True
load_change,fault,19,9,True,1.4464977440638676,1.2478460499249124,True
load_change,fault,19,10,True,1.462017567241219,1.2478460499249124,True
load_change,fault,19,11,True,1.4811727942917536,1.2478460499249124,True
load_change,fault,20,0,False,0.3360131055417708,1.2478460499249124,False
load_change,fault,20,1,False,0.6131845100521123,1.2478460499249124,False
load_change,fault,20,2,False,0.3223891687745208,1.2478460499249124,False
load_change,fault,20,3,False,0.3402764715948871,1.2478460499249124,False
load_change,fault,20,4,True,1.5276439798019719,1.2478460499249124,True
load_change,fault,20,5,True,1.4667996859759855,1.2478460499249124,True
load_change,fault,20,6,True,1.5063379028375512,1.2478460499249124,True
load_change,fault,20,7,True,1.486704110822258,1.2478460499249124,True
load_change,fault,20,8,True,1.502341386881004,1.2478460499249124,True
load_change,fault,20,9,True,1.5034767201755077,1.2478460499249124,True
load_change,fault,20,10,True,1.522620819482323,1.2478460499249124,True
load_change,fault,20,11,True,1.5258039292982082,1.2478460499249124,True
speed_drift,healthy,1,0,False,0.4300099088061137,1.2478460499249124,False
speed_drift,healthy,1,1,False,0.44821352249094937,1.2478460499249124,False
speed_drift,healthy,1,2,False,0.4401362386640317,1.2478460499249124,False
speed_drift,healthy,1,3,False,0.4523693748953029,1.2478460499249124,False
speed_drift,healthy,1,4,False,0.4531649648978346,1.2478460499249124,False
speed_drift,healthy,1,5,False,0.42544552505495836,1.2478460499249124,False
speed_drift,healthy,1,6,False,0.43187513927658855,1.2478460499249124,False
speed_drift,healthy,1,7,False,0.42544552505495836,1.2478460499249124,False
speed_drift,healthy,1,8,False,0.43603355045254205,1.2478460499249124,False
speed_drift,healthy,1,9,False,0.4327211865584442,1.2478460499249124,False
speed_drift,healthy,1,10,False,0.4338942454965392,1.2478460499249124,False
speed_drift,healthy,1,11,False,0.40654099367794766,1.2478460499249124,False
speed_drift,healthy,2,0,False,0.4342172669146044,1.2478460499249124,False
speed_drift,healthy,2,1,False,0.44314930969830535,1.2478460499249124,False
speed_drift,healthy,2,2,False,0.43567475979763537,1.2478460499249124,False
speed_drift,healthy,2,3,False,0.44755117830707275,1.2478460499249124,False
speed_drift,healthy,2,4,False,0.43666287415518273,1.2478460499249124,False
speed_drift,healthy,2,5,False,0.4327211865584442,1.2478460499249124,False
speed_drift,healthy,2,6,False,0.4066372586291237,1.2478460499249124,False
speed_drift,healthy,2,7,False,0.45956286355588594,1.2478460499249124,False
speed_drift,healthy,2,8,False,0.4529397443348034,1.2478460499249124,False
speed_drift,healthy,2,9,False,0.4239827242789446,1.2478460499249124,False
speed_drift,healthy,2,10,False,0.4408707907023575,1.2478460499249124,False
speed_drift,healthy,2,11,False,0.4620807612067173,1.2478460499249124,False
speed_drift,healthy,3,0,False,0.45956286355588594,1.2478460499249124,False
speed_drift,healthy,3,1,False,0.45507000423753613,1.2478460499249124,False
speed_drift,healthy,3,2,False,0.4515169869563226,1.2478460499249124,False
speed_drift,healthy,3,3,False,0.4313821705184802,1.2478460499249124,False
speed_drift,healthy,3,4,False,0.43138629659656663,1.2478460499249124,False
speed_drift,healthy,3,5,False,0.42564152492781326,1.2478460499249124,False
speed_drift,healthy,3,6,False,0.4196603845150265,1.2478460499249124,False
speed_drift,healthy,3,7,False,0.4207795734720635,1.2478460499249124,False
speed_drift,healthy,3,8,False,0.441900132425751,1.2478460499249124,False
speed_drift,healthy,3,9,False,0.43450528300626284,1.2478460499249124,False
speed_drift,healthy,3,10,False,0.4113306035595232,1.2478460499249124,False
speed_drift,healthy,3,11,False,0.4313821705184802,1.2478460499249124,False
speed_drift,healthy,4,0,False,0.42354630701912255,1.2478460499249124,False
speed_drift,healthy,4,1,False,0.44272440478291203,1.2478460499249124,False
speed_drift,healthy,4,2,False,0.441900132425751,1.2478460499249124,False
speed_drift,healthy,4,3,False,0.4092565216656912,1.2478460499249124,False
speed_drift,healthy,4,4,False,0.4408707907023575,1.2478460499249124,False
speed_drift,healthy,4,5,False,0.44729993697659715,1.2478460499249124,False
speed_drift,healthy,4,6,False,0.43040256060721993,1.2478460499249124,False
speed_drift,healthy,4,7,False,0.4092565216656912,1.2478460499249124,False
speed_drift,healthy,4,8,False,0.44729993697659715,1.2478460499249124,False
speed_drift,healthy,4,9,False,0.44067856917846054,1.2478460499249124,False
speed_drift,healthy,4,10,False,0.43666287415518273,1.2478460499249124,False
speed_drift,healthy,4,11,False,0.4300099088061137,1.2478460499249124,False
speed_drift,healthy,5,0,False,0.4260794441103422,1.2478460499249124,False
speed_drift,healthy,5,1,False,0.4319957929334099,1.2478460499249124,False
speed_drift,healthy,5,2,False,0.4142382227371554,1.2478460499249124,False
speed_drift,healthy,5,3,False,0.41241042757051166,1.2478460499249124,False
speed_drift,healthy,5,4,False,0.4537622301054718,1.2478460499249124,False
speed_drift,healthy,5,5,False,0.4210432792989562,1.2478460499249124,False
speed_drift,healthy,5,6,False,0.44755117830707275,1.2478460499249124,False
speed_drift,healthy,5,7,False,0.43117916961844455,1.2478460499249124,False
speed_drift,healthy,5,8,False,0.41198850534878756,1.2478460499249124,False
speed_drift,healthy,5,9,False,0.4390070157779036,1.2478460499249124,False
speed_drift,healthy,5,10,False,0.4172782738222465,1.2478460499249124,False
speed_drift,healthy,5,11,False,0.42413643734742545,1.2478460499249124,False
speed_drift,healthy,6,0,False,0.42615348444783513,1.2478460499249124,False
speed_drift,healthy,6,1,False,0.44272440478291203,1.2478460499249124,False
speed_drift,healthy,6,2,False,0.43567475979763537,1.2478460499249124,False
speed_drift,healthy,6,3,False,0.4398112075870041,1.2478460499249124,False
speed_drift,healthy,6,4,False,0.4345081858545692,1.2478460499249124,False
speed_drift,healthy,6,5,False,0.4398112075870041,1.2478460499249124,False
speed_drift,healthy,6,6,False,0.42564152492781326,1.2478460499249124,False
speed_drift,healthy,6,7,False,0.4305753382693952,1.2478460499249124,False
speed_drift,healthy,6,8,False,0.44298639501111753,1.2478460499249124,False
speed_drift,healthy,6,9,False,0.44755117830707275,1.2478460499249124,False
speed_drift,healthy,6,10,False,0.4300099088061137,1.2478460499249124,False
speed_drift,healthy,6,11,False,0.42847052705454947,1.2478460499249124,False
speed_drift,healthy,7,0,False,0.4313821705184802,1.2478460499249124,False
speed_drift,healthy,7,1,False,0.42354630701912255,1.2478460499249124,False
speed_drift,healthy,7,2,False,0.4495552092793276,1.2478460499249124,False
speed_drift,healthy,7,3,False,0.4207795734720635,1.2478460499249124,False
speed_drift,healthy,7,4,False,0.4288610320822372,1.2478460499249124,False
speed_drift,healthy,7,5,False,0.4239827242789446,1.2478460499249124,False
speed_drift,healthy,7,6,False,0.41241042757051166,1.2478460499249124,False
speed_drift,healthy,7,7,False,0.43704000160037226,1.2478460499249124,False
speed_drift,healthy,7,8,False,0.4135559720155929,1.2478460499249124,False
speed_drift,healthy,7,9,False,0.42354630701912255,1.2478460499249124,False
speed_drift,healthy,7,10,False,0.43603355045254205,1.2478460499249124,False
speed_drift,healthy,7,11,False,0.42252454829942737,1.2478460499249124,False
speed_drift,healthy,8,0,False,0.43138629659656663,1.2478460499249124,False
speed_drift,healthy,8,1,False,0.4092565216656912,1.2478460499249124,False
speed_drift,healthy,8,2,False,0.4182253609558891,1.2478460499249124,False
speed_drift,healthy,8,3,False,0.4182253609558891,1.2478460499249124,False
speed_drift,healthy,8,4,False,0.4250716238241014,1.2478460499249124,False
speed_drift,healthy,8,5,False,0.43666287415518273,1.2478460499249124,False
speed_drift,healthy,8,6,False,0.43040256060721993,1.2478460499249124,False
speed_drift,healthy,8,7,False,0.4446769110832053,1.2478460499249124,False
speed_drift,healthy,8,8,False,0.4327211865584442,1.2478460499249124,False
speed_drift,healthy,8,9,False,0.469309240504593,1.2478460499249124,False
speed_drift,healthy,8,10,False,0.4342172669146044,1.2478460499249124,False
speed_drift,healthy,8,11,False,0.4432674287103783,1.2478460499249124,False
speed_drift,healthy,9,0,False,0.40433507475352076,1.2478460499249124,False
speed_drift,healthy,9,1,False,0.4537622301054718,1.2478460499249124,False
speed_drift,healthy,9,2,False,0.4432674287103783,1.2478460499249124,False
speed_drift,healthy,9,3,False,0.4398112075870041,1.2478460499249124,False
speed_drift,healthy,9,4,False,0.42960248136795476,1.2478460499249124,False
speed_drift,healthy,9,5,False,0.4196603845150265,1.2478460499249124,False
speed_drift,healthy,9,6,False,0.44067856917846054,1.2478460499249124,False
speed_drift,healthy,9,7,False,0.43666287415518273,1.2478460499249124,False
speed_drift,healthy,9,8,False,0.4375996560400782,1.2478460499249124,False
speed_drift,healthy,9,9,False,0.43450528300626284,1.2478460499249124,False
speed_drift,healthy,9,10,False,0.4545501729847051,1.2478460499249124,False
speed_drift,healthy,9,11,False,0.46765002268526534,1.2478460499249124,False
speed_drift,healthy,10,0,False,0.4338942454965392,1.2478460499249124,False
speed_drift,healthy,10,1,False,0.4531649648978346,1.2478460499249124,False
speed_drift,healthy,10,2,False,0.4128808727099396,1.2478460499249124,False
speed_drift,healthy,10,3,False,0.43869499643920257,1.2478460499249124,False
speed_drift,healthy,10,4,False,0.46765002268526534,1.2478460499249124,False
speed_drift,healthy,10,5,False,0.41198850534878756,1.2478460499249124,False
speed_drift,healthy,10,6,False,0.4328380968177886,1.2478460499249124,False
speed_drift,healthy,10,7,False,0.45281454801904863,1.2478460499249124,False
speed_drift,healthy,10,8,False,0.4313821705184802,1.2478460499249124,False
speed_drift,healthy,10,9,False,0.42544552505495836,1.2478460499249124,False
speed_drift,healthy,10,10,False,0.4515169869563226,1.2478460499249124,False
speed_drift,healthy,10,11,False,0.4390070157779036,1.2478460499249124,False
speed_drift,healthy,11,0,False,0.44821352249094937,1.2478460499249124,False
speed_drift,healthy,11,1,False,0.40654099367794766,1.2478460499249124,False
speed_drift,healthy,11,2,False,0.4171363442228459,1.2478460499249124,False
speed_drift,healthy,11,3,False,0.4313821705184802,1.2478460499249124,False
speed_drift,healthy,11,4,False,0.41777375949713635,1.2478460499249124,False
speed_drift,healthy,11,5,False,0.44314930969830535,1.2478460499249124,False
speed_drift,healthy,11,6,False,0.41198850534878756,1.2478460499249124,False
speed_drift,healthy,11,7,False,0.4286727747674854,1.2478460499249124,False
speed_drift,healthy,11,8,False,0.42354630701912255,1.2478460499249124,False
speed_drift,healthy,11,9,False,0.4531649648978346,1.2478460499249124,False
speed_drift,healthy,11,10,False,0.441900132425751,1.2478460499249124,False
speed_drift,healthy,11,11,False,0.42354630701912255,1.2478460499249124,False
speed_drift,healthy,12,0,False,0.4318409613807942,1.2478460499249124,False
speed_drift,healthy,12,1,False,0.4401362386640317,1.2478460499249124,False
speed_drift,healthy,12,2,False,0.4128605460096964,1.2478460499249124,False
speed_drift,healthy,12,3,False,0.42847052705454947,1.2478460499249124,False
speed_drift,healthy,12,4,False,0.43222700555541504,1.2478460499249124,False
speed_drift,healthy,12,5,False,0.4286727747674854,1.2478460499249124,False
speed_drift,healthy,12,6,False,0.4375996560400782,1.2478460499249124,False
speed_drift,healthy,12,7,False,0.4529397443348034,1.2478460499249124,False
speed_drift,healthy,12,8,False,0.4375996560400782,1.2478460499249124,False
speed_drift,healthy,12,9,False,0.44266341219398864,1.2478460499249124,False
speed_drift,healthy,12,10,False,0.44067856917846054,1.2478460499249124,False
speed_drift,healthy,12,11,False,0.4327211865584442,1.2478460499249124,False
speed_drift,healthy,13,0,False,0.462269034928015,1.2478460499249124,False
speed_drift,healthy,13,1,False,0.469309240504593,1.2478460499249124,False
speed_drift,healthy,13,2,False,0.4066372586291237,1.2478460499249124,False
speed_drift,healthy,13,3,False,0.4135559720155929,1.2478460499249124,False
speed_drift,healthy,13,4,False,0.44755117830707275,1.2478460499249124,False
speed_drift,healthy,13,5,False,0.4300099088061137,1.2478460499249124,False
speed_drift,healthy,13,6,False,0.41428221610716276,1.2478460499249124,False
speed_drift,healthy,13,7,False,0.4432859071948555,1.2478460499249124,False
speed_drift,healthy,13,8,False,0.46314147387303845,1.2478460499249124,False
speed_drift,healthy,13,9,False,0.4182253609558891,1.2478460499249124,False
speed_drift,healthy,13,10,False,0.40654099367794766,1.2478460499249124,False
speed_drift,healthy,13,11,False,0.44729993697659715,1.2478460499249124,False
speed_drift,healthy,14,0,False,0.44729993697659715,1.2478460499249124,False
speed_drift,healthy,14,1,False,0.4590994413626799,1.2478460499249124,False
speed_drift,healthy,14,2,False,0.4196603845150265,1.2478460499249124,False
speed_drift,healthy,14,3,False,0.42391431233578625,1.2478460499249124,False
speed_drift,healthy,14,4,False,0.44314930969830535,1.2478460499249124,False
speed_drift,healthy,14,5,False,0.4340095161362189,1.2478460499249124,False
speed_drift,healthy,14,6,False,0.42847052705454947,1.2478460499249124,False
speed_drift,healthy,14,7,False,0.43742026427803865,1.2478460499249124,False
speed_drift,healthy,14,8,False,0.42544552505495836,1.2478460499249124,False
speed_drift,healthy,14,9,False,0.41777375949713635,1.2478460499249124,False
speed_drift,healthy,14,10,False,0.45281454801904863,1.2478460499249124,False
speed_drift,healthy,14,11,False,0.43869499643920257,1.2478460499249124,False
speed_drift,healthy,15,0,False,0.46765002268526534,1.2478460499249124,False
speed_drift,healthy,15,1,False,0.4418469551910417,1.2478460499249124,False
speed_drift,healthy,15,2,False,0.44821352249094937,1.2478460499249124,False
speed_drift,healthy,15,3,False,0.44755117830707275,1.2478460499249124,False
speed_drift,healthy,15,4,False,0.43040256060721993,1.2478460499249124,False
speed_drift,healthy,15,5,False,0.4142382227371554,1.2478460499249124,False
speed_drift,healthy,15,6,False,0.4345081858545692,1.2478460499249124,False
speed_drift,healthy,15,7,False,0.4239827242789446,1.2478460499249124,False
speed_drift,healthy,15,8,False,0.4135816523201073,1.2478460499249124,False
speed_drift,healthy,15,9,False,0.41198850534878756,1.2478460499249124,False
speed_drift,healthy,15,10,False,0.4239236919527647,1.2478460499249124,False
speed_drift,healthy,15,11,False,0.4182253609558891,1.2478460499249124,False
speed_drift,healthy,16,0,False,0.41777375949713635,1.2478460499249124,False
speed_drift,healthy,16,1,False,0.4432674287103783,1.2478460499249124,False
speed_drift,healthy,16,2,False,0.4210432792989562,1.2478460499249124,False
speed_drift,healthy,16,3,False,0.43481121104096326,1.2478460499249124,False
speed_drift,healthy,16,4,False,0.4207795734720635,1.2478460499249124,False
speed_drift,healthy,16,5,False,0.42960248136795476,1.2478460499249124,False
speed_drift,healthy,16,6,False,0.42252454829942737,1.2478460499249124,False
speed_drift,healthy,16,7,False,0.4286727747674854,1.2478460499249124,False
speed_drift,healthy,16,8,False,0.4135816523201073,1.2478460499249124,False
speed_drift,healthy,16,9,False,0.4210432792989562,1.2478460499249124,False
speed_drift,healthy,16,10,False,0.4092565216656912,1.2478460499249124,False
speed_drift,healthy,16,11,False,0.4483222704201959,1.2478460499249124,False
speed_drift,healthy,17,0,False,0.43567475979763537,1.2478460499249124,False
speed_drift,healthy,17,1,False,0.441900132425751,1.2478460499249124,False
speed_drift,healthy,17,2,False,0.42847052705454947,1.2478460499249124,False
speed_drift,healthy,17,3,False,0.4128808727099396,1.2478460499249124,False
speed_drift,healthy,17,4,False,0.42252454829942737,1.2478460499249124,False
speed_drift,healthy,17,5,False,0.43040256060721993,1.2478460499249124,False
speed_drift,healthy,17,6,False,0.4128605460096964,1.2478460499249124,False
speed_drift,healthy,17,7,False,0.42354630701912255,1.2478460499249124,False
speed_drift,healthy,17,8,False,0.4250716238241014,1.2478460499249124,False
speed_drift,healthy,17,9,False,0.43973853737221835,1.2478460499249124,False
speed_drift,healthy,17,10,False,0.41198850534878756,1.2478460499249124,False
speed_drift,healthy,17,11,False,0.4678082878454241,1.2478460499249124,False
speed_drift,healthy,18,0,False,0.4340095161362189,1.2478460499249124,False
speed_drift,healthy,18,1,False,0.4340095161362189,1.2478460499249124,False
speed_drift,healthy,18,2,False,0.4300099088061137,1.2478460499249124,False
speed_drift,healthy,18,3,False,0.4531649648978346,1.2478460499249124,False
speed_drift,healthy,18,4,False,0.43704000160037226,1.2478460499249124,False
speed_drift,healthy,18,5,False,0.4398112075870041,1.2478460499249124,False
speed_drift,healthy,18,6,False,0.4142382227371554,1.2478460499249124,False
speed_drift,healthy,18,7,False,0.3919091017591525,1.2478460499249124,False
speed_drift,healthy,18,8,False,0.4342172669146044,1.2478460499249124,False
speed_drift,healthy,18,9,False,0.4531649648978346,1.2478460499249124,False
speed_drift,healthy,18,10,False,0.43040256060721993,1.2478460499249124,False
speed_drift,healthy,18,11,False,0.40654099367794766,1.2478460499249124,False
speed_drift,healthy,19,0,False,0.43222700555541504,1.2478460499249124,False
speed_drift,healthy,19,1,False,0.4375996560400782,1.2478460499249124,False
speed_drift,healthy,19,2,False,0.43040256060721993,1.2478460499249124,False
speed_drift,healthy,19,3,False,0.4239236919527647,1.2478460499249124,False
speed_drift,healthy,19,4,False,0.4172782738222465,1.2478460499249124,False
speed_drift,healthy,19,5,False,0.4279500374426536,1.2478460499249124,False
speed_drift,healthy,19,6,False,0.4128808727099396,1.2478460499249124,False
speed_drift,healthy,19,7,False,0.4172782738222465,1.2478460499249124,False
speed_drift,healthy,19,8,False,0.44098963032835137,1.2478460499249124,False
speed_drift,healthy,19,9,False,0.43481121104096326,1.2478460499249124,False
speed_drift,healthy,19,10,False,0.4286727747674854,1.2478460499249124,False
speed_drift,healthy,19,11,False,0.4342172669146044,1.2478460499249124,False
speed_drift,healthy,20,0,False,0.4260794441103422,1.2478460499249124,False
speed_drift,healthy,20,1,False,0.462269034928015,1.2478460499249124,False
speed_drift,healthy,20,2,False,0.45281454801904863,1.2478460499249124,False
speed_drift,healthy,20,3,False,0.4300099088061137,1.2478460499249124,False
speed_drift,healthy,20,4,False,0.43457679648510394,1.2478460499249124,False
speed_drift,healthy,20,5,False,0.41198850534878756,1.2478460499249124,False
speed_drift,healthy,20,6,False,0.4210432792989562,1.2478460499249124,False
speed_drift,healthy,20,7,False,0.43869499643920257,1.2478460499249124,False
speed_drift,healthy,20,8,False,0.4328380968177886,1.2478460499249124,False
speed_drift,healthy,20,9,False,0.462269034928015,1.2478460499249124,False
speed_drift,healthy,20,10,False,0.43666287415518273,1.2478460499249124,False
speed_drift,healthy,20,11,False,0.40433507475352076,1.2478460499249124,False
speed_drift,fault,1,0,False,0.4318409613807942,1.2478460499249124,False
speed_drift,fault,1,1,False,0.44821352249094937,1.2478460499249124,False
speed_drift,fault,1,2,False,0.441900132425751,1.2478460499249124,False
speed_drift,fault,1,3,False,0.42960248136795476,1.2478460499249124,False
speed_drift,fault,1,4,True,1.374972347624003,1.2478460499249124,True
speed_drift,fault,1,5,True,1.4992352519755392,1.2478460499249124,True
speed_drift,fault,1,6,True,1.4223825895847446,1.2478460499249124,True
speed_drift,fault,1,7,True,1.4626860193115705,1.2478460499249124,True
speed_drift,fault,1,8,True,1.5157731062879196,1.2478460499249124,True
speed_drift,fault,1,9,True,1.3537922489634429,1.2478460499249124,True
speed_drift,fault,1,10,True,1.29284678517039,1.2478460499249124,True
speed_drift,fault,1,11,True,1.3888267540883539,1.2478460499249124,True
speed_drift,fault,2,0,False,0.4339757494709065,1.2478460499249124,False
speed_drift,fault,2,1,False,0.42252454829942737,1.2478460499249124,False
speed_drift,fault,2,2,False,0.42354630701912255,1.2478460499249124,False
speed_drift,fault,2,3,False,0.4285386933833663,1.2478460499249124,False
speed_drift,fault,2,4,True,1.5153306426649704,1.2478460499249124,True
speed_drift,fault,2,5,True,1.4223825895847446,1.2478460499249124,True
speed_drift,fault,2,6,True,1.4269155201687498,1.2478460499249124,True
speed_drift,fault,2,7,True,1.485745766273413,1.2478460499249124,True
speed_drift,fault,2,8,True,1.419670906349229,1.2478460499249124,True
speed_drift,fault,2,9,True,1.416298568085542,1.2478460499249124,True
speed_drift,fault,2,10,True,1.4555872229324345,1.2478460499249124,True
speed_drift,fault,2,11,True,1.4608753195894277,1.2478460499249124,True
speed_drift,fault,3,0,False,0.41579856296608225,1.2478460499249124,False
speed_drift,fault,3,1,False,0.42391431233578625,1.2478460499249124,False
speed_drift,fault,3,2,False,0.4300099088061137,1.2478460499249124,False
speed_drift,fault,3,3,False,0.4092565216656912,1.2478460499249124,False
speed_drift,fault,3,4,True,1.4918340827638716,1.2478460499249124,True
speed_drift,fault,3,5,True,1.3541501877551299,1.2478460499249124,True
speed_drift,fault,3,6,True,1.445404375154584,1.2478460499249124,True
speed_drift,fault,3,7,True,1.5173805506944573,1.2478460499249124,True
speed_drift,fault,3,8,True,1.4570411742537173,1.2478460499249124,True
speed_drift,fault,3,9,True,1.5173805506944573,1.2478460499249124,True
speed_drift,fault,3,10,True,1.3537922489634429,1.2478460499249124,True
speed_drift,fault,3,11,True,1.404469130020522,1.2478460499249124,True
speed_drift,fault,4,0,False,0.45507000423753613,1.2478460499249124,False
speed_drift,fault,4,1,False,0.43869499643920257,1.2478460499249124,False
speed_drift,fault,4,2,False,0.4135816523201073,1.2478460499249124,False
speed_drift,fault,4,3,False,0.4172782738222465,1.2478460499249124,False
speed_drift,fault,4,4,True,1.4818709012821771,1.2478460499249124,True
speed_drift,fault,4,5,True,1.5153306426649704,1.2478460499249124,True
speed_drift,fault,4,6,True,1.4247430581973526,1.2478460499249124,True
speed_drift,fault,4,7,True,1.3738225295725854,1.2478460499249124,True
speed_drift,fault,4,8,True,1.3664462680040645,1.2478460499249124,True
speed_drift,fault,4,9,True,1.424412025889336,1.2478460499249124,True
speed_drift,fault,4,10,True,1.3793278609085509,1.2478460499249124,True
speed_drift,fault,4,11,True,1.4545875951536746,1.2478460499249124,True
speed_drift,fault,5,0,False,0.4537622301054718,1.2478460499249124,False
speed_drift,fault,5,1,False,0.44298639501111753,1.2478460499249124,False
speed_drift,fault,5,2,False,0.40433507475352076,1.2478460499249124,False
speed_drift,fault,5,3,False,0.43138629659656663,1.2478460499249124,False
speed_drift,fault,5,4,True,1.5135605594949355,1.2478460499249124,True
speed_drift,fault,5,5,True,1.329519268088774,1.2478460499249124,True
speed_drift,fault,5,6,True,1.3541501877551299,1.2478460499249124,True
speed_drift,fault,5,7,True,1.4030324176002524,1.2478460499249124,True
speed_drift,fault,5,8,True,1.416298568085542,1.2478460499249124,True
speed_drift,fault,5,9,True,1.4465792547244545,1.2478460499249124,True
speed_drift,fault,5,10,True,1.4873749550650048,1.2478460499249124,True
speed_drift,fault,5,11,True,1.5135605594949355,1.2478460499249124,True
speed_drift,fault,6,0,False,0.4288610320822372,1.2478460499249124,False
speed_drift,fault,6,1,False,0.42354630701912255,1.2478460499249124,False
speed_drift,fault,6,2,False,0.4319957929334099,1.2478460499249124,False
speed_drift,fault,6,3,False,0.4207795734720635,1.2478460499249124,False
speed_drift,fault,6,4,True,1.3664462680040645,1.2478460499249124,True
speed_drift,fault,6,5,True,1.4461765184088398,1.2478460499249124,True
speed_drift,fault,6,6,True,1.5238645279363807,1.2478460499249124,True
speed_drift,fault,6,7,True,1.4971935177942,1.2478460499249124,True
speed_drift,fault,6,8,True,1.3373738111299192,1.2478460499249124,True
speed_drift,fault,6,9,True,1.4893400692845287,1.2478460499249124,True
speed_drift,fault,6,10,True,1.3658104364811998,1.2478460499249124,True
speed_drift,fault,6,11,True,1.4570411742537173,1.2478460499249124,True
speed_drift,fault,7,0,False,0.4261474606207073,1.2478460499249124,False
speed_drift,fault,7,1,False,0.4398112075870041,1.2478460499249124,False
speed_drift,fault,7,2,False,0.4620807612067173,1.2478460499249124,False
speed_drift,fault,7,3,False,0.4327211865584442,1.2478460499249124,False
speed_drift,fault,7,4,True,1.29284678517039,1.2478460499249124,True
speed_drift,fault,7,5,True,1.478521906942954,1.2478460499249124,True
speed_drift,fault,7,6,True,1.3706455336041654,1.2478460499249124,True
speed_drift,fault,7,7,True,1.4043704526174252,1.2478460499249124,True
speed_drift,fault,7,8,True,1.4056983699270895,1.2478460499249124,True
speed_drift,fault,7,9,True,1.4465792547244545,1.2478460499249124,True
speed_drift,fault,7,10,True,1.5163551913683004,1.2478460499249124,True
speed_drift,fault,7,11,True,1.4223825895847446,1.2478460499249124,True
speed_drift,fault,8,0,False,0.42847052705454947,1.2478460499249124,False
speed_drift,fault,8,1,False,0.426430684273416,1.2478460499249124,False
speed_drift,fault,8,2,False,0.43040256060721993,1.2478460499249124,False
speed_drift,fault,8,3,False,0.43666287415518273,1.2478460499249124,False
speed_drift,fault,8,4,True,1.4003569273180745,1.2478460499249124,True
speed_drift,fault,8,5,True,1.3606305790366293,1.2478460499249124,True
speed_drift,fault,8,6,True,1.4269155201687498,1.2478460499249124,True
speed_drift,fault,8,7,True,1.3373738111299192,1.2478460499249124,True
speed_drift,fault,8,8,True,1.5072095782185457,1.2478460499249124,True
speed_drift,fault,8,9,True,1.3888267540883539,1.2478460499249124,True
speed_drift,fault,8,10,True,1.3553248612784112,1.2478460499249124,True
speed_drift,fault,8,11,True,1.4545875951536746,1.2478460499249124,True
speed_drift,fault,9,0,False,0.4196603845150265,1.2478460499249124,False
speed_drift,fault,9,1,False,0.4171363442228459,1.2478460499249124,False
speed_drift,fault,9,2,False,0.43117916961844455,1.2478460499249124,False
speed_drift,fault,9,3,False,0.4401362386640317,1.2478460499249124,False
speed_drift,fault,9,4,True,1.422053185000501,1.2478460499249124,True
speed_drift,fault,9,5,True,1.4243020241063284,1.2478460499249124,True
speed_drift,fault,9,6,True,1.4598970263729463,1.2478460499249124,True
speed_drift,fault,9,7,True,1.3544957791881032,1.2478460499249124,True
speed_drift,fault,9,8,True,1.3664462680040645,1.2478460499249124,True
speed_drift,fault,9,9,True,1.4073109307099285,1.2478460499249124,True
speed_drift,fault,9,10,True,1.5173805506944573,1.2478460499249124,True
speed_drift,fault,9,11,True,1.4057249912795837,1.2478460499249124,True
speed_drift,fault,10,0,False,0.4285386933833663,1.2478460499249124,False
speed_drift,fault,10,1,False,0.44067856917846054,1.2478460499249124,False
speed_drift,fault,10,2,False,0.45034241145797776,1.2478460499249124,False
speed_drift,fault,10,3,False,0.42391431233578625,1.2478460499249124,False
speed_drift,fault,10,4,True,1.424412025889336,1.2478460499249124,True
speed_drift,fault,10,5,True,1.513579816282351,1.2478460499249124,True
speed_drift,fault,10,6,True,1.466461448010226,1.2478460499249124,True
speed_drift,fault,10,7,True,1.4528053699062338,1.2478460499249124,True
speed_drift,fault,10,8,True,1.3888267540883539,1.2478460499249124,True
speed_drift,fault,10,9,True,1.5262262845128989,1.2478460499249124,True
speed_drift,fault,10,10,True,1.4247430581973526,1.2478460499249124,True
speed_drift,fault,10,11,True,1.4992352519755392,1.2478460499249124,True
speed_drift,fault,11,0,False,0.43603355045254205,1.2478460499249124,False
speed_drift,fault,11,1,False,0.4390070157779036,1.2478460499249124,False
speed_drift,fault,11,2,False,0.4319957929334099,1.2478460499249124,False
speed_drift,fault,11,3,False,0.4135559720155929,1.2478460499249124,False
speed_drift,fault,11,4,True,1.5157731062879196,1.2478460499249124,True
speed_drift,fault,11,5,True,1.3706455336041654,1.2478460499249124,True
speed_drift,fault,11,6,True,1.4465792547244545,1.2478460499249124,True
speed_drift,fault,11,7,True,1.483056161723395,1.2478460499249124,True
speed_drift,fault,11,8,True,1.407835027672905,1.2478460499249124,True
speed_drift,fault,11,9,True,1.51417035126757,1.2478460499249124,True
speed_drift,fault,11,10,True,1.5173805506944573,1.2478460499249124,True
speed_drift,fault,11,11,True,1.505848242348001,1.2478460499249124,True
speed_drift,fault,12,0,False,0.4196603845150265,1.2478460499249124,False
speed_drift,fault,12,1,False,0.44314930969830535,1.2478460499249124,False
speed_drift,fault,12,2,False,0.45034241145797776,1.2478460499249124,False
speed_drift,fault,12,3,False,0.4239236919527647,1.2478460499249124,False
speed_drift,fault,12,4,True,1.4119611336344404,1.2478460499249124,True
speed_drift,fault,12,5,True,1.5065348311772324,1.2478460499249124,True
speed_drift,fault,12,6,True,1.4057249912795837,1.2478460499249124,True
speed_drift,fault,12,7,True,1.374972347624003,1.2478460499249124,True
speed_drift,fault,12,8,True,1.5153306426649704,1.2478460499249124,True
speed_drift,fault,12,9,True,1.468831528470491,1.2478460499249124,True
speed_drift,fault,12,10,True,1.5065348311772324,1.2478460499249124,True
speed_drift,fault,12,11,True,1.3636821705764375,1.2478460499249124,True
speed_drift,fault,13,0,False,0.4313821705184802,1.2478460499249124,False
speed_drift,fault,13,1,False,0.45034241145797776,1.2478460499249124,False
speed_drift,fault,13,2,False,0.4401362386640317,1.2478460499249124,False
speed_drift,fault,13,3,False,0.4066372586291237,1.2478460499249124,False
speed_drift,fault,13,4,True,1.419670906349229,1.2478460499249124,True
speed_drift,fault,13,5,True,1.4272043046961904,1.2478460499249124,True
speed_drift,fault,13,6,True,1.398824656374786,1.2478460499249124,True
speed_drift,fault,13,7,True,1.51417035126757,1.2478460499249124,True
speed_drift,fault,13,8,True,1.4503528235070964,1.2478460499249124,True
speed_drift,fault,13,9,True,1.3658104364811998,1.2478460499249124,True
speed_drift,fault,13,10,True,1.3537922489634429,1.2478460499249124,True
speed_drift,fault,13,11,True,1.4834914146449203,1.2478460499249124,True
speed_drift,fault,14,0,False,0.4339757494709065,1.2478460499249124,False
speed_drift,fault,14,1,False,0.4620807612067173,1.2478460499249124,False
speed_drift,fault,14,2,False,0.43481121104096326,1.2478460499249124,False
speed_drift,fault,14,3,False,0.43187513927658855,1.2478460499249124,False
speed_drift,fault,14,4,True,1.4119611336344404,1.2478460499249124,True
speed_drift,fault,14,5,True,1.4873749550650048,1.2478460499249124,True
speed_drift,fault,14,6,True,1.51417035126757,1.2478460499249124,True
speed_drift,fault,14,7,True,1.5157731062879196,1.2478460499249124,True
speed_drift,fault,14,8,True,1.4741776920114762,1.2478460499249124,True
speed_drift,fault,14,9,True,1.5178969306242158,1.2478460499249124,True
speed_drift,fault,14,10,True,1.5135605594949355,1.2478460499249124,True
speed_drift,fault,14,11,True,1.4405791487668806,1.2478460499249124,True
speed_drift,fault,15,0,False,0.42960248136795476,1.2478460499249124,False
speed_drift,fault,15,1,False,0.43450528300626284,1.2478460499249124,False
speed_drift,fault,15,2,False,0.4446134765971544,1.2478460499249124,False
speed_drift,fault,15,3,False,0.469309240504593,1.2478460499249124,False
speed_drift,fault,15,4,True,1.4247430581973526,1.2478460499249124,True
speed_drift,fault,15,5,True,1.4570411742537173,1.2478460499249124,True
speed_drift,fault,15,6,True,1.4608753195894277,1.2478460499249124,True
speed_drift,fault,15,7,True,1.374972347624003,1.2478460499249124,True
speed_drift,fault,15,8,True,1.396162139359233,1.2478460499249124,True
speed_drift,fault,15,9,True,1.4056983699270895,1.2478460499249124,True
speed_drift,fault,15,10,True,1.4465792547244545,1.2478460499249124,True
speed_drift,fault,15,11,True,1.3768730469821011,1.2478460499249124,True
speed_drift,fault,16,0,False,0.42960248136795476,1.2478460499249124,False
speed_drift,fault,16,1,False,0.426430684273416,1.2478460499249124,False
speed_drift,fault,16,2,False,0.4105730337056276,1.2478460499249124,False
speed_drift,fault,16,3,False,0.4172782738222465,1.2478460499249124,False
speed_drift,fault,16,4,True,1.4598970263729463,1.2478460499249124,True
speed_drift,fault,16,5,True,1.4555872229324345,1.2478460499249124,True
speed_drift,fault,16,6,True,1.3544957791881032,1.2478460499249124,True
speed_drift,fault,16,7,True,1.4545875951536746,1.2478460499249124,True
speed_drift,fault,16,8,True,1.513579816282351,1.2478460499249124,True
speed_drift,fault,16,9,True,1.5219588131038904,1.2478460499249124,True
speed_drift,fault,16,10,True,1.4041738038605411,1.2478460499249124,True
speed_drift,fault,16,11,True,1.424412025889336,1.2478460499249124,True
speed_drift,fault,17,0,False,0.469309240504593,1.2478460499249124,False
speed_drift,fault,17,1,False,0.43905540971776,1.2478460499249124,False
speed_drift,fault,17,2,False,0.4342172669146044,1.2478460499249124,False
speed_drift,fault,17,3,False,0.4128605460096964,1.2478460499249124,False
speed_drift,fault,17,4,True,1.4555872229324345,1.2478460499249124,True
speed_drift,fault,17,5,True,1.398824656374786,1.2478460499249124,True
speed_drift,fault,17,6,True,1.5044947964023356,1.2478460499249124,True
speed_drift,fault,17,7,True,1.4272043046961904,1.2478460499249124,True
speed_drift,fault,17,8,True,1.499636905394916,1.2478460499249124,True
speed_drift,fault,17,9,True,1.3738225295725854,1.2478460499249124,True
speed_drift,fault,17,10,True,1.3946653533552293,1.2478460499249124,True
speed_drift,fault,17,11,True,1.4073109307099285,1.2478460499249124,True
speed_drift,fault,18,0,False,0.4537622301054718,1.2478460499249124,False
speed_drift,fault,18,1,False,0.42413643734742545,1.2478460499249124,False
speed_drift,fault,18,2,False,0.4537622301054718,1.2478460499249124,False
speed_drift,fault,18,3,False,0.4135816523201073,1.2478460499249124,False
speed_drift,fault,18,4,True,1.4119611336344404,1.2478460499249124,True
speed_drift,fault,18,5,True,1.520913979914657,1.2478460499249124,True
speed_drift,fault,18,6,True,1.3809386898290612,1.2478460499249124,True
speed_drift,fault,18,7,True,1.5178873787283316,1.2478460499249124,True
speed_drift,fault,18,8,True,1.4873749550650048,1.2478460499249124,True
speed_drift,fault,18,9,True,1.4247430581973526,1.2478460499249124,True
speed_drift,fault,18,10,True,1.3986910876949679,1.2478460499249124,True
speed_drift,fault,18,11,True,1.5137340333413574,1.2478460499249124,True
speed_drift,fault,19,0,False,0.4548257981295236,1.2478460499249124,False
speed_drift,fault,19,1,False,0.4483222704201959,1.2478460499249124,False
speed_drift,fault,19,2,False,0.4279500374426536,1.2478460499249124,False
speed_drift,fault,19,3,False,0.4113306035595232,1.2478460499249124,False
speed_drift,fault,19,4,True,1.398824656374786,1.2478460499249124,True
speed_drift,fault,19,5,True,1.4818709012821771,1.2478460499249124,True
speed_drift,fault,19,6,True,1.5238645279363807,1.2478460499249124,True
speed_drift,fault,19,7,True,1.505848242348001,1.2478460499249124,True
speed_drift,fault,19,8,True,1.5072095782185457,1.2478460499249124,True
speed_drift,fault,19,9,True,1.374972347624003,1.2478460499249124,True
speed_drift,fault,19,10,True,1.4030324176002524,1.2478460499249124,True
speed_drift,fault,19,11,True,1.4148100287328689,1.2478460499249124,True
speed_drift,fault,20,0,False,0.4171363442228459,1.2478460499249124,False
speed_drift,fault,20,1,False,0.46765002268526534,1.2478460499249124,False
speed_drift,fault,20,2,False,0.42651977796729795,1.2478460499249124,False
speed_drift,fault,20,3,False,0.44755117830707275,1.2478460499249124,False
speed_drift,fault,20,4,True,1.419670906349229,1.2478460499249124,True
speed_drift,fault,20,5,True,1.5163551913683004,1.2478460499249124,True
speed_drift,fault,20,6,True,1.4030324176002524,1.2478460499249124,True
speed_drift,fault,20,7,True,1.3738225295725854,1.2478460499249124,True
speed_drift,fault,20,8,True,1.396162139359233,1.2478460499249124,True
speed_drift,fault,20,9,True,1.5219588131038904,1.2478460499249124,True
speed_drift,fault,20,10,True,1.3946653533552293,1.2478460499249124,True
speed_drift,fault,20,11,True,1.3946653533552293,1.2478460499249124,True
