condition,class,run,rms,crest,kurtosis,diff_rms,normalized_impulse
clean,healthy,1,0.4592990852163586,2.126195162283891,1.8780710050345306,0.15095477065811078,0.4504092138653454
clean,healthy,2,0.47577850202087285,2.3110757781670355,1.9192119512512609,0.15463596302792235,0.4502639308128041
clean,healthy,3,0.47834842860087495,2.3053678606300734,1.8556753111924977,0.1487432070332672,0.42358813260613865
clean,healthy,4,0.47849324043260194,2.1726971805028703,1.8656362866902991,0.14786199498493469,0.4220794856390314
clean,healthy,5,0.45898689258216896,2.450466078781345,1.8842446292272537,0.15056741522219125,0.45029731205468376
clean,healthy,6,0.4555114690630852,2.1009967126511273,1.8557336445436303,0.14972220302294922,0.4477594013268205
clean,healthy,7,0.48466566559096036,2.22608449785897,1.840112805383379,0.15263745091661715,0.4272096691425629
clean,healthy,8,0.48841884779853234,2.256681424631237,1.8340433912658014,0.1490557413962638,0.4132959004316644
clean,healthy,9,0.47767903382853066,2.0049255260094956,1.8541740256683148,0.14865682870655036,0.4237638742618308
clean,healthy,10,0.484951657778477,2.192871980140102,1.8337917774867099,0.14815223005008749,0.4136992707152917
clean,healthy,11,0.4734126258611539,2.2572158704692584,1.8435874023911016,0.1506832886329408,0.43217249125591206
clean,healthy,12,0.4602641545732102,2.3191806463423905,1.8612645198192292,0.15467853688145164,0.4584869211478072
clean,healthy,13,0.45390846751521097,2.0737917491009332,1.8907093761875595,0.1496561011301958,0.453355126673871
clean,healthy,14,0.4933356055367619,2.2642942631548393,1.8350635537225954,0.14911703249378672,0.40945892919047283
clean,healthy,15,0.476256905790735,2.53943563503519,1.8981231548141986,0.15360693649309373,0.4443567024579231
clean,healthy,16,0.4742308425329542,2.312921253727459,1.8411379138348367,0.1451162219480446,0.4152114565295575
clean,healthy,17,0.45840946220039175,2.171306895284013,1.8761322314103503,0.15083982832923298,0.45070687032212037
clean,healthy,18,0.4844096339004745,2.2586296120692237,1.852623543601581,0.14864630603308746,0.4176715931069739
clean,healthy,19,0.45489095846122474,2.1506866054624014,1.8753571716148807,0.1464730863460423,0.4409532265257949
clean,healthy,20,0.4818528785061387,2.1645535213504123,1.8378697561262474,0.14689454929224213,0.4132839968252271
clean,healthy,21,0.49220654572134376,2.1952547987196427,1.8442482407741894,0.14868678475207656,0.4102368551117367
clean,healthy,22,0.4877050096784297,2.1816558449539625,1.86095345188939,0.14831312281830134,0.41484906707633284
clean,healthy,23,0.47157979343991163,2.3782772083840262,1.8478706208165425,0.1463907333287435,0.42198224548455154
clean,healthy,24,0.4616321555732523,2.3804124196591463,1.8597732452032771,0.14886924546936484,0.43978350122102866
clean,healthy,25,0.4554592166076216,2.2818708472581624,1.8614122979863874,0.14952602802501336,0.4479077650823815
clean,healthy,26,0.4824077847061018,2.170299317741431,1.8251503677282643,0.1499502359556877,0.4199350949336131
clean,healthy,27,0.48333583111612627,2.2949435559987066,1.8889024155540848,0.14994620522854757,0.42637452484009025
clean,healthy,28,0.46972049015900663,2.0297218203463077,1.8613620332191023,0.1455971111602434,0.42289122955119407
clean,healthy,29,0.46044680045051195,2.0722605970703247,1.847679764868852,0.1476652117209013,0.4359253091581564
clean,healthy,30,0.47644190388181834,2.143540687950513,1.8680289434796085,0.14662078172228016,0.42060785565345365
clean,healthy,31,0.46491537264141186,2.195355540623506,1.8673365455284885,0.15039694457920152,0.44205509979379437
clean,healthy,32,0.47898717240287014,2.145102281196819,1.8340976774130866,0.14905384070774338,0.42143492035248303
clean,healthy,33,0.47824537078723134,2.1133123054097145,1.8444431686129836,0.14723109814798752,0.4181012014363704
clean,healthy,34,0.490498927568694,2.151957635062551,1.843196583111135,0.15199727604899044,0.4207107130981371
clean,healthy,35,0.4688804978596589,2.1716589764808187,1.8693847889449366,0.14849113744313286,0.43299982090443995
clean,healthy,36,0.4888916610396727,2.212356363870856,1.8694504296730943,0.14740191858100757,0.41223748856836134
clean,healthy,37,0.4493108563023621,2.3666473504392966,1.9029032953321907,0.14634642589926417,0.4493073958510742
clean,healthy,38,0.475662948291247,2.113677355355585,1.8745406344350408,0.1449957671003956,0.41735289470666087
clean,healthy,39,0.46785741209133247,2.367446467428581,1.83502286784149,0.1473924883786015,0.4267588902448222
clean,healthy,40,0.4652222833285448,2.162458480344474,1.8769192010952178,0.1495082059788403,0.44027832981547815
clean,healthy,41,0.47888857546657937,2.315843563685726,1.8398930101961195,0.149286237686916,0.42284537171802483
clean,healthy,42,0.4593359445639941,2.2978517101186626,1.8523884653100444,0.1492960447717077,0.4423682048779494
clean,healthy,43,0.4462083768765981,2.150364751787099,1.8936617314225066,0.14945900324309735,0.4609306243207353
clean,healthy,44,0.45359443600000987,2.4672041048515867,1.87524204548452,0.1503796577311735,0.4539939227264895
clean,healthy,45,0.47153356421793735,2.3134591032182152,1.8832458960272382,0.14798132159005617,0.4306731578599831
clean,healthy,46,0.49585436153755025,2.3130987499870863,1.858008467995092,0.15189331458413913,0.4175498828227224
clean,healthy,47,0.485657130839619,2.3342017394492958,1.8510399992324713,0.1490399582246295,0.4175234304676019
clean,healthy,48,0.4725002091537131,2.221203554120124,1.870093590898217,0.1509807576315286,0.4369696423156646
clean,healthy,49,0.4859951317992412,2.057578491397411,1.8273297014804026,0.1460265120129688,0.4061703801879843
clean,healthy,50,0.4845235919064663,2.16205945084562,1.8799206160225095,0.1487185955145816,0.4208429948560998
clean,healthy,51,0.4619425232401659,2.430245651910166,1.8641635835158745,0.1471045085179221,0.43479050465710467
clean,healthy,52,0.49363125348215176,2.2806588353212245,1.8448263032233179,0.15095012254767293,0.4153445942181295
clean,healthy,53,0.4737936501390689,2.423718595669747,1.8588944451699432,0.15109862720203063,0.43480912276877404
clean,healthy,54,0.4810028289665092,2.222214310106531,1.8384633471143388,0.15555558560433405,0.4384958297632575
clean,healthy,55,0.4825190765288076,2.2130822999115014,1.8582776696777294,0.14905093395256233,0.4210905718684264
clean,healthy,56,0.4831021296784971,2.2266086349434895,1.8395826114563691,0.14668536394099083,0.4118200420349834
clean,healthy,57,0.4524082627735391,2.21807422543912,1.8576730574072546,0.1455556998580254,0.4385138651903563
clean,healthy,58,0.46718967284367485,2.207401999353875,1.83909812300954,0.1506571867438004,0.4373197285586412
clean,healthy,59,0.46183993587251065,2.2768174570895727,1.8608733354889757,0.15133838439190592,0.4470087410327325
clean,healthy,60,0.47499976729295534,2.1904828291407914,1.8545559280402117,0.15061990911824452,0.43182616347661934
clean,healthy,61,0.4867001963670844,2.1957463959905876,1.878215795626075,0.14802758247687975,0.41682510603346645
clean,healthy,62,0.46262664872980197,2.2565096416174666,1.8752879567489236,0.1528959167317467,0.45258402830050887
clean,healthy,63,0.45380837656945044,2.1141787455544643,1.8747399131452205,0.14519800124175988,0.43808526186774377
clean,healthy,64,0.4558201182124271,2.3601407914929737,1.8814925133405778,0.15276732444679217,0.4597145298221199
clean,healthy,65,0.48659759474161296,2.0552572123509814,1.8298413272907506,0.14918741351547116,0.4147333337331775
clean,healthy,66,0.4885555067320049,2.1291352649983613,1.8256932610716716,0.15017058898334254,0.4153219434626156
clean,healthy,67,0.48991611274101493,2.1478683812624237,1.8416792242029756,0.15172126825054336,0.42027323765700625
clean,healthy,68,0.47454836538521683,1.9821630297588106,1.862552581973546,0.14930929450002306,0.4293986084825741
clean,healthy,69,0.47320805058462795,2.148870705791476,1.8656271405090414,0.1470197338480133,0.4243614583005725
clean,healthy,70,0.4817086025277558,2.371069472429725,1.86425386385867,0.14845616653453844,0.4207909256471266
clean,healthy,71,0.47749420622341293,2.1280875878725176,1.860497163274286,0.15085977343911372,0.43094302007994734
clean,healthy,72,0.46340570528836117,2.312149032748053,1.862857427314786,0.14855295061120322,0.43753189228393063
clean,healthy,73,0.46309165658932583,2.241766616163592,1.875127791200593,0.14852491500723114,0.43918529587237487
clean,healthy,74,0.46100141027416863,2.238285350747199,1.8470966637510244,0.15151585544982404,0.4466842505616596
clean,healthy,75,0.4939481252076829,2.1633737220187195,1.8330490182115333,0.15026526481688784,0.4118739255885904
clean,healthy,76,0.49250123409548463,2.19336617061847,1.8317113577602941,0.14585999658992882,0.4008273940198873
clean,healthy,77,0.45496499741343077,2.139461842158921,1.8430875997525615,0.1505329904911057,0.4491864969306982
clean,healthy,78,0.49346290445986724,2.231000148167452,1.82629311964798,0.14916721655900897,0.40851134003116973
clean,healthy,79,0.4859350806444384,2.1696158258089913,1.8712623725529034,0.14935815572545252,0.42045355798060285
clean,healthy,80,0.4651732036947866,2.2590984499797595,1.8667405404381077,0.15192516855485788,0.44622820471605096
clean,healthy,81,0.477556821191945,2.303719356922096,1.8787537661870306,0.14928492114548064,0.4284753305186921
clean,healthy,82,0.4776000515304011,2.139710975236072,1.861848175643694,0.15071251460142512,0.43058320176438813
clean,healthy,83,0.460513862676631,2.177704391734933,1.8604329549278515,0.1483748181544902,0.43946521340612615
clean,healthy,84,0.4821340257166961,2.2708152342053105,1.8688541328402737,0.15064186232338553,0.4271354298538974
clean,healthy,85,0.46095961509161804,2.1299752589577405,1.880068804851851,0.1492924533639854,0.4440806483589156
clean,healthy,86,0.4467764594973395,2.2395184720003476,1.8541031551533877,0.14481997942369682,0.44137237299428567
clean,healthy,87,0.46612582245781625,2.2379253343826724,1.9470725865456384,0.1551157132953886,0.4643481319486377
clean,healthy,88,0.46351578095747054,2.0952655257027173,1.8698048245501278,0.14832252022313966,0.43756311900901135
clean,healthy,89,0.4869138781901024,2.0914269920607076,1.8513373188939888,0.1499436183326213,0.4190044268749952
clean,healthy,90,0.4732112461156377,2.2404738126217616,1.8765699904800324,0.14850932080681026,0.42991345559493516
clean,healthy,91,0.48554818740971084,2.0988681142634062,1.817827865943924,0.14706293843526969,0.40836384126426806
clean,healthy,92,0.47458921935856696,2.0755898556019594,1.8680637026466311,0.151926212127498,0.43753286699932664
clean,healthy,93,0.46181153085499205,2.3151597050393753,1.8431628209675701,0.1465188855154624,0.4307355181323861
clean,healthy,94,0.4661039146846998,2.2873299262027724,1.9051507766631068,0.1502739360725443,0.4450057139900811
clean,healthy,95,0.4765235560149873,2.148342882001201,1.8633957089909894,0.14858737538773847,0.42564749614910286
clean,healthy,96,0.45098397844254906,2.2230037532365774,1.852189268335756,0.1426573233207557,0.4305024618862672
clean,healthy,97,0.4578060906149518,2.2045219018529214,1.898536854094212,0.149573017752703,0.45017482642052536
clean,healthy,98,0.45866685714191446,2.0767161940832155,1.84543455030895,0.14349857793269807,0.4250104038797997
clean,healthy,99,0.4761932044751736,2.1883095579458316,1.866070823491768,0.1512218194526863,0.4338057726353292
clean,healthy,100,0.4957783222965208,2.3665139391472603,1.850388439051442,0.1471319739404536,0.40369277913493934
clean,healthy,101,0.47478166917692166,2.053227679295322,1.8469738444873864,0.1522211838328287,0.4357240431454391
clean,healthy,102,0.4594806939087953,2.290909127384631,1.8655441461742077,0.1464991542211294,0.4354824067553127
clean,healthy,103,0.45096093776821217,2.343161495386138,1.8607945668850736,0.14506662104897414,0.43881128223377996
clean,healthy,104,0.47631210957954984,2.2323866951048545,1.8497709981327943,0.14114459874752422,0.40302466295247585
clean,healthy,105,0.4681730980332352,2.252502981236925,1.8584811639745233,0.151042823576073,0.43981771990015756
clean,healthy,106,0.4791409778625199,2.180377100329592,1.8737489343384945,0.1548603945984041,0.4424179571722314
clean,healthy,107,0.46171218906479355,2.309481390615268,1.8802184553402592,0.14823583003788252,0.44023645754107854
clean,healthy,108,0.47081255480807993,2.228475297741297,1.8660603066400736,0.1500546806027367,0.4353758636131287
clean,healthy,109,0.4816758117594707,2.29026863975793,1.8656355661835808,0.14675306450789707,0.41614602176506266
clean,healthy,110,0.4905662502930811,2.264338161958629,1.8647941612446999,0.14724394103244715,0.4098785741760362
clean,healthy,111,0.492072835448094,2.0444703385371543,1.8351398888407755,0.14975403577652924,0.4122718973866925
clean,healthy,112,0.4857968801800875,2.0683684975800474,1.873081096103107,0.14695786084360588,0.41401529980683094
clean,healthy,113,0.4596620161054936,2.2311592934211313,1.8684616545503319,0.14638454994522407,0.4353100752376425
clean,healthy,114,0.46162014092226505,2.380337687421879,1.8927610866445665,0.15271283435120958,0.45513337949579424
clean,healthy,115,0.4532663351696024,2.2711214771859423,1.8574003984260767,0.14690949044467108,0.4417221273524332
clean,healthy,116,0.46223790028552253,2.300180424177539,1.8704992955343847,0.14858310116829906,0.43962526315986505
clean,healthy,117,0.4854678403481969,2.2032829977593984,1.8807233251805167,0.1500010846718937,0.42373700182854945
clean,healthy,118,0.4867703239842486,2.118718146591296,1.8618180967120224,0.14755832004067357,0.4136263829446306
clean,healthy,119,0.4754133344938196,2.307244440435497,1.8751755168756556,0.1507638031893582,0.43425685999325836
clean,healthy,120,0.45042446260219765,2.212476053205362,1.90918081609049,0.147290567660983,0.4518314924824914
clean,fault,1,0.5682945304669659,3.2469214231251193,2.5482362717762195,0.5140141009505221,1.4438477603946487
clean,fault,2,0.5495437167096947,3.2609203681732364,2.4310943021081535,0.5094314965693539,1.4453880127587142
clean,fault,3,0.5639657701725513,3.1069959063187595,2.4802918974504227,0.5206985944621613,1.4540691395984329
clean,fault,4,0.5919543043096946,2.9361927298499015,2.5931506616755513,0.5531402598084328,1.5047382526141462
clean,fault,5,0.5454242846642013,3.2547438896259293,2.4769034141433384,0.5090714497679617,1.4689222404098548
clean,fault,6,0.5922030304583147,2.784778298252023,2.531535659654775,0.5520666480418994,1.4832450584815462
clean,fault,7,0.5466228687107773,3.5860384140838693,2.4788547641093035,0.5126747538267115,1.476657160326521
clean,fault,8,0.5412497557672966,3.2741587566741996,2.5489736560424547,0.5117137025214514,1.50942662619449
clean,fault,9,0.5380034666252336,2.6796038923375898,2.446600559717287,0.4943656530179697,1.4372911485931987
clean,fault,10,0.5768291996597258,2.9865252628712327,2.4680655833600285,0.5365686475747843,1.4613572683213847
clean,fault,11,0.5613009883100677,2.758034980686564,2.55677539817463,0.5204816778311312,1.4827090160533734
clean,fault,12,0.5483818706798714,3.027515275369845,2.507121060839258,0.5067252182625319,1.4631103492024653
clean,fault,13,0.5962047140843928,3.116999143980749,2.5418631593027645,0.5572832947423783,1.4902416684496531
clean,fault,14,0.5597674998006558,3.3679192602373713,2.490338952782472,0.5123316061661655,1.444350845142423
clean,fault,15,0.5437772839240615,2.647375710191595,2.478831944418139,0.49986408568417434,1.4472861815892504
clean,fault,16,0.5407393880338122,2.8049337262454768,2.6023293106268475,0.5100482384722905,1.521613572579244
clean,fault,17,0.5656191923855061,2.9589864973157645,2.5852172721465925,0.5301544983555824,1.507047142307549
clean,fault,18,0.5548822571742268,2.9629577737547517,2.552872490653069,0.5273906118061031,1.5186095203061785
clean,fault,19,0.5638375172187655,2.6949191698164476,2.5276528947493238,0.5202722300566099,1.4670178330982553
clean,fault,20,0.5746520827019492,3.0743732197642184,2.5517394310733463,0.5318153505949937,1.478339040859475
clean,fault,21,0.5475926920512882,3.12134811916442,2.5137331500807294,0.5129273151442723,1.4851070851001582
clean,fault,22,0.545193107509806,2.817511853402422,2.4766307478015226,0.5083623775101878,1.4674174378681788
clean,fault,23,0.5559196434064545,2.7892161931855988,2.5147192363278146,0.5178530487486543,1.4771998989824424
clean,fault,24,0.5751015127754174,3.3032854816690156,2.537313083507024,0.5437119210043287,1.5059528494667405
clean,fault,25,0.573182070348512,3.077996138360081,2.4945065018987007,0.5376075200609913,1.4813751609596044
clean,fault,26,0.5515708137842908,3.1273553710536097,2.450507063877855,0.512150290768835,1.4535304206260387
clean,fault,27,0.5345629477915611,3.3682776223655915,2.5541955915612466,0.4924056559979054,1.4721472604625125
clean,fault,28,0.5643717469916949,2.7998181716371775,2.4924623498300877,0.5176743490052068,1.4481237791169044
clean,fault,29,0.5703195388737105,2.9182069451537527,2.559844660968557,0.5207532604160865,1.460900215288391
clean,fault,30,0.5896405742588987,3.1069778927307183,2.4891330420143003,0.5454465781629049,1.459448975567069
clean,fault,31,0.5574032824400206,2.8208468789550514,2.5337216399316635,0.5137019749426129,1.4669697681956173
clean,fault,32,0.5728152271672967,3.1854590141984684,2.467005843112334,0.5211902023921801,1.429113684251423
clean,fault,33,0.5422117583137996,3.645075128320886,2.5987393235649856,0.5005247608784522,1.4881201403376276
clean,fault,34,0.5782986646404625,3.168898240923864,2.5387887391758612,0.5353564280726454,1.4750410740113322
clean,fault,35,0.5468000192703507,2.7547960695906593,2.493727012854887,0.5045489337445753,1.4571331091184132
clean,fault,36,0.5540844837074324,3.015056245078484,2.5549948194950667,0.5168689374287583,1.4910748886812781
clean,fault,37,0.5853610970044127,3.277383346677746,2.463036902092499,0.5429712364493238,1.4557554582113614
clean,fault,38,0.5502469441826173,2.83098728581037,2.5255222511542903,0.5064723615316573,1.462762139137305
clean,fault,39,0.5755175654800794,3.377058750565456,2.512589581031627,0.5272348527770134,1.452132700630749
clean,fault,40,0.5659785292864064,3.196117070526733,2.4807777724448994,0.5250381688337598,1.4611165206020758
clean,fault,41,0.5440099310017716,3.1364172816441522,2.592912586543939,0.49793104584188197,1.4738602811979897
clean,fault,42,0.5498857387718935,3.1137958104290786,2.458191141022873,0.5110202412510823,1.4570466972792837
clean,fault,43,0.5910061168905009,2.7596571305902153,2.4918956052905785,0.5474336550937623,1.4621921219710134
clean,fault,44,0.5569124428948219,3.3084200802023296,2.568566249809837,0.5180187222629123,1.4907469206431605
clean,fault,45,0.5769277797430038,3.301392542101581,2.578552426802704,0.5388740849590534,1.4998707304860315
clean,fault,46,0.5721050694601776,3.1364504080462594,2.518983627798937,0.5342283799396226,1.4820533307319026
clean,fault,47,0.554927272193546,2.8714018390342013,2.5500808829052515,0.5260952983177807,1.51392837659643
clean,fault,48,0.5626678872382054,3.2518958535161375,2.5294956575688494,0.5285042151296226,1.4938716820921498
clean,fault,49,0.5427172007617751,2.8084429786767497,2.5339789990919352,0.5111034296468361,1.4991210921721898
clean,fault,50,0.5906894399464995,2.9571648332085068,2.4571081380728796,0.5523989737814907,1.4659048827913128
clean,fault,51,0.586514136400231,2.580019881957804,2.490449056968807,0.5452002153632657,1.4669535615026892
clean,fault,52,0.5363670856889202,2.663858972872946,2.4602206363307197,0.4963212678779758,1.4514022589667674
clean,fault,53,0.5712376501711289,3.1605599099100026,2.5532235379615553,0.5335023619914323,1.4923268135732781
clean,fault,54,0.5682871835718111,3.023058636301912,2.478832726254706,0.530356760503813,1.469345266352033
clean,fault,55,0.5566325409656732,2.9930320988422348,2.437160063998052,0.5201884137170385,1.4589288403089784
clean,fault,56,0.5862625467063904,3.08638416555613,2.536153596753143,0.5541398454233692,1.5052720755130664
clean,fault,57,0.5572628127175148,3.186169650475586,2.577993660293156,0.5236626756766678,1.5088027963120083
clean,fault,58,0.5820290867889794,3.3786581761843575,2.4776757203774586,0.5307199188588145,1.4353008145753274
clean,fault,59,0.5768235697554583,2.845473562393081,2.4783824099403833,0.532081661635601,1.4521766596623351
clean,fault,60,0.5690987043397511,2.8259867984122353,2.511766587445581,0.5268507104239052,1.4672009942878124
clean,fault,61,0.5722988453975992,3.187035318122873,2.5476921383752273,0.5316191624064855,1.4826929774663469
clean,fault,62,0.5645341560271435,3.1165506260914713,2.512018247766605,0.5291478207026304,1.485587318893021
clean,fault,63,0.5543894708333664,3.3173645380816623,2.5617155979814985,0.5195958639325694,1.5000860358899917
clean,fault,64,0.5525649050373134,3.3325547261366344,2.680650993232623,0.5242462594464474,1.55336022181483
clean,fault,65,0.5716519700397514,3.4481924688147014,2.5529815069016837,0.5317612373411756,1.486307968819623
clean,fault,66,0.5763420157621024,3.2254873297057642,2.4292486185750155,0.5329688151989588,1.4413103312324536
clean,fault,67,0.549536609528953,3.1286930658282115,2.5312217702671336,0.5108810833779451,1.4790685096618694
clean,fault,68,0.5679540691481743,3.116458721744924,2.511919581777712,0.5393770684677388,1.50515813041417
clean,fault,69,0.56160069791365,3.1358682072931994,2.6073554609689213,0.5261216934275587,1.512720497897426
clean,fault,70,0.55393388939566,2.83898339659431,2.4701039624717387,0.5153987140447707,1.4623219902664821
clean,fault,71,0.5877711700663089,2.9133339086185632,2.5263337724400694,0.5454419226950071,1.4749781893561564
clean,fault,72,0.5354488047488103,2.8832654053853406,2.510472061409941,0.4925297659051738,1.4574451687000196
clean,fault,73,0.5427338446125947,3.2831800292149933,2.540948891343295,0.5057299803524087,1.4853532814655568
clean,fault,74,0.5957276755963192,2.9990512792783908,2.522164088371435,0.5699212955671669,1.519335821689187
clean,fault,75,0.5387192574446685,2.9644554232006826,2.5256700942505197,0.5060307754463714,1.4928038305529725
clean,fault,76,0.5495297031865367,2.922452661093852,2.434688446859596,0.5031328545718069,1.4286084127496967
clean,fault,77,0.5721392329148924,3.339877759778922,2.6055497187411185,0.5328070462584075,1.5032039650569269
clean,fault,78,0.5677967010249918,3.1858831902515194,2.528437725042481,0.5326375733696966,1.4916435862777957
clean,fault,79,0.596124237801207,3.1929652716623993,2.570300850858387,0.5566550493811411,1.4970673979644267
clean,fault,80,0.557302158446571,3.266906165371422,2.5816674797718346,0.5144520745643372,1.4832158229180799
clean,fault,81,0.544096051436862,2.969374733659505,2.4404486916742623,0.5061924706888195,1.4533658373929679
clean,fault,82,0.5812699336492507,3.3510110740507235,2.601877943398409,0.5508327088323273,1.5285699630628107
clean,fault,83,0.5465576957345211,3.371793600339318,2.547097429071192,0.5210222342805639,1.5213986339186905
clean,fault,84,0.5592481390619706,2.9094307105267427,2.5361006941534514,0.51987590990341,1.4803976680812803
clean,fault,85,0.5549610848123336,3.310720924206378,2.5266395398204304,0.5219970391613292,1.4951237947747602
clean,fault,86,0.5671507159298933,3.1537930213794962,2.454803156811323,0.5295983488394883,1.4630409239740434
clean,fault,87,0.5437382567156271,3.261419949000624,2.5430560970656546,0.5087666341845906,1.4921301350837515
clean,fault,88,0.5403436064426541,3.418515267823671,2.5313756959002425,0.4988583811046968,1.46887743408985
clean,fault,89,0.5747404812469339,2.582697635876224,2.5396507153099437,0.5344725778492446,1.4819741763406327
clean,fault,90,0.5711348544933115,2.959799378982158,2.58989923951512,0.538980150924065,1.51871240800421
clean,fault,91,0.5852248865980828,3.061257199208746,2.50389180160559,0.5400581715457631,1.4602443503741624
clean,fault,92,0.5839963300357538,2.9265432232595474,2.536819838441803,0.5364366370965546,1.463029644296073
clean,fault,93,0.5704327805783579,2.7791709187426687,2.564722318266508,0.5316447728985197,1.4925787320477995
clean,fault,94,0.5881042485233782,2.6143542205296435,2.516725173376058,0.5529716461410851,1.4916483189333423
clean,fault,95,0.5829223997805538,3.0596882603968747,2.501290798335217,0.5349630518010206,1.4514267946763693
clean,fault,96,0.5503435640708586,3.1633061812548404,2.454633070205169,0.5126790951039303,1.4595030522299208
clean,fault,97,0.5835332087804803,3.0386047696246217,2.54627732478254,0.5489317611921494,1.5010862069122217
clean,fault,98,0.5727271606677806,3.0449823907328954,2.5414051900224908,0.5255949144286568,1.4629865428868183
clean,fault,99,0.5515897111703141,2.8756781459653036,2.473033499202139,0.5112373687669944,1.457543194248677
clean,fault,100,0.5842495954387753,3.1314962872581757,2.4890570262987803,0.5399145196676388,1.4579546318029661
clean,fault,101,0.5823386043299267,2.9843352176875273,2.4944716936818128,0.5369933397028812,1.4564064981367129
clean,fault,102,0.5439597463784556,3.3388054472994493,2.5637146994284716,0.5044595100017759,1.484890394334843
clean,fault,103,0.5768885197578694,2.849943452161867,2.530291825739219,0.5397218986960678,1.4882073642800961
clean,fault,104,0.5875982500136758,2.9599827643144523,2.5104359591449024,0.5491981756749189,1.480891245567713
clean,fault,105,0.5864657158949217,2.8990650188642797,2.5227778680235966,0.5499322312379326,1.4893818308302655
clean,fault,106,0.5548461456957745,2.9236082490925477,2.5146890494618908,0.5106500106850936,1.4594624213439507
clean,fault,107,0.5765756592179161,3.247327729758485,2.5515115420490235,0.5420198765021751,1.5016118170051762
clean,fault,108,0.548380433635798,3.1047924137476772,2.556283262338358,0.513965390980172,1.49849884777786
clean,fault,109,0.5468810703674228,3.1860999671398913,2.510294979893998,0.5141433147755223,1.4895451814568026
clean,fault,110,0.5568351667200871,3.3942531592146508,2.601172861784528,0.527527489150658,1.52792855504088
clean,fault,111,0.5734540253022959,2.984800126983902,2.517322150253482,0.5312824030987215,1.4699285484022058
clean,fault,112,0.5804989957023955,2.755617579826867,2.59750298985775,0.5452857140504802,1.5139121522207617
clean,fault,113,0.5801575931003605,3.0860524490528585,2.479908240985199,0.5458425512826584,1.4816281250418661
clean,fault,114,0.5411130098539024,3.248716812780913,2.5464661707287135,0.5016074925583082,1.4792616381412702
clean,fault,115,0.584347202207775,3.158245182701958,2.475471972900909,0.5454922374099241,1.4687457149519776
clean,fault,116,0.5481679273782808,2.6941615058657393,2.5141196257428957,0.5086129665038995,1.471183261460954
clean,fault,117,0.5871042610478712,3.1951735053897075,2.479359568498887,0.5390018611906084,1.44558885009807
clean,fault,118,0.5503776984829765,3.2494684271737633,2.523471716169808,0.518858326601449,1.4975701794777279
clean,fault,119,0.5664032309669058,2.7941896476210366,2.4309429139284564,0.5285219093485221,1.4548715568877162
clean,fault,120,0.57945610380123,3.3260094485394616,2.5562967170986024,0.5452868025839549,1.504561955174201
high_noise,healthy,1,0.533471145398342,3.1449588860243143,2.3464541455991665,0.4043078708053985,1.1609333778070121
high_noise,healthy,2,0.529534695065937,2.7990701961290623,2.3681175185020433,0.4082622445723404,1.1864417585237235
high_noise,healthy,3,0.5135723018107216,2.8455943623262785,2.311152040908002,0.39570460052512574,1.1713421320809305
high_noise,healthy,4,0.534732163434227,3.0759371891946214,2.406584460910324,0.3993537990142116,1.1585694356728893
high_noise,healthy,5,0.531018007149295,2.9170631556194184,2.313865548021526,0.3952172294615744,1.132128388770358
high_noise,healthy,6,0.5499273956937569,2.9747714057901296,2.2755310448182713,0.3897368604298856,1.0690733643054848
high_noise,healthy,7,0.5422685005625726,2.7865711362126655,2.359259465581143,0.3993688599995112,1.1312215603979336
high_noise,healthy,8,0.5516523027970601,2.8607253377896726,2.2550395239876697,0.3984853199970495,1.0847357922120917
high_noise,healthy,9,0.5460507784274929,2.7078700938172924,2.3369147259290726,0.3907962472040519,1.0940540713711961
high_noise,healthy,10,0.5458765124063161,2.9347485357730116,2.305956725699365,0.3896511540028503,1.0839447221272913
high_noise,healthy,11,0.535415877916941,2.745586271747297,2.2804304383907192,0.397040461689033,1.1198295813726236
high_noise,healthy,12,0.5310915708449908,3.1618880753426764,2.3070287968106857,0.407934666843547,1.1666691470388328
high_noise,healthy,13,0.5317494924924578,2.6385510692231957,2.283870580138609,0.39323184120601423,1.1175766974826102
high_noise,healthy,14,0.544752045979772,2.661166819896364,2.293573903153281,0.4092959161377354,1.1378759296463763
high_noise,healthy,15,0.5600107396093369,2.824660745149825,2.2476073934054006,0.40567020803858184,1.08601790390804
high_noise,healthy,16,0.5249335353073976,2.90212242186159,2.3737199229642933,0.4074867081279333,1.195979858999655
high_noise,healthy,17,0.5433481021427431,2.8609948892523573,2.3019488485091406,0.37876824067848724,1.0576530758592282
high_noise,healthy,18,0.5504885056368929,3.125488979257482,2.386006907419877,0.39723331216886293,1.1146364850625305
high_noise,healthy,19,0.5255641534035026,3.0272757438732527,2.377158840006027,0.39126423157564144,1.1478192723150495
high_noise,healthy,20,0.5326036945366314,3.0073795264835157,2.2607169067171577,0.39005345768192595,1.1011412915771255
high_noise,healthy,21,0.5414207034488614,3.0806719361006536,2.365019858609411,0.4004220207768257,1.1373666511796083
high_noise,healthy,22,0.5492559197585443,2.6887018042584634,2.305349743449197,0.39711893769490536,1.0977773410733511
high_noise,healthy,23,0.5550047023334983,2.72879091281137,2.3059892316839967,0.400882110958435,1.0968535655870535
high_noise,healthy,24,0.5350846341373845,2.7697141101629557,2.3377820516691425,0.410502799877243,1.1729936308308977
high_noise,healthy,25,0.5299533176864997,3.059579768032681,2.3615536632757874,0.4051222528236025,1.1747552461086042
high_noise,healthy,26,0.5444963048716218,2.887003298438838,2.3681761205804586,0.4074265817184389,1.1514933181950138
high_noise,healthy,27,0.5487768503094624,2.609125770519412,2.310421270120435,0.41319220039359167,1.1444634285138382
high_noise,healthy,28,0.5371353985146666,3.183979683808734,2.3281039534606527,0.40294065908968635,1.144612547079474
high_noise,healthy,29,0.5410789486889642,2.930196414812837,2.335340783181431,0.406414680509787,1.1478466774624776
high_noise,healthy,30,0.5415320281012826,3.403928804374446,2.3981767710863204,0.4154912994895746,1.1881694524309012
high_noise,healthy,31,0.533726244192141,2.8035197351639614,2.2717709288799073,0.39994073155961274,1.1294300725927922
high_noise,healthy,32,0.5594460937920811,2.9985328783687715,2.3772620820069226,0.40310113757548566,1.1109494788837193
high_noise,healthy,33,0.5289263527417776,2.8716778211345484,2.4066272883762774,0.39400090961194745,1.1555970843262833
high_noise,healthy,34,0.5428568887705231,2.998994254216632,2.305502244348181,0.4129169098515952,1.154941773773159
high_noise,healthy,35,0.5263581552286193,3.1461338790846693,2.3408311592898707,0.3953940553659116,1.149301105092269
high_noise,healthy,36,0.5469416970851068,3.1154924478564543,2.344754235608646,0.39396390619854155,1.1029709281172906
high_noise,healthy,37,0.5415678445135046,3.082523544479297,2.3207283344505196,0.39891420224198554,1.122118649891225
high_noise,healthy,38,0.5673409560825752,2.766054909218748,2.262047181900627,0.41676231843475653,1.104829186900276
high_noise,healthy,39,0.5439157217583889,3.1307971714807326,2.364315253793419,0.3901880884024484,1.1030497158711543
high_noise,healthy,40,0.5215447730815786,2.8100640097154543,2.385062259730375,0.4080171791815024,1.2081941037662902
high_noise,healthy,41,0.5612054176067224,2.8734409895012587,2.2769276847861732,0.3970859383836793,1.0676705709005814
high_noise,healthy,42,0.5349390245135716,2.6792432084278057,2.2158870387380665,0.40088853593316975,1.1155605924123841
high_noise,healthy,43,0.5378555161437221,2.822060122881813,2.367639988212123,0.40604379372962596,1.1616226804783087
high_noise,healthy,44,0.5443597403705107,2.7666579509901803,2.3196142905976616,0.3999670595732341,1.1190412991071537
high_noise,healthy,45,0.5238216735212673,2.8862899116413643,2.3254705205581634,0.40399390983448996,1.176106834468965
high_noise,healthy,46,0.5536440630314099,2.6103148071783875,2.2994071846474995,0.40115324637424404,1.0987214570547326
high_noise,healthy,47,0.5519305559905989,2.8393936136036677,2.3304787246554306,0.4007539727684994,1.1084496470337368
high_noise,healthy,48,0.538542250939747,2.892092649807703,2.3044096581424065,0.409647740096009,1.1547038809558545
high_noise,healthy,49,0.5313622825534776,2.669107143419617,2.3101379541382556,0.39568004854764915,1.1318070273888077
high_noise,healthy,50,0.5529693780274049,2.90713410701804,2.3666656269908755,0.39942717683422,1.1112326171806202
high_noise,healthy,51,0.5361250633290773,2.9925671972399726,2.2647363994140104,0.39091692702848196,1.0973045896864644
high_noise,healthy,52,0.5512422407822408,2.847166614430505,2.3584379260379067,0.39829369408889576,1.1096171646093036
high_noise,healthy,53,0.5337227330147235,2.90434938735793,2.334034673930886,0.40363965009318103,1.1553984259811916
high_noise,healthy,54,0.566074903552603,2.9666339740912293,2.269398571336284,0.40502476588098957,1.0778617662672831
high_noise,healthy,55,0.5340102589205421,3.27479834358516,2.366877858004069,0.4033998258431029,1.1621816914129488
high_noise,healthy,56,0.5344837603609749,3.247599047578717,2.342637319675876,0.39477182327503735,1.1304833283215419
high_noise,healthy,57,0.5305941904439643,2.8698821136282233,2.3887829720168248,0.40010499716252873,1.1654666010045456
high_noise,healthy,58,0.5555337114442811,2.8877534308582993,2.2450293455407593,0.4004133539468181,1.0799636690516663
high_noise,healthy,59,0.5230827342365227,3.5448716492819896,2.364751670176502,0.41271589745905546,1.213315045673104
high_noise,healthy,60,0.5240235846692858,2.84622852620966,2.271401862474781,0.39066540240599834,1.123572514334035
high_noise,healthy,61,0.5248176453662611,2.9109118092150768,2.396803539456257,0.3982086897781005,1.1746771565802425
high_noise,healthy,62,0.5378452383231132,2.835523830742686,2.2996831207176536,0.4050351900133264,1.1420087400691201
high_noise,healthy,63,0.5433144780121126,2.8107451707825044,2.3788921035196724,0.4027867768466684,1.1434345188249062
high_noise,healthy,64,0.5261717899007057,2.8631964948318323,2.341597566945252,0.4046411379900662,1.176789005735853
high_noise,healthy,65,0.5549878153217022,2.7275454266808317,2.2715037161324982,0.4060774574939374,1.1027629302339186
high_noise,healthy,66,0.5249319910508115,2.858691217918344,2.3778308802326524,0.4077407345655553,1.1977647880163007
high_noise,healthy,67,0.5412281622373627,2.6569949218033386,2.211251583067932,0.40545798716625553,1.1139983610928548
high_noise,healthy,68,0.5227578645933885,2.7621363997133828,2.3565742433649173,0.3996292544192443,1.1735382808093817
high_noise,healthy,69,0.562144901718019,2.757332835764711,2.405329342926282,0.4122639407268648,1.1374029456745647
high_noise,healthy,70,0.529595413720449,2.7512552639249646,2.3294818736690908,0.39391456319843615,1.1352394886992538
high_noise,healthy,71,0.5164271656921386,3.03861226249498,2.4543434088091374,0.38889131900250984,1.1797414365866936
high_noise,healthy,72,0.5433175976092944,2.6054444171866744,2.2035720397799077,0.3834001838163242,1.047519633508597
high_noise,healthy,73,0.541806411348756,2.9630241045067405,2.3205923628359297,0.39872933938595145,1.121071940418622
high_noise,healthy,74,0.545721485497114,3.0738715412208006,2.3373897257532725,0.3928446301308929,1.100564078720037
high_noise,healthy,75,0.5497956195089602,2.74319679735232,2.2455358340742326,0.3868052125595763,1.0542680314941326
high_noise,healthy,76,0.5565134520529177,2.761679762015851,2.288874954664719,0.4126777775024867,1.1218801138675374
high_noise,healthy,77,0.5533586280341829,3.0845712253225903,2.344896947858273,0.4027200504215264,1.1144445054352763
high_noise,healthy,78,0.563734590768411,2.953614664884031,2.269304592983734,0.40581783944921457,1.0844333034138156
high_noise,healthy,79,0.5640991817174978,2.9369537886005554,2.292526814137434,0.38959951532863346,1.0457314036229177
high_noise,healthy,80,0.5451397015239694,2.9540188218626144,2.3041846466502136,0.390898379569289,1.0884655729498478
high_noise,healthy,81,0.5362926943605711,3.058991090402079,2.267804309777661,0.400137579917713,1.1235961656192663
high_noise,healthy,82,0.5376511016290544,2.724746213575095,2.366072568163835,0.39264212657650494,1.123337826978
high_noise,healthy,83,0.5648119488856436,3.0069969469387345,2.291710188085385,0.40262088493174936,1.0791262846426872
high_noise,healthy,84,0.553938215793025,3.037811661865362,2.2866948295102665,0.4022606708431865,1.098121388618032
high_noise,healthy,85,0.5536145113990912,3.1626287778467357,2.335787204093971,0.3959850155657784,1.0931705524074726
high_noise,healthy,86,0.5136274663991293,2.7618426349466763,2.3639166827234366,0.38858608327681404,1.1632018544545377
high_noise,healthy,87,0.5443716142316756,3.054596981060751,2.3441748162432376,0.40725163678060783,1.1454136786625486
high_noise,healthy,88,0.5386212907681918,2.6077245499581583,2.2694193995235787,0.3981665255143574,1.1136240733815468
high_noise,healthy,89,0.5406923871728126,2.9512592630970165,2.334146593331904,0.3932192172572093,1.111088220836042
high_noise,healthy,90,0.5361628532216997,2.6778364702074082,2.2855364129092433,0.40020901521375085,1.1284549300008082
high_noise,healthy,91,0.5416203553146924,2.7649369163254773,2.368813197957346,0.3961900844125381,1.12583314776136
high_noise,healthy,92,0.5328918194274027,3.1776948987985683,2.307096946921145,0.40565627800675463,1.156250864614984
high_noise,healthy,93,0.5315411817736736,2.9497170885202197,2.3386317402030294,0.3962902980502935,1.1401380568680415
high_noise,healthy,94,0.5271510011946059,2.844098993595379,2.2977553742509818,0.4003612031244777,1.1512478847770264
high_noise,healthy,95,0.5443073053067348,3.0568118528832144,2.345227109210816,0.4024009600641843,1.1321586731101299
high_noise,healthy,96,0.5422301076941618,2.814311159242805,2.3785844323758942,0.3888335976814437,1.1059600547322685
high_noise,healthy,97,0.5347539395517462,2.6357845404500497,2.3337213840305977,0.39598115157486685,1.1312146592060253
high_noise,healthy,98,0.5527783856251316,3.2364324733345993,2.4132119375484398,0.40028477276627755,1.124904745058974
high_noise,healthy,99,0.5526070673741317,3.028733074720888,2.297193412531547,0.3987440728402371,1.0936455413923116
high_noise,healthy,100,0.5272503197032907,3.210640772244687,2.4149020520562274,0.3925405015989008,1.15695743570089
high_noise,healthy,101,0.5418599732454381,3.4580341669344072,2.314349597139894,0.40612185225543285,1.1402071716543718
high_noise,healthy,102,0.5636839708060913,2.850259698269841,2.3035173091632504,0.4029506706763033,1.0849555300359892
high_noise,healthy,103,0.5365771032204457,2.9785135655467245,2.356929089306074,0.3983215984049993,1.1396591396561015
high_noise,healthy,104,0.5553646511163846,2.79785924214757,2.413963421246911,0.4028736218217656,1.1270831103888337
high_noise,healthy,105,0.55916691288584,2.8195217732658113,2.3189304496754035,0.3965150656788839,1.079846660098089
high_noise,healthy,106,0.5335229390531991,2.964553567068442,2.382679735193422,0.3980425711054597,1.151620166998712
high_noise,healthy,107,0.5483018667190003,3.0538373165639237,2.245993636360706,0.4008716245677002,1.0956954352363393
high_noise,healthy,108,0.547043358920789,2.663692528889113,2.2885966117487504,0.39849941076440826,1.102022746642366
high_noise,healthy,109,0.5248420205566713,2.880537251292662,2.3490049438243306,0.4028363995721557,1.1763649396963178
high_noise,healthy,110,0.5542152929037127,2.7199797726609742,2.2974392456050605,0.4011802267418067,1.0971930092092161
high_noise,healthy,111,0.5233718998856101,3.2535197988691635,2.4752144895532733,0.39499301069726545,1.187368241987596
high_noise,healthy,112,0.5231166097211857,2.7654531467931274,2.3049499636444843,0.4000067735397815,1.1609127657156424
high_noise,healthy,113,0.5365737159596253,2.7088005220089295,2.2709363646912273,0.39687257993937064,1.1146131996169424
high_noise,healthy,114,0.5405385104095595,2.68779648492804,2.3025477278233777,0.4078218598240889,1.1448489256673593
high_noise,healthy,115,0.559915785587409,2.6496735307991806,2.269840456564586,0.40534909144740633,1.090697100182437
high_noise,healthy,116,0.5430427866771761,3.0949120914093498,2.342781536828608,0.4088705756161177,1.1524383573935837
high_noise,healthy,117,0.5380985751522523,2.9213261447354535,2.3933026580734436,0.3911334433496622,1.1245063723216673
high_noise,healthy,118,0.5387312961008527,2.928183155113027,2.323567232181423,0.403672067347716,1.142178852861748
high_noise,healthy,119,0.5419162574962075,2.934067653038907,2.3531551928795844,0.3946359870841834,1.117094185667036
high_noise,healthy,120,0.5512068690992704,2.7867762437013583,2.308518648370075,0.41078171380282275,1.1323043479612742
high_noise,fault,1,0.6224436787511147,3.60396631915946,2.762759741159395,0.6399037713609974,1.7087800633064538
high_noise,fault,2,0.627832694325399,3.42763246301743,2.6797451920549507,0.6493638065374887,1.6931323246483534
high_noise,fault,3,0.5945255800086102,3.313962817042176,2.6838969958260708,0.6254284459428715,1.7234155489638427
high_noise,fault,4,0.6073581753644938,3.6886741224971207,2.7179937167928263,0.631493844055746,1.714148582266728
high_noise,fault,5,0.6441276971229687,3.1466706984940997,2.756636611782801,0.6701712957096468,1.727442532603416
high_noise,fault,6,0.6155900606395827,3.473213748571882,2.646693436940197,0.6315590489186959,1.6690685858774852
high_noise,fault,7,0.631532523785226,3.181252493921531,2.6057684935394807,0.6473613426355831,1.6546988102564641
high_noise,fault,8,0.6350835935291775,3.668183964987542,2.7555521082914147,0.6561801533925248,1.715127898358564
high_noise,fault,9,0.6188596288611733,2.9436380865922867,2.574811932823688,0.6472140195656267,1.6781412784779477
high_noise,fault,10,0.618526409066817,3.189183541356077,2.606993353678883,0.6346688401466158,1.6567572939675101
high_noise,fault,11,0.6421534546389288,2.8599593838014954,2.6255701778980596,0.6634462580770077,1.6740897644602206
high_noise,fault,12,0.6340383338825032,3.5293393124366546,2.866275720023069,0.6511136068401031,1.7386022510131596
high_noise,fault,13,0.6194500148122577,3.352979625349881,2.6765376525649516,0.639156081474782,1.6880578912180546
high_noise,fault,14,0.6506731311730957,3.284611722607018,2.6821430991249615,0.6730586725675131,1.694068720531996
high_noise,fault,15,0.6406764719118444,3.205858602535247,2.62752283580408,0.6585669035994345,1.6662277980607847
high_noise,fault,16,0.634834998125845,3.355120387767505,2.646909064325531,0.6657553197586364,1.7061739027547727
high_noise,fault,17,0.6481905641481801,3.2457855359023178,2.703712766636847,0.6629207019689054,1.6816637120114535
high_noise,fault,18,0.6206792656385556,3.3434335037705236,2.669053201568461,0.6474136305448005,1.7040927014443943
high_noise,fault,19,0.6401092024138739,3.272008664933665,2.6452626182182373,0.6369711528882719,1.6184529964795795
high_noise,fault,20,0.6423315291908801,3.0235151753573883,2.7141710277304707,0.6678355293519943,1.712887677926497
high_noise,fault,21,0.6305160942217621,3.3413476725920175,2.6450171002887957,0.6353938119449831,1.6389324208370188
high_noise,fault,22,0.6436625247631901,3.0119185262974106,2.6637005363712127,0.677880128976487,1.7188476236795556
high_noise,fault,23,0.6544440066794313,3.618228255271894,2.8026572629731477,0.6633384596748793,1.6968665113232744
high_noise,fault,24,0.6149240786926605,3.5414863090264377,2.731474362408014,0.6263621896571169,1.6834592134042932
high_noise,fault,25,0.6006073088556,2.9048605324679495,2.5371968974335815,0.6293880682133958,1.669186941161611
high_noise,fault,26,0.6338977901056725,2.844278365514458,2.5699998228202126,0.6736910137682739,1.7037586092584422
high_noise,fault,27,0.6053664474833309,3.3076088318514305,2.6515003925516702,0.6244030841351652,1.6795484672899124
high_noise,fault,28,0.6305405903427641,3.2293361347996856,2.5854520019109115,0.6600417776349327,1.6831647065634123
high_noise,fault,29,0.615031859019366,3.0382589003241995,2.62051970983339,0.627814866257355,1.6524476031590736
high_noise,fault,30,0.6239089134664392,2.96974341072878,2.5633398052587757,0.6426603640329265,1.6491623685264565
high_noise,fault,31,0.6324262119322361,3.62476832002765,2.6759091718914387,0.6469658447670121,1.6734285571862142
high_noise,fault,32,0.6183376436513096,3.0792957701039008,2.651691605107624,0.6409467490852179,1.687942970667378
high_noise,fault,33,0.6099745789271369,3.804072771541367,2.7692940177397736,0.6383432888475875,1.7415144996752947
high_noise,fault,34,0.6424251991939391,2.995145996563564,2.675233918689875,0.6713723063359284,1.709313553017224
high_noise,fault,35,0.6251230630699146,2.744701773508778,2.527240142048574,0.6488796580504241,1.6501441846026808
high_noise,fault,36,0.6096297318789706,3.3929902227098205,2.633572152886007,0.626864027987911,1.668705971556597
high_noise,fault,37,0.6161387398303331,3.5797497016460516,2.608154280122438,0.6411551566028239,1.6805493194672543
high_noise,fault,38,0.5980413644181043,3.2568367098962265,2.6883928940644317,0.6278448515223191,1.7213432586569792
high_noise,fault,39,0.6315328639059808,3.2473209325354278,2.6707259538365076,0.6318331316393723,1.6350125983755075
high_noise,fault,40,0.635249474642683,3.1870705107820205,2.5736527027858935,0.6620086524294216,1.6718384986480639
high_noise,fault,41,0.6319883468480687,3.486280405453036,2.6836242134046553,0.6346604051518641,1.6451033435259634
high_noise,fault,42,0.6114472473837373,3.4544272313317927,2.6031962828226605,0.6336730294720824,1.6720901421143854
high_noise,fault,43,0.6186965811431678,3.308050883700194,2.6258877466417494,0.6308582877806962,1.6523124492659769
high_noise,fault,44,0.5976258978601945,3.8661630285264454,2.809539485269565,0.6241833723014792,1.7506541438490197
high_noise,fault,45,0.6171918322816834,3.479088738332606,2.6835658670669136,0.6182567222105322,1.6409857382496376
high_noise,fault,46,0.6248832911296778,3.336460580924925,2.726343301435784,0.6565781397025231,1.7349133050637549
high_noise,fault,47,0.6317776503744807,3.456733910019852,2.718276383945993,0.6573538075923612,1.7154644817403017
high_noise,fault,48,0.609600700179899,3.323797356493121,2.6728814348042707,0.6300348921258945,1.6896976185709187
high_noise,fault,49,0.640321726500499,3.3745247186949943,2.7153463457453175,0.6328011696589821,1.6284770835432352
high_noise,fault,50,0.632894345595834,3.249308592609058,2.695920254783578,0.655490509147117,1.70054728812042
high_noise,fault,51,0.6265637177364718,3.4226066009765153,2.6904457015964645,0.64030361310108,1.6762269758170214
high_noise,fault,52,0.6466801341938135,3.696929153640066,2.7315553562626245,0.6578026563302853,1.6811679664218595
high_noise,fault,53,0.6243207316294306,3.4556552519538,2.624146760626815,0.6469691543050821,1.6786875853306658
high_noise,fault,54,0.6039640915329593,3.1913998974902182,2.6638966086478493,0.6200588508356082,1.6756390582921439
high_noise,fault,55,0.6188957403862099,3.5551122136617748,2.690318655036841,0.6443058954129639,1.7075619670495903
high_noise,fault,56,0.6340221929229218,3.358632223007391,2.7522280670917407,0.6585494340269186,1.723162086732016
high_noise,fault,57,0.6405989438794096,3.625118978764297,2.685645596413417,0.661098215179092,1.6912356208044617
high_noise,fault,58,0.6192294469221008,3.182662658468407,2.6637503213270888,0.6310242902162515,1.663187582630502
high_noise,fault,59,0.6384581100487385,2.9154018896701563,2.5413176867503493,0.6525729030799916,1.6293939823538484
high_noise,fault,60,0.6034669172434741,3.473528194449223,2.626274092904658,0.6415682007547802,1.7228972915707612
high_noise,fault,61,0.6308876246004131,3.393697279876426,2.592220469885223,0.6521859653160605,1.6643911897607073
high_noise,fault,62,0.6144092766096019,3.2273845493125317,2.677937893469883,0.62931906904756,1.6761519152534727
high_noise,fault,63,0.6208350983170204,3.3401266683737534,2.6687649013467247,0.6426081732181288,1.6909281035390291
high_noise,fault,64,0.6216319079956465,3.4777349920254976,2.628756046697285,0.6455085921683325,1.6836192057868646
high_noise,fault,65,0.6164936536266793,3.054813386363052,2.614672253614827,0.640039202216299,1.6787521974022959
high_noise,fault,66,0.6454648855893196,3.572925479152337,2.6200840146917246,0.6618966157344504,1.6598740999582788
high_noise,fault,67,0.5989260310297734,3.4865145382848284,2.6861566520946942,0.6128423128411592,1.677031507038413
high_noise,fault,68,0.6246098080573672,3.543297045937358,2.715872035818632,0.6567398110872041,1.7327631198130162
high_noise,fault,69,0.5887170647630954,3.630301639912139,2.6768305345735266,0.612579019260522,1.7024169411949384
high_noise,fault,70,0.6231454512293986,3.2732927054974077,2.6924005812198835,0.6369382287874781,1.6771724679613826
high_noise,fault,71,0.6145761405009631,3.393301410991214,2.8309865198663933,0.6389589183622081,1.7493074316987216
high_noise,fault,72,0.5982141929323401,3.088862026487066,2.642038725301407,0.6083571417692029,1.6529948008279798
high_noise,fault,73,0.6082722393924407,3.864279829415988,2.854525400172287,0.6367143100859232,1.7685346380612195
high_noise,fault,74,0.594260268919785,3.350516473852213,2.573645536027689,0.6190598964457383,1.6712073676212214
high_noise,fault,75,0.6039275103470705,3.504483257755638,2.706735438105669,0.6145996416719205,1.674288884549437
high_noise,fault,76,0.6173511619548293,3.3838856889136455,2.706953535845383,0.6378324336765522,1.6998661667975956
high_noise,fault,77,0.6111321244278735,3.351543703497526,2.798129247994044,0.6433134311778188,1.760846064703275
high_noise,fault,78,0.5942547534485416,3.088911667235284,2.6194400842544594,0.6175915220804499,1.6820267404821763
high_noise,fault,79,0.6469668961405048,3.6426033082750133,2.7542190356260807,0.6703677365511838,1.719611270395896
high_noise,fault,80,0.6296914555682177,3.6496404657799646,2.7186913960412986,0.6507447014152145,1.7039733443339111
high_noise,fault,81,0.6432572707878655,3.3965555651336627,2.6594229446733584,0.6687171800087256,1.6953192084341777
high_noise,fault,82,0.6187974664064463,2.9798539579542784,2.6363993158484487,0.6456841628229837,1.6942488617620666
high_noise,fault,83,0.6459327325596247,3.4181819709989627,2.6584127258212495,0.6745238987304281,1.7026338065879016
high_noise,fault,84,0.6174018550671794,3.4610596956072253,2.6611907137034336,0.6390670175079228,1.6885599086015528
high_noise,fault,85,0.6039103020537894,3.9631117045138846,2.7566189016435847,0.6344140638145288,1.7441696636352821
high_noise,fault,86,0.6003980689853953,3.5897663527682284,2.705113306880218,0.6394097443245964,1.7515909556357818
high_noise,fault,87,0.6233009748072224,3.6537034546735443,2.6659301392782977,0.6422473177120732,1.6823985110250468
high_noise,fault,88,0.6302480311101981,3.3514692591470507,2.605504946033401,0.63982164288014,1.6386770824471235
high_noise,fault,89,0.63678138011925,3.1776403211733433,2.6235456228910756,0.664962948162132,1.6914197664718087
high_noise,fault,90,0.6040253485936284,3.3854464678903966,2.6359544751249104,0.6168488622110362,1.6580306556918283
high_noise,fault,91,0.6189221427491678,3.64552954870571,2.750023047257076,0.6342848390661682,1.699481640237781
high_noise,fault,92,0.6478237423727773,3.296330398768524,2.53892383188459,0.652207961932057,1.604183598427332
high_noise,fault,93,0.630456968554608,3.3028618970066006,2.62524023363741,0.644787007710646,1.6570871680623354
high_noise,fault,94,0.6096699843376632,3.1998179839317364,2.578678438431462,0.6336665381484414,1.6690315812885674
high_noise,fault,95,0.6092914350646293,4.0080892149186536,2.8255966596923465,0.6343510668545045,1.7500871888242269
high_noise,fault,96,0.6102523787326027,3.4993944769675767,2.676565977154021,0.634299851469764,1.7004900900620978
high_noise,fault,97,0.6251701615856515,3.085695827617864,2.653856078057175,0.6552309220983032,1.7073982287037672
high_noise,fault,98,0.5953973615768606,3.6230569932886683,2.755154805171862,0.6179892737981221,1.7228482828268026
high_noise,fault,99,0.6205008232633288,3.397951401033276,2.6980459617283095,0.6584728902550236,1.7430915970636665
high_noise,fault,100,0.6299303925781105,3.549574499875258,2.6718317473499313,0.64664227759149,1.6779386814647452
high_noise,fault,101,0.6200515636495338,3.37421604138254,2.741478717245889,0.630234291654837,1.6829323634859132
high_noise,fault,102,0.5985067955178911,3.372236910592238,2.6479973680584568,0.6144650302633351,1.6706553300310223
high_noise,fault,103,0.6277248057138733,3.0364985752962386,2.571780306078722,0.6240770105209356,1.594357931930054
high_noise,fault,104,0.601675278157697,3.7438817433978575,2.7253867572973207,0.6112804819890069,1.677229268159828
high_noise,fault,105,0.6346720398370627,2.977868549240858,2.7234818249835238,0.6521789384862255,1.6958195753207745
high_noise,fault,106,0.6277515345791966,3.3386260551459674,2.596400461896393,0.6461948035290833,1.6586758332121228
high_noise,fault,107,0.6294578229019558,2.94955144309589,2.5247029360427344,0.6323721125790913,1.5962878815526123
high_noise,fault,108,0.6014815261847413,3.0401247129439954,2.5742815867353332,0.6221726760218735,1.659650596594927
high_noise,fault,109,0.6103719665898164,3.254630534165249,2.6223843959774142,0.6434685287847255,1.7071862651014083
high_noise,fault,110,0.6125929467332303,3.3141670816196203,2.618265590881607,0.6405400123449978,1.691925051449747
high_noise,fault,111,0.629621500547565,3.1285961844646475,2.6133953701800574,0.6537076181225149,1.6784428361465968
high_noise,fault,112,0.5982208116479245,3.8215719036718596,2.701552269108081,0.6161423699543361,1.6928802733091057
high_noise,fault,113,0.6398179746809957,3.390376628848403,2.6593727987098976,0.6532039535160205,1.6648763306534524
high_noise,fault,114,0.652632270651811,3.1996899408843174,2.718106155351583,0.6661998862197247,1.6829422625763244
high_noise,fault,115,0.6326877925952252,3.578895900342795,2.7770226949969126,0.6673285603054401,1.7576806498009874
high_noise,fault,116,0.6401967585835047,3.226596209032887,2.633967512714617,0.6593331558106075,1.6714625549927828
high_noise,fault,117,0.6338259755891713,3.129863249729275,2.6339652291249562,0.648554429851613,1.6606626393911494
high_noise,fault,118,0.6345679023944005,3.2536317164308133,2.5813194535158424,0.6480603367805752,1.6408097137400566
high_noise,fault,119,0.6212136537409417,3.208327456461245,2.6238508165781997,0.6461093919285122,1.6847467641243858
high_noise,fault,120,0.6255090673188143,3.4790171566150234,2.6649198782935546,0.6432563812401508,1.6787753040250788
speed_drift,healthy,1,0.4897281992817546,2.0217034641868334,1.8425651574382085,0.14139336637754893,0.3919091017591525
speed_drift,healthy,2,0.4737178837038948,2.384461210332208,1.8871947116869094,0.14657960231166797,0.4250716238241014
speed_drift,healthy,3,0.4540724244057547,2.212817183967322,1.8792007667927528,0.15545247576806542,0.469309240504593
speed_drift,healthy,4,0.466060650509902,2.2276863769111004,1.892586050742056,0.14935712519710148,0.4408707907023575
speed_drift,healthy,5,0.4742814512093691,2.3983604948947583,1.8181577092987178,0.14971466904914849,0.42564152492781326
speed_drift,healthy,6,0.48038866070356967,2.190204904764266,1.8937945035182508,0.14798374389776497,0.4239236919527647
speed_drift,healthy,7,0.46854313083495003,2.198420822802622,1.8646792580972062,0.14691136740786592,0.42816177857707566
speed_drift,healthy,8,0.4638506082756494,2.0674280729335917,1.85861393722023,0.14964073334612754,0.4398112075870041
speed_drift,healthy,9,0.4553383712494901,2.198035068157759,1.8811302830610162,0.15530760551428668,0.4678082878454241
speed_drift,healthy,10,0.4526785641905487,2.15612839427074,1.8748673707250274,0.15282677813284298,0.462269034928015
speed_drift,healthy,11,0.45521404669743,2.279320390027584,1.8502277426023919,0.1496931396991042,0.44729993697659715
speed_drift,healthy,12,0.4620830696619896,2.1186575553458087,1.8880423153705421,0.14763375146400598,0.4390070157779036
speed_drift,healthy,13,0.45434208194392434,2.041152675681654,1.8805859856025495,0.1534440453173158,0.46314147387303845
speed_drift,healthy,14,0.48520868194137495,2.058326286168785,1.872191445675442,0.14419845386680766,0.4066372586291237
speed_drift,healthy,15,0.46374862014026524,2.210824341255539,1.8597374627062244,0.14690491559026855,0.4319957929334099
speed_drift,healthy,16,0.4503910866308866,2.2580339700992424,1.8769337749635415,0.14563162676846286,0.44298639501111753
speed_drift,healthy,17,0.468661590893632,2.153538161696778,1.8447235625032985,0.14974736073138822,0.4339757494709065
speed_drift,healthy,18,0.4784377202522537,2.2733071474861877,1.8368887935162215,0.15498986949354845,0.43905540971776
speed_drift,healthy,19,0.4713152477908936,2.214757150229071,1.8679966617977914,0.1523685409239695,0.4418469551910417
speed_drift,healthy,20,0.4562045469624234,2.2638122090335964,1.8650491309748773,0.15111503180705757,0.4523693748953029
speed_drift,healthy,21,0.4657870378708825,2.086485064759989,1.8709580745220635,0.1506180458760192,0.44230478523772365
speed_drift,healthy,22,0.4581819622054113,2.168904320414949,1.8739848064198292,0.15155676494897616,0.45281454801904863
speed_drift,healthy,23,0.47218822601504346,2.3347650793653028,1.879719703561373,0.14886085359894913,0.43222700555541504
speed_drift,healthy,24,0.46312464115411417,2.084522813360043,1.8436408205418795,0.14713841597748364,0.43138629659656663
speed_drift,healthy,25,0.45938393142857775,2.159881071808162,1.8478496808417897,0.14482132667102682,0.4285386933833663
speed_drift,healthy,26,0.47784997222041964,2.3478339219346496,1.875247398686295,0.14870384020504432,0.4261474606207073
speed_drift,healthy,27,0.4810590546349493,2.1666379999319476,1.8505712907010512,0.14518973245680344,0.4105730337056276
speed_drift,healthy,28,0.4927871581617157,2.2441645229549243,1.861503831104506,0.14936942572391346,0.4135559720155929
speed_drift,healthy,29,0.4576622643058235,2.305610883440551,1.8548123129084129,0.14591576261629727,0.4342172669146044
speed_drift,healthy,30,0.45933500967494484,2.177685521534901,1.8321730816014987,0.14470873464074085,0.426430684273416
speed_drift,healthy,31,0.4747508854057907,2.253757744146789,1.8694647593527522,0.14634203843988333,0.42146543005888065
speed_drift,healthy,32,0.4873644498008796,2.2827946497244516,1.8736263635453432,0.14874881372934018,0.41777375949713635
speed_drift,healthy,33,0.4706888197293959,2.1417186920242104,1.8535686603565318,0.1481325494643426,0.42847052705454947
speed_drift,healthy,34,0.49311253242324415,2.081339640618931,1.8597100187764866,0.14873543490625205,0.4113306035595232
speed_drift,healthy,35,0.4644471708288164,2.302950613937918,1.819646357595081,0.14960316728849823,0.4345081858545692
speed_drift,healthy,36,0.4937424172625711,2.0540085876133207,1.8390031907592652,0.15058109866527689,0.4135816523201073
speed_drift,healthy,37,0.48155044164031613,2.365624709181893,1.871171694393621,0.1440723282985836,0.4092565216656912
speed_drift,healthy,38,0.47642561222472296,2.2061799118789898,1.8888361334621204,0.15004566007958478,0.4328380968177886
speed_drift,healthy,39,0.48997008945295356,2.0860931962395526,1.7998555861144532,0.15128675535933786,0.4142382227371554
speed_drift,healthy,40,0.4585090760425651,2.2396192359900358,1.8688643107449074,0.14583433474293742,0.43481121104096326
speed_drift,healthy,41,0.4559853292892121,2.146111343631317,1.864181244858382,0.14583208058241137,0.43666287415518273
speed_drift,healthy,42,0.4741503295133111,2.1090812838141666,1.8504159618380103,0.1477608746895091,0.42391431233578625
speed_drift,healthy,43,0.48297591837272014,2.246720028598609,1.876827769510476,0.15119236242253278,0.4288610320822372
speed_drift,healthy,44,0.46095491243918474,2.2478883850073115,1.8699990841231127,0.15112212915872886,0.4483222704201959
speed_drift,healthy,45,0.4786771146042122,2.2227023378657664,1.862669633619716,0.15239468076819568,0.43450528300626284
speed_drift,healthy,46,0.4736602888511373,2.0716889117686406,1.843710967194797,0.15135767443794987,0.4338942454965392
speed_drift,healthy,47,0.4903192724426561,2.11926215385924,1.8381522777909005,0.15317543415271792,0.42354630701912255
speed_drift,healthy,48,0.4515370988783192,2.1496990082158054,1.8658952609636283,0.1479423497797129,0.44755117830707275
speed_drift,healthy,49,0.4617348248344892,2.2051943269834804,1.8652074769232034,0.14551370665611696,0.43040256060721993
speed_drift,healthy,50,0.47629256788414026,2.1671391222021756,1.862443039314486,0.1496091678380328,0.4286727747674854
speed_drift,healthy,51,0.460613891552145,2.2307003945009227,1.8597522753606537,0.14862142958097702,0.4400195293718254
speed_drift,healthy,52,0.47109177520167966,2.182342022351282,1.8413009877170856,0.15063585840896862,0.43389559166802866
speed_drift,healthy,53,0.4727566489124383,2.1423947376323156,1.8544735497548548,0.15191627250969827,0.4375996560400782
speed_drift,healthy,54,0.4852050056575169,2.039952493428115,1.8557729645956154,0.14947233711921784,0.4196603845150265
speed_drift,healthy,55,0.47662810407065026,2.2470547611281666,1.8664057503140068,0.1504299761147726,0.43117916961844455
speed_drift,healthy,56,0.4688615792637413,2.1866516033337695,1.874823316103321,0.14861536932048175,0.4340095161362189
speed_drift,healthy,57,0.4856435253420647,2.1878713862060093,1.8660901817644393,0.15383652050436838,0.4327211865584442
speed_drift,healthy,58,0.4659545338041503,2.2932146360804877,1.8532724675274868,0.14780793138831813,0.4318409613807942
speed_drift,healthy,59,0.4643860225011679,2.162223003099239,1.8633288335623475,0.15002469918808367,0.44098963032835137
speed_drift,healthy,60,0.47955306004092646,2.1414736740943354,1.841590298354263,0.1518122925014881,0.42960248136795476
speed_drift,healthy,61,0.4535623642207192,2.3912250029768787,1.8462660268455104,0.15146706665749768,0.4537622301054718
speed_drift,healthy,62,0.477091525997361,2.253642296446301,1.8271080836432645,0.1496469067687082,0.4239827242789446
speed_drift,healthy,63,0.45843408127678287,2.3448303466155527,1.862439877883844,0.15167355279706493,0.4515169869563226
speed_drift,healthy,64,0.4470538936471837,2.330775412795677,1.9023869934251532,0.15192332982188003,0.4687205805005651
speed_drift,healthy,65,0.4551318874548269,2.6033668228821014,1.86291154455681,0.147817234096331,0.4432859071948555
speed_drift,healthy,66,0.47428945803834843,2.1852953836541826,1.8324354998878718,0.14994161769663542,0.4279500374426536
speed_drift,healthy,67,0.47402531203313336,2.3129113020832692,1.8498729677121108,0.1500651100969652,0.4305753382693952
speed_drift,healthy,68,0.4600706625781285,2.3210845761551036,1.8464815249125583,0.14989443856594917,0.44272440478291203
speed_drift,healthy,69,0.4850525041051466,2.437811116022389,1.8948908446802613,0.1488841954499383,0.42252454829942737
speed_drift,healthy,70,0.46826540351196944,2.043349668849647,1.870548878692113,0.1557229534839903,0.4548257981295236
speed_drift,healthy,71,0.4484682776812851,2.2238053789520227,1.8683529303983644,0.1476362828151288,0.4499775347375489
speed_drift,healthy,72,0.48982818136671813,2.3472324058128025,1.8495225373564008,0.1527634781916314,0.42413643734742545
speed_drift,healthy,73,0.4480632521665113,2.3755704640391904,1.8503684116877042,0.1435068475518662,0.43567475979763537
speed_drift,healthy,74,0.4940220020330611,2.2263420023241904,1.887164919063577,0.1484720641970742,0.4128605460096964
speed_drift,healthy,75,0.44943669946802317,2.2770059055223797,1.890076786469155,0.14652568601706822,0.44821352249094937
speed_drift,healthy,76,0.4737120465249829,2.1369713226462266,1.8545348448493784,0.1521583635402539,0.43742026427803865
speed_drift,healthy,77,0.4866111283330119,2.255997888458386,1.8360656142780114,0.14520425890228106,0.40433507475352076
speed_drift,healthy,78,0.4542473415181475,2.2076145107466054,1.8393109705073627,0.1537699871234402,0.4590994413626799
speed_drift,healthy,79,0.45840577264293,2.2153425463384386,1.8556982894395146,0.14916337966330687,0.4432674287103783
speed_drift,healthy,80,0.49026580282664,2.2996851034548573,1.8449600647225692,0.14953209121309613,0.41428221610716276
speed_drift,healthy,81,0.4886376984574935,2.46278265557621,1.842991219331274,0.14828951199357077,0.41198850534878756
speed_drift,healthy,82,0.46759683930426604,2.0939827048290445,1.8783863069236633,0.14734564861075475,0.43187513927658855
speed_drift,healthy,83,0.4748346890001851,2.1840231195876196,1.8583867775557956,0.14529558438871484,0.4171363442228459
speed_drift,healthy,84,0.4616714477119679,2.3798011257219205,1.853467262904225,0.14628599421966584,0.4313821705184802
speed_drift,healthy,85,0.45033878756116075,2.228298312216076,1.8722736107250433,0.1539131249732539,0.46765002268526534
speed_drift,healthy,86,0.46581569842222487,2.2347285055935453,1.8584263410972401,0.1503933287859845,0.4401362386640317
speed_drift,healthy,87,0.45948561667946825,2.2332339845458673,1.8824641629674392,0.15390526941488814,0.45956286355588594
speed_drift,healthy,88,0.45073945068940297,2.1790250013662766,1.8437113326705765,0.15106272639054535,0.45507000423753613
speed_drift,healthy,89,0.4842440382724862,2.2197483768424764,1.8467747007523987,0.1490279368423382,0.4182253609558891
speed_drift,healthy,90,0.46799771704118687,2.1093718293805046,1.8551064166714517,0.1461851577457492,0.42544552505495836
speed_drift,healthy,91,0.4715808729930466,2.2531075697694423,1.8805969600842332,0.15196110710240857,0.441900132425751
speed_drift,healthy,92,0.4788933807362902,2.277084290430274,1.8434127490834686,0.14563048803730672,0.4128808727099396
speed_drift,healthy,93,0.48653246135861766,2.2513433462003642,1.8790907105318038,0.14757776636326306,0.41579856296608225
speed_drift,healthy,94,0.4902294985216044,2.2208772585262,1.8476714165754327,0.1536926553914853,0.42615348444783513
speed_drift,healthy,95,0.46402828270056873,2.1330647028318217,1.8812652359220403,0.15209063430336542,0.4495552092793276
speed_drift,healthy,96,0.4789628716062003,2.244820845534795,1.8788968029634405,0.1539828366538649,0.44067856917846054
speed_drift,healthy,97,0.4767670055671956,1.9995176259615839,1.858714715892594,0.14714803705059318,0.4207795734720635
speed_drift,healthy,98,0.4599029637417134,2.3166387003896456,1.868061547660405,0.15153517917697615,0.45034241145797776
speed_drift,healthy,99,0.45762452637048456,2.189415012656689,1.8617998872689239,0.14748142327502847,0.43973853737221835
speed_drift,healthy,100,0.4829968231097572,2.1412007501932133,1.8359194099682066,0.14701007703782532,0.41241042757051166
speed_drift,healthy,101,0.45458693359188856,2.2327234723036398,1.8691165178281284,0.15364436882695884,0.4620807612067173
speed_drift,healthy,102,0.45970747198597656,2.2712049266798418,1.8291709340743652,0.14911354594785853,0.43869499643920257
speed_drift,healthy,103,0.4586558789819795,2.2013787375245957,1.8647135376174777,0.14933565979763014,0.4446134765971544
speed_drift,healthy,104,0.45220987735992707,2.2295552193056962,1.871150640124709,0.14700437097762978,0.4446769110832053
speed_drift,healthy,105,0.47368390735658555,2.2223368563817645,1.8211124011073017,0.15555011329962962,0.44314930969830535
speed_drift,healthy,106,0.4616629146727594,2.314414662783235,1.878346068911946,0.15146530130112282,0.44965141985875856
speed_drift,healthy,107,0.454268014561935,2.114255517555072,1.8773551750034831,0.15016868140590983,0.4529397443348034
speed_drift,healthy,108,0.47498228025699446,2.2245097202836024,1.8581544903693652,0.14846602500158826,0.4260794441103422
speed_drift,healthy,109,0.4631070860751144,2.4070459646846865,1.876911721786038,0.15365310128119833,0.4545501729847051
speed_drift,healthy,110,0.4976075118532555,2.1347029995951208,1.8080009567655333,0.15044991412366096,0.40654099367794766
speed_drift,healthy,111,0.46725774530069936,2.2678590234705966,1.871038461288005,0.1512128778565759,0.44266341219398864
speed_drift,healthy,112,0.4527051319112823,2.1994385116937853,1.8519927624195782,0.15074818829968853,0.4531649648978346
speed_drift,healthy,113,0.4958817882840328,2.2023369977519134,1.8504107957003164,0.15211423410294556,0.4172782738222465
speed_drift,healthy,114,0.46409100497046646,2.1424176612217387,1.8682453989979997,0.14839093776843387,0.43704000160037226
speed_drift,healthy,115,0.4704880786425534,2.284567157687503,1.8394767214932197,0.15075371030882448,0.43457679648510394
speed_drift,healthy,116,0.4598335675333547,2.345445209843209,1.8963704077135095,0.14559920164711157,0.43603355045254205
speed_drift,healthy,117,0.475086560150929,2.309541553881944,1.84674439320359,0.15033074626562,0.4300099088061137
speed_drift,healthy,118,0.45483502206666754,2.2384343203944224,1.877376416633754,0.15546923278851305,0.46834537587026925
speed_drift,healthy,119,0.48073398656789346,2.046360862991541,1.8670017220597737,0.1481355201950803,0.4210432792989562
speed_drift,healthy,120,0.4600108698097783,2.172116337857846,1.8413384184749622,0.14459073358152064,0.42651977796729795
speed_drift,fault,1,0.5784822216032631,3.285635148392639,2.427249434455283,0.522276395837609,1.4065901969617143
speed_drift,fault,2,0.5456095798187613,3.196887814215797,2.469222302301064,0.4759124287645432,1.3706455336041654
speed_drift,fault,3,0.5283138297225959,3.287456888012386,2.544204194182536,0.46560363601859067,1.4057249912795837
speed_drift,fault,4,0.5552231804346512,3.1558350707470226,2.5618293938298473,0.4953923402482434,1.4280940177103758
speed_drift,fault,5,0.5376299839610236,3.16338366862332,2.475724974428819,0.4738528093660519,1.3867915190959368
speed_drift,fault,6,0.5555121234703717,3.2799915658112306,2.604449292854664,0.48386892238929996,1.4056983699270895
speed_drift,fault,7,0.5404515825133063,3.2369653880645055,2.436271493201953,0.494822434354122,1.4290763446723336
speed_drift,fault,8,0.5666888004856194,3.038145160088941,2.488298092902315,0.5387404020560693,1.499636905394916
speed_drift,fault,9,0.5757702615849292,2.9691086575199366,2.475276927705165,0.5530127293941948,1.511115969040184
speed_drift,fault,10,0.5585124092857631,3.146403314406335,2.5059432000457678,0.5349930717302137,1.5163551913683004
speed_drift,fault,11,0.5698108489044855,3.031685478840798,2.491051770361699,0.4930940521631708,1.3658104364811998
speed_drift,fault,12,0.5461807865330143,3.5195204709957277,2.495249675287719,0.5161284427145247,1.4927200907703986
speed_drift,fault,13,0.5266273145487689,3.1043672429084257,2.506145177486435,0.4739546819382066,1.4247430581973526
speed_drift,fault,14,0.5638094286371688,3.0122951817759622,2.5178727402839076,0.5071093210704484,1.4272043046961904
speed_drift,fault,15,0.5469623915367936,3.114890548155074,2.4533868628090465,0.5120885888704333,1.466461448010226
speed_drift,fault,16,0.5543867510689411,3.131824423240394,2.4887513499762384,0.5207538130422414,1.4818709012821771
speed_drift,fault,17,0.5656275340101896,3.1255610777609113,2.3826617389477596,0.4962107641033519,1.3541501877551299
speed_drift,fault,18,0.5574642443897347,3.3361521485589556,2.4792872615811103,0.5149836868640377,1.4545875951536746
speed_drift,fault,19,0.5433994541590078,3.465689414439586,2.557414632696943,0.5150540687094898,1.5157731062879196
speed_drift,fault,20,0.548234024530362,3.211442326130057,2.5122919971034907,0.5178558252930426,1.4971935177942
speed_drift,fault,21,0.5431450195348326,2.777049848889369,2.4745929504228705,0.5075647118817441,1.4700344231868663
speed_drift,fault,22,0.5441975317082378,3.369578169353499,2.570436878249767,0.47141258236173866,1.3888267540883539
speed_drift,fault,23,0.5593959748036055,2.824520656621402,2.4301385795609614,0.503983147992093,1.404469130020522
speed_drift,fault,24,0.5566995553300743,3.0843168856542618,2.44230977528636,0.5200471546093115,1.4598970263729463
speed_drift,fault,25,0.5717483270212026,2.5555019435944457,2.4189357908269087,0.5380910728112084,1.4637370124787508
speed_drift,fault,26,0.5362696439218039,3.331906883067791,2.53298440222629,0.47313799251256045,1.4041738038605411
speed_drift,fault,27,0.5544462901706863,2.7283710836950337,2.5213679339273956,0.4913957886405259,1.4073109307099285
speed_drift,fault,28,0.5683766705404629,3.014559995623504,2.5282149620984535,0.5440416447406166,1.5219588131038904
speed_drift,fault,29,0.5543247703136316,3.234087102218714,2.5184761174126464,0.5181797111631946,1.4834914146449203
speed_drift,fault,30,0.5543152277489737,3.2038424633356457,2.4890276799330144,0.48857808741261866,1.3905673845045035
speed_drift,fault,31,0.5512831992800559,2.9597827050573393,2.4748273942476904,0.5253782448371666,1.4992352519755392
speed_drift,fault,32,0.5510896498250117,2.893048679042186,2.391851551064449,0.4785559785712078,1.3430049169061595
speed_drift,fault,33,0.5731257484024584,2.9545697440091927,2.5362768517284757,0.5241140317822793,1.4563782881997942
speed_drift,fault,34,0.5759951908683951,2.6593497961482,2.488809699066953,0.5333793087077354,1.4608753195894277
speed_drift,fault,35,0.5678114173991681,2.7835302980856675,2.5501400476224045,0.5327310887332379,1.4982556929403184
speed_drift,fault,36,0.5824201691130206,2.86346554974369,2.528562771512337,0.5446186595474755,1.4869384114011694
speed_drift,fault,37,0.5819662108111975,2.9570065115456883,2.423122108530657,0.5447308161714298,1.4570411742537173
speed_drift,fault,38,0.5648095461044251,3.2947632259472237,2.5038407820387603,0.48566734209085227,1.3606305790366293
speed_drift,fault,39,0.5661497751252422,3.3378949827695092,2.5593911280090325,0.535627432266375,1.5135605594949355
speed_drift,fault,40,0.543872172198185,2.9847262936021424,2.521596243872523,0.5100971977804077,1.4893400692845287
speed_drift,fault,41,0.5388914728744794,3.083500823556943,2.5124069562612696,0.4882479691045657,1.436098165667553
speed_drift,fault,42,0.5476205858993677,2.846079021985091,2.4933442222664244,0.48318852857282807,1.393246527943495
speed_drift,fault,43,0.5625710359400642,2.919077833309607,2.500246009002502,0.5014278914966299,1.4093617812537393
speed_drift,fault,44,0.594668971788686,3.126607460408723,2.5475289934264493,0.5641446178383651,1.51417035126757
speed_drift,fault,45,0.5713130776419083,2.7479145120774913,2.4644060286033893,0.5090258546294828,1.3986910876949679
speed_drift,fault,46,0.5535016562970905,3.170727289580848,2.4158800542219003,0.4826414816255845,1.3553248612784112
speed_drift,fault,47,0.5821533112523543,3.324382927388576,2.483141138085578,0.5537153054135792,1.4988213078040784
speed_drift,fault,48,0.5893835176678893,2.738254084937497,2.4881653271590722,0.5557491843317769,1.4873749550650048
speed_drift,fault,49,0.5631473801877649,2.917293001817457,2.456927049549202,0.5436498894273902,1.5131896663631015
speed_drift,fault,50,0.5702218651543598,3.3312493995280614,2.4801231935365373,0.5150194932223802,1.4223825895847446
speed_drift,fault,51,0.5630803690951729,3.504210365699863,2.438099942661218,0.4954219776962792,1.3738225295725854
speed_drift,fault,52,0.5496097838968215,3.0909635743557864,2.4860352789017224,0.5168330179786264,1.482686861961132
speed_drift,fault,53,0.5571476265828301,3.017739136245634,2.5443958312307466,0.5292798404700603,1.5153306426649704
speed_drift,fault,54,0.5433909346543563,3.0702571282060704,2.481216076248823,0.4897424820974726,1.419670906349229
speed_drift,fault,55,0.5450862404196002,3.3823279356733096,2.5409107732829908,0.5144713586372099,1.5044947964023356
speed_drift,fault,56,0.5281577519443353,3.064657064182676,2.443284439511662,0.4607759532542965,1.3636821705764375
speed_drift,fault,57,0.559526890670502,3.144705647791274,2.4819822596599863,0.5276745255167675,1.485745766273413
speed_drift,fault,58,0.5763435876796691,3.1504734440857387,2.472717613467221,0.5324779654337581,1.4528053699062338
speed_drift,fault,59,0.5574520538937964,2.8682627316991396,2.474087145820906,0.528713681039675,1.4918340827638716
speed_drift,fault,60,0.560384555681518,3.1499825893506923,2.414814760297973,0.4979877321101769,1.3809386898290612
speed_drift,fault,61,0.5762895324288089,3.3047705793427906,2.4596367085142914,0.5173173148900302,1.407835027672905
speed_drift,fault,62,0.5510556865846906,3.1415225849855486,2.371273860817885,0.4626490676246129,1.29284678517039
speed_drift,fault,63,0.5753426783376441,3.4078526972731633,2.540573954437638,0.5265245952220559,1.458673163441671
speed_drift,fault,64,0.5777229257107437,3.050261480113446,2.4816804910854944,0.5305042912235017,1.4465792547244545
speed_drift,fault,65,0.5707507420217289,2.903073079514919,2.5111170446498083,0.49591461250409463,1.3768730469821011
speed_drift,fault,66,0.58101166941585,2.995513001904497,2.4864404464033867,0.5577006517114594,1.513579816282351
speed_drift,fault,67,0.5491856117349913,3.1586614472601404,2.5303936134132403,0.5253976264855243,1.5218189838314669
speed_drift,fault,68,0.5679621132364943,3.362226850967265,2.512775090012007,0.5331746478030447,1.488082239622076
speed_drift,fault,69,0.5832743024140561,3.094738006552428,2.5278740895954566,0.5225534932747801,1.424412025889336
speed_drift,fault,70,0.5865329395471024,3.079803593408927,2.5118666262441827,0.5488475333663556,1.483056161723395
speed_drift,fault,71,0.5475562163625916,3.272554821315468,2.534754398779472,0.49135680779894986,1.4286840836991537
speed_drift,fault,72,0.5707456762957821,3.787977630092883,2.618764484105179,0.49274960567270365,1.3971141023916374
speed_drift,fault,73,0.5460825140909156,3.2154001845750044,2.459531893559082,0.474823290582209,1.3636407545322193
speed_drift,fault,74,0.5540273749691046,3.395573706711822,2.4700348390581794,0.49459234503568916,1.4030324176002524
speed_drift,fault,75,0.5674752336083118,3.0530067703917574,2.4539261220772914,0.49967046444215524,1.3793278609085509
speed_drift,fault,76,0.5555944959362888,2.986836179039601,2.4693111600688455,0.48886409113067647,1.3826686399811208
speed_drift,fault,77,0.5394726760400959,2.9972875620507367,2.621229848547951,0.502216001314608,1.5072095782185457
speed_drift,fault,78,0.5345693360110305,2.83441138435873,2.4177363340462623,0.47999358294518657,1.396162139359233
speed_drift,fault,79,0.5735782497564547,3.0791222869687145,2.5199033368258195,0.5138265878302629,1.422053185000501
speed_drift,fault,80,0.5437545820857509,3.098049295234458,2.4427522987803214,0.5143881771778549,1.478521906942954
speed_drift,fault,81,0.575521867290143,2.8732584431540453,2.5237515153279495,0.5354990319140225,1.4781556129331648
speed_drift,fault,82,0.531380316975511,3.1810558490377736,2.464809377808347,0.46538004660518656,1.374972347624003
speed_drift,fault,83,0.5821050169964166,3.1464607565538927,2.5715057388830735,0.5494866793389529,1.5137340333413574
speed_drift,fault,84,0.5328411994866111,3.2424933166557213,2.4461612890213975,0.4556255471398807,1.3373738111299192
speed_drift,fault,85,0.5672807383477392,3.453237651488484,2.6086624809155303,0.5117540921716406,1.4570425427662104
speed_drift,fault,86,0.55698610321767,3.0595848139318513,2.436330244610353,0.49915975190062456,1.398824656374786
speed_drift,fault,87,0.5679152445225948,2.611529010392332,2.459291912607085,0.5455790218275746,1.5065348311772324
speed_drift,fault,88,0.5467000752218576,3.1855108107403525,2.427257163298467,0.5172983258356104,1.4741776920114762
speed_drift,fault,89,0.5789138757245497,3.3650527517406172,2.536574422806556,0.510471897281097,1.4043704526174252
speed_drift,fault,90,0.5483249169254584,3.2323080032313993,2.513225116966309,0.4726229913934022,1.3664462680040645
speed_drift,fault,91,0.5408411828654037,3.0360490362219403,2.5239041763921284,0.4955318315288368,1.4555872229324345
speed_drift,fault,92,0.5570510444069379,3.0157952531713805,2.5334564847268224,0.5290502772613809,1.5116758607267198
speed_drift,fault,93,0.5502594375853624,3.033345359607803,2.507056450852699,0.5273269369567323,1.5173805506944573
speed_drift,fault,94,0.571324078132963,3.2346022947727695,2.547597341247146,0.5098227667768372,1.4243020241063284
speed_drift,fault,95,0.5378167469334667,2.9580147219000192,2.4258629899357507,0.507192909108301,1.468831528470491
speed_drift,fault,96,0.5334716791764316,3.1786471689829985,2.466175453691329,0.45988728939382545,1.3537922489634429
speed_drift,fault,97,0.5665938923833688,3.3904922782426343,2.566210082492064,0.5046892414760829,1.4269155201687498
speed_drift,fault,98,0.5698543526131001,2.9629757297164616,2.55434211200828,0.5412076016206749,1.5178873787283316
speed_drift,fault,99,0.5554391737986658,3.2136678096510205,2.5493332870791243,0.5179993667981482,1.4890388569388122
speed_drift,fault,100,0.537718148546908,3.0849379741475054,2.469126561026355,0.4846607332541556,1.416298568085542
speed_drift,fault,101,0.5615434218153041,3.073893809242205,2.4559269644459487,0.5069600652155606,1.4148100287328689
speed_drift,fault,102,0.591130286784428,3.2004146401922005,2.491001961656286,0.5716301209681883,1.5262262845128989
speed_drift,fault,103,0.5578311071985275,2.907500470333851,2.47860739718907,0.4955439127703225,1.398567035307307
speed_drift,fault,104,0.5632382378612205,2.9255995214750428,2.417024699063324,0.4816662565944838,1.329519268088774
speed_drift,fault,105,0.5707615713435028,3.253394355993118,2.5271544026851576,0.5449806959709635,1.5178969306242158
speed_drift,fault,106,0.5525394381174041,2.9037188226468524,2.5001691004957096,0.48934745514188027,1.4003569273180745
speed_drift,fault,107,0.5862861905850503,3.1774707613988857,2.5536432223614427,0.5496852363357135,1.4982507991186529
speed_drift,fault,108,0.5734654065985514,2.940251555976617,2.431667751208593,0.5192516073310378,1.4119611336344404
speed_drift,fault,109,0.561859917893383,3.331142078267003,2.519947743090807,0.5133409958336761,1.4503528235070964
speed_drift,fault,110,0.5642926094516751,2.8307667679063444,2.5506832432788467,0.5089946555083928,1.4405791487668806
speed_drift,fault,111,0.5581468048993999,3.3797669132452137,2.534861030352642,0.5279011060522106,1.505848242348001
speed_drift,fault,112,0.547088959008475,3.1504408529743317,2.4597362065521065,0.4724886052560182,1.3544957791881032
speed_drift,fault,113,0.5713937111645894,2.9174282423185804,2.4755051498218275,0.5463865578504548,1.5045148102356152
speed_drift,fault,114,0.5664581368073005,3.500922338048768,2.5549703626513125,0.5400341772405962,1.5238645279363807
speed_drift,fault,115,0.562225332324131,3.251219406177338,2.498654631306338,0.4960521158023009,1.3946653533552293
speed_drift,fault,116,0.541672831035738,3.1039150425821793,2.4832711770524103,0.5116327563879113,1.4884469569612808
speed_drift,fault,117,0.5601629442223118,2.897152499804879,2.5263331691680526,0.5360110166785024,1.520913979914657
speed_drift,fault,118,0.5598652756378485,2.9687034800703285,2.4598507348263983,0.5162385835490897,1.4461765184088398
speed_drift,fault,119,0.5393977960217119,3.260861128163906,2.548216930101907,0.4942447667348589,1.4626860193115705
speed_drift,fault,120,0.5529354572179654,3.0725874195242113,2.5526746108091762,0.5002257864496975,1.445404375154584
load_change,healthy,1,0.5242625150153419,2.130687936146985,1.8376737840835222,0.14837668157597433,0.3836640060838998
load_change,healthy,2,0.3515225256546115,2.2110744731200795,1.9445030907907026,0.14306922919778264,0.5675412028453606
load_change,healthy,3,0.27823406637900494,2.4774694598682006,2.0224891549888198,0.14143621091328226,0.7229252782292086
load_change,healthy,4,0.28837083361674437,2.4865034003053466,2.040613282107657,0.15097399585977606,0.7478787120077994
load_change,healthy,5,0.28598344176669144,2.4267076446486517,2.088458478201599,0.14475669252822393,0.7314938609599719
load_change,healthy,6,0.4947923837555333,2.1022444198864974,1.849330659818854,0.150507263494659,0.4136582958442086
load_change,healthy,7,0.5749457209618093,2.1909647019805765,1.8188943745340742,0.15289123160737322,0.3586406169190149
load_change,healthy,8,0.39901083545225835,2.2687721548572433,1.904556601446995,0.14362852192195988,0.4967672351374862
load_change,healthy,9,0.6186443306810638,1.9793488905808316,1.818123394690587,0.1534908675885259,0.3345439505649247
load_change,healthy,10,0.6403011896479202,2.1340067549798274,1.8169228725996267,0.15606723833906094,0.32854562077653265
load_change,healthy,11,0.3689290218818678,2.2204707609272547,1.955440140452271,0.1475818514618627,0.5593870356469851
load_change,healthy,12,0.6218350920477952,2.0937514628460567,1.8227073173097508,0.15715848748963313,0.34120947461503803
load_change,healthy,13,0.5776143217653091,1.9364128918029582,1.831193419315211,0.15280765619733563,0.3579927826111211
load_change,healthy,14,0.48131067830274366,2.1045192501185666,1.8646267246835362,0.15380057906074204,0.4363434145433994
load_change,healthy,15,0.41309535588885654,2.1333898218275245,1.875726758647324,0.14479318479213066,0.4800457124798731
load_change,healthy,16,0.6087524793168578,2.1692346317828175,1.8171448060892674,0.15227152997574273,0.3371884864839945
load_change,healthy,17,0.2850891251554058,2.6319114199101667,2.031792283609778,0.1447311400947898,0.7236373677947215
load_change,healthy,18,0.32959785276658005,2.425341890252686,1.9628780265150352,0.14226665410542894,0.6047354118875546
load_change,healthy,19,0.3535049276468878,2.340550006554397,1.9628414569564925,0.14383662526888283,0.5700548225221853
load_change,healthy,20,0.3894019138268605,2.306137779839166,1.9165194553466336,0.14661099413026954,0.5212248020726671
load_change,healthy,21,0.4628792138131687,2.264479331471382,1.877508228878495,0.148814252038318,0.4405221719168279
load_change,healthy,22,0.5773272385576218,2.0583009171757007,1.840542822177134,0.15657884553326634,0.3679459284726249
load_change,healthy,23,0.6400215916792427,2.1543547999584773,1.7992195578583619,0.15687230372368496,0.3287711725046927
load_change,healthy,24,0.5936577801669222,2.005789893600255,1.8105831430049477,0.15052938556108017,0.3411884818426991
load_change,healthy,25,0.5254603679578986,2.0995933577832195,1.8571787684262027,0.15155593639844453,0.39306089767301333
load_change,healthy,26,0.579438112257224,2.2253060189152816,1.8609571603359611,0.15169811234772132,0.3571423132053022
load_change,healthy,27,0.6336762248180683,2.0983275971397743,1.8204307627745338,0.15429778358222557,0.328533270969163
load_change,healthy,28,0.34808507467163574,2.3052044510541885,1.9184733742562263,0.1468516455906856,0.5843476525919205
load_change,healthy,29,0.5801292032661759,2.1966645463161747,1.80582694668491,0.15280213677022422,0.35395069057461365
load_change,healthy,30,0.4202215021085814,2.1833667766851175,1.875436795691911,0.14291507423015418,0.4657479849851954
load_change,healthy,31,0.5606646009519402,2.0934190324328417,1.8178823030895976,0.15146246147017947,0.3642375824023821
load_change,healthy,32,0.3466474827264074,2.3327369567733554,1.9374727797462454,0.14846620608491928,0.5961524933836572
load_change,healthy,33,0.675399770218753,1.9759362495660528,1.7870814152707701,0.16003947355748627,0.3167658645134147
load_change,healthy,34,0.6263511241059615,2.231787712632124,1.8316398256291566,0.153582564581259,0.3318517353924435
load_change,healthy,35,0.5313774264447094,2.143409247502267,1.829215142699325,0.15159148968913816,0.3858372145393112
load_change,healthy,36,0.4747605937988997,2.201865795740199,1.8534922815293635,0.14784633533412966,0.42396625480465855
load_change,healthy,37,0.4269789365198325,2.130405590337874,1.8771697615414993,0.15119718259259582,0.48516450750342005
load_change,healthy,38,0.5206624653336505,2.285545258072157,1.8314648705258876,0.15278969693871589,0.3971340232006216
load_change,healthy,39,0.6362770392267214,2.1037893412087754,1.822318540440766,0.15187081423024537,0.3222108916377381
load_change,healthy,40,0.30496592544073936,2.4392301082586436,1.9965719348171134,0.1446915540684427,0.6704005238165094
load_change,healthy,41,0.5174274709883341,2.0688417685210756,1.849851623066703,0.14673419091688217,0.38570057550510783
load_change,healthy,42,0.6120787678941912,2.250415985045078,1.8171119420750306,0.15450708332296142,0.3402764715948871
load_change,healthy,43,0.43697198049309477,2.2235075501438852,1.90064912351054,0.14444352944239938,0.45571725900282883
load_change,healthy,44,0.3450312938528402,2.6728210956150864,1.9892486126271796,0.14738402397764166,0.602471427225441
load_change,healthy,45,0.6575088860756266,2.070753320003829,1.8094844332240805,0.152842328268634,0.3126939249354931
load_change,healthy,46,0.5932186949687642,2.0769618501947127,1.8290897914426127,0.15330753074208453,0.3495152845517203
load_change,healthy,47,0.48355038008323065,2.072872312756227,1.8589705994409282,0.1484871380035462,0.41868111126468727
load_change,healthy,48,0.5224464643203097,2.0533009470921715,1.817622079691665,0.15436109700715098,0.39833443965563464
load_change,healthy,49,0.5187085490153347,2.223217631001737,1.8303212136407314,0.14922782190634432,0.389215431748982
load_change,healthy,50,0.3389540003976138,2.505310463187073,1.9560073602306642,0.14860954242507016,0.6131845100521123
load_change,healthy,51,0.5206346001935898,2.1311877740502743,1.8451915967532844,0.15181631428258446,0.3961011932726356
load_change,healthy,52,0.5676755534158814,2.159942572303255,1.818349241442735,0.14908263001514088,0.35413227020198035
load_change,healthy,53,0.4983922116423873,2.1746370450927426,1.8680029824842028,0.14953695123129876,0.4100776099234607
load_change,healthy,54,0.4071927699862854,2.563986079346116,1.9051654530679674,0.14760707601340467,0.5003494974970563
load_change,healthy,55,0.3922280706089376,2.345204231656356,1.900486542678305,0.15266797134045362,0.5365888727268753
load_change,healthy,56,0.4410429351815656,2.3215132907280585,1.8957057311975256,0.14486074925293488,0.45222578251677586
load_change,healthy,57,0.6648860152526398,2.1056701127891815,1.8273386116964547,0.15637937072804436,0.31793751705742357
load_change,healthy,58,0.5865952570487319,2.1948627886688556,1.8144496502327707,0.1559317378318852,0.35807040920198036
load_change,healthy,59,0.6210174804208525,2.225675945025797,1.8408210446854771,0.15492383120450567,0.33847000577291025
load_change,healthy,60,0.5585077043912561,2.1273004449175086,1.842799338346146,0.15131996518004004,0.36779522627325945
load_change,healthy,61,0.6325282221909775,2.18110791608833,1.7867694368694573,0.1578504039422242,0.3335800331534343
load_change,healthy,62,0.4592255062990614,2.1931483782762022,1.885331345699432,0.14490174348798296,0.4332528751808536
load_change,healthy,63,0.6523285609872588,2.159219978424145,1.8041103233044604,0.15411053308527112,0.31732002132933934
load_change,healthy,64,0.4797725875169426,2.3613221295971263,1.8779790339760005,0.14599168642409993,0.41700192975320327
load_change,healthy,65,0.3058236402722091,2.3407873884831485,1.9651626911252973,0.1426220438709218,0.6537547503873959
load_change,healthy,66,0.2698073815471224,2.2588533764243945,2.0691081620001057,0.1399023949471301,0.7458696210238044
load_change,healthy,67,0.4874394881207199,2.1624745691907044,1.8426773422769638,0.15065927332391832,0.41956553607252794
load_change,healthy,68,0.33226528090232615,2.429565472166549,1.9651535835120197,0.14387017983244005,0.6069935440587096
load_change,healthy,69,0.6106275844982726,2.1129494572630922,1.8463487401429648,0.15086650449249375,0.33571695552357034
load_change,healthy,70,0.3735765274498253,2.3389446590915783,1.929398483664725,0.14546784261810417,0.5408768374927285
load_change,healthy,71,0.35769405491824274,2.3594299901213542,1.953677537714923,0.1469947580855584,0.5744028254263461
load_change,healthy,72,0.36442257516298066,2.3013581097467504,1.9259149098799508,0.14638714030942676,0.5574631979521135
load_change,healthy,73,0.4191318349106701,2.1444937780008826,1.899850956554893,0.14303829241853985,0.47039363239163384
load_change,healthy,74,0.6618900981589672,2.070128390298924,1.8144087421602038,0.1566403237166365,0.3187757327709105
load_change,healthy,75,0.3299696787046598,2.7336079408882528,1.9692949154732518,0.146347036799888,0.6223938308332511
load_change,healthy,76,0.6297922788394545,1.9171609647661332,1.7900077587505594,0.15088190056938253,0.3205289572879013
load_change,healthy,77,0.3015360242981577,2.3903440599441814,2.023442730935949,0.14476900632608175,0.6829388951414744
load_change,healthy,78,0.4411477728658558,2.174667356517145,1.8817913954461092,0.14813265744404022,0.4606302574971559
load_change,healthy,79,0.3596461095478488,2.440073852099073,1.9446379738133777,0.1449832799435982,0.562162581571034
load_change,healthy,80,0.4148916285384269,2.277021375510519,1.8461597469989581,0.14465556323463585,0.4737346023080388
load_change,healthy,81,0.2914791730871827,2.4755773371960204,1.9990949146605215,0.1479464748563584,0.717651835620183
load_change,healthy,82,0.34452100980092115,2.1317469502754247,1.9296062698434913,0.14693355167969663,0.5924335102010887
load_change,healthy,83,0.3496008005846861,2.3400471228273414,1.9410738952602555,0.1462514941532381,0.5828394338511618
load_change,healthy,84,0.5088772172042284,2.2091852981850764,1.8412557039864603,0.15320710189483652,0.4085290483995036
load_change,healthy,85,0.6238537355574809,2.011710469534045,1.8267595211885965,0.15466585270305516,0.33508296536386617
load_change,healthy,86,0.45443317324193905,2.3051165027888265,1.8628234245893958,0.15273161257266663,0.45871691555500305
load_change,healthy,87,0.34729074193704496,2.7043604043156915,1.9604072151959586,0.14127686803411732,0.5695751045282881
load_change,healthy,88,0.39344521507013963,2.3657693296901585,1.9180456188043746,0.14457286333809752,0.5088994490352392
load_change,healthy,89,0.6464892662748503,2.0617814928250007,1.8128248729725251,0.15975409047340897,0.3327120988810434
load_change,healthy,90,0.35787666324522605,2.6280353220205286,1.9105395850851332,0.14470145904355539,0.5588786908226812
load_change,healthy,91,0.3215218474410521,2.498147934559302,1.9835703807891376,0.14384645651898356,0.6301043629622365
load_change,healthy,92,0.623318030695003,2.1233607113909754,1.8288953435982571,0.15417746924792577,0.3345073384937588
load_change,healthy,93,0.6338738852702159,2.1971653533990514,1.797021139435049,0.15606291063379932,0.33004521111292473
load_change,healthy,94,0.6375628787361975,2.2114170038924565,1.797464336437612,0.15473222889426338,0.32537778604361983
load_change,healthy,95,0.5750369977671449,2.100248496842473,1.8273414747325352,0.14993863904696655,0.35247444246139586
load_change,healthy,96,0.5854173578043694,2.084741587105807,1.8363788619813919,0.15285459086872796,0.3538294963461082
load_change,healthy,97,0.2937202140122313,2.65987025924656,2.0347823998972605,0.14905243601658874,0.7238760843850969
load_change,healthy,98,0.665957296703658,2.1944129479654184,1.8064048414428258,0.15974205972000532,0.3223891687745208
load_change,healthy,99,0.3027467545783196,2.4519500908333285,1.9728691395185136,0.14445374813819586,0.6701907948254817
load_change,healthy,100,0.4128898093837156,2.370152654471083,1.9083184554506767,0.1450838039660612,0.4854116496345011
load_change,healthy,101,0.4168991449426922,2.3703975258970806,1.8787564550815627,0.1474392832712939,0.48474958898898457
load_change,healthy,102,0.3524896114482368,2.3566766302194417,1.9223396738302008,0.149872912175063,0.5895109666950459
load_change,healthy,103,0.3290960080418432,2.5579408154020897,1.9890383247706265,0.14153836126470243,0.6065591022748723
load_change,healthy,104,0.44757848321007443,2.1393829225191645,1.8929553647989106,0.15129000195748266,0.4650623856604486
load_change,healthy,105,0.30346748516031957,2.715064564543421,1.9733523495119816,0.144982766995716,0.6711298212620463
load_change,healthy,106,0.51179507958164,2.2021980158917596,1.8393986668160285,0.15192689609421164,0.4026025234229352
load_change,healthy,107,0.403988651257015,2.2591520443324162,1.9033153078658338,0.1477801706942677,0.5046640503257772
load_change,healthy,108,0.3952436901728465,2.4034639841613243,1.8929365594896723,0.1507563218270596,0.5247816214697631
load_change,healthy,109,0.5951990055095779,2.0961617724250177,1.827027613406294,0.15449126002777513,0.35084417791405265
load_change,healthy,110,0.6429478643904338,2.0832330761710267,1.8104664415758471,0.16055976913884185,0.3360131055417708
load_change,healthy,111,0.29648290485712275,2.680070941340686,2.0304134668283735,0.1429522969177814,0.6870426903724116
load_change,healthy,112,0.6661233621437791,2.1506199873910914,1.8138541336200118,0.15544237821992424,0.31427942242282925
load_change,healthy,113,0.6675449213328346,2.0453563233722707,1.788885047353326,0.1574015808117866,0.315369587879859
load_change,healthy,114,0.6120632214159373,2.23251446008916,1.8274889827287186,0.1542345291323051,0.3406533874488689
load_change,healthy,115,0.2900200358139493,2.5384404941788974,2.041508160831912,0.14403749602782398,0.7096155459174349
load_change,healthy,116,0.6258960137707544,1.9387939005652806,1.8146790054048842,0.1562442796018216,0.33628062641395173
load_change,healthy,117,0.6445832984519021,2.0445564616633507,1.7897768246418393,0.15644928370770678,0.3247087342283699
load_change,healthy,118,0.4748878814888996,2.421679517959102,1.8573009176418696,0.14409310005364057,0.41351687249848157
load_change,healthy,119,0.5272974528150299,2.2143864377408264,1.8370005955066457,0.15409341029278725,0.39608011727876297
load_change,healthy,120,0.2898729140514543,2.5495675604735366,2.033907999184584,0.1482696256196566,0.7294746540349298
load_change,fault,1,0.3348286666944152,2.919555295934064,2.578226772293342,0.3318749589699838,1.5915211271000247
load_change,fault,2,0.6447581558536569,2.9640127629257647,2.548411577538474,0.5983495611139846,1.4814701900473033
load_change,fault,3,0.7699801074454122,3.113323947530412,2.4623531905750484,0.7143540279277276,1.4558249763269726
load_change,fault,4,0.4612534144751287,3.04700551821918,2.5868653953711864,0.4393589034288836,1.5320281779964269
load_change,fault,5,0.7866978897837869,2.9985937348608673,2.4955567689225973,0.7304576919880632,1.4667996859759855
load_change,fault,6,0.642062793907029,3.1333654425593194,2.450416954563103,0.5833667370833788,1.4222768873332392
load_change,fault,7,0.6808478972446655,2.808662508479379,2.4437179726246128,0.630002568002836,1.4464977440638676
load_change,fault,8,0.5257312815570144,2.8265152749152516,2.4695934499096457,0.4948208853320856,1.4790979513003395
load_change,fault,9,0.7658443242996683,3.4217058319270395,2.5461872986949072,0.7112542250778867,1.4819362953033948
load_change,fault,10,0.7664024420650143,2.6603859987911536,2.519390399997684,0.7010666624764882,1.4519450182360318
load_change,fault,11,0.49736228050227455,3.0699110860508108,2.518794365478492,0.457954201220574,1.461320774627566
load_change,fault,12,0.7724262168120043,3.33133133018067,2.4416011517345333,0.7122681550702941,1.440866959617054
load_change,fault,13,0.61635317168855,2.8060668319559463,2.440944535704681,0.565218621368751,1.4327347083736752
load_change,fault,14,0.4646279515051301,3.1549978775301653,2.6047911299446826,0.4414840242981189,1.5335435435724303
load_change,fault,15,0.6637944157106705,3.097342024905955,2.3936298264790437,0.6067494654670197,1.414178732887582
load_change,fault,16,0.5658546679199149,3.1083102994885143,2.4828516366848983,0.5262220333628894,1.4653437287922961
load_change,fault,17,0.5741212888313697,3.05569201365859,2.460551844172828,0.5443756686534199,1.4873436194990521
load_change,fault,18,0.7965760695763905,2.759876032547043,2.4834935843420904,0.7360223400175052,1.4561136136504154
load_change,fault,19,0.6498048558841015,3.0703487707181063,2.4920732891826125,0.6132641640204045,1.4898585589356992
load_change,fault,20,0.73694685435941,3.181229249234804,2.5023950054148485,0.6799399467975108,1.4595276261658012
load_change,fault,21,0.5246684267810293,2.776531857655656,2.5557206176185487,0.4958307442928548,1.5107938559821021
load_change,fault,22,0.6300526556581197,3.3500230199763483,2.554574779581502,0.5875862969112148,1.490575994581362
load_change,fault,23,0.4090608770760932,3.4227083148458566,2.583906307211087,0.38875117715333507,1.5276439798019719
load_change,fault,24,0.37418857282984685,3.0187182313736334,2.556700156670995,0.35458695825269804,1.5152075878996059
load_change,fault,25,0.44457569298794386,2.634055020438418,2.52930815368118,0.42265725844025737,1.511971098199442
load_change,fault,26,0.6626674359377249,3.0436843956688824,2.4989955307629512,0.6105558301982579,1.4565067206113116
load_change,fault,27,0.786025124960392,3.085596152640837,2.5059818882531704,0.7257661503396211,1.4616697008581483
load_change,fault,28,0.6374035611468593,3.1915048328734845,2.5131996529082823,0.5909807624178844,1.469847756967963
load_change,fault,29,0.6822309701011109,3.168067481985628,2.501065501186182,0.6389131752320807,1.481061001102969
load_change,fault,30,0.3669782232019445,2.859662476391435,2.6453806742648465,0.3507908512854129,1.5547195259521576
load_change,fault,31,0.4761054475667293,3.1945968301442855,2.4729326886571847,0.4400660475588672,1.453519490629039
load_change,fault,32,0.38148997295129783,3.121782620959265,2.5691497811362543,0.36753592526389367,1.5442278506706761
load_change,fault,33,0.6654186249300592,3.0620095607738542,2.537681092479104,0.622183276692578,1.4895047866874367
load_change,fault,34,0.4560251902717,3.3473844168851614,2.6361098178041,0.4321091923359216,1.538460751864084
load_change,fault,35,0.8101768296978145,3.0711369757371174,2.5053785037137652,0.7312286827103506,1.4285981165755917
load_change,fault,36,0.3837649667970567,3.10504557795886,2.517215995518294,0.35441678130217896,1.465241437899093
load_change,fault,37,0.7332885829596103,3.1426937638967547,2.5014946772362507,0.6766760675328476,1.4595053291448241
load_change,fault,38,0.5628414377686989,3.0251140572509465,2.524453029171984,0.5281179826612995,1.490831426844409
load_change,fault,39,0.6557699997616212,3.2082940815437673,2.456782494470077,0.6104125313263076,1.4589998613348725
load_change,fault,40,0.6163485385314272,3.1226040056952598,2.5427209131471766,0.5783858089320363,1.4963755577705453
load_change,fault,41,0.45397569117042413,2.9129491585996075,2.5290163297849353,0.4264766982217209,1.4939584722377888
load_change,fault,42,0.3623401440182352,2.7627260271078256,2.49826690709338,0.3453181766379213,1.5063379028375512
load_change,fault,43,0.5783334627910155,2.725439855313949,2.5185181021243075,0.5417891774835139,1.486704110822258
load_change,fault,44,0.4414395954133979,3.4073971216647947,2.568521032881129,0.41788097105466393,1.5171302692411615
load_change,fault,45,0.6497749975692213,3.207531280113117,2.5730187671814035,0.6050778349167202,1.4937218192044481
load_change,fault,46,0.8105643557309814,3.121594943074704,2.5377644223282685,0.7537500160422094,1.4813766156773576
load_change,fault,47,0.6732274934306487,3.273937478975515,2.5209750353042373,0.6275880090478353,1.4801204742258294
load_change,fault,48,0.45579008862835274,2.984418361922347,2.615800701397295,0.430301604390022,1.526899364352612
load_change,fault,49,0.5270197376008974,3.4817511834889565,2.5593118294915453,0.4911172601757687,1.4908018367194866
load_change,fault,50,0.546738691683485,3.3143019477563014,2.5318085213586445,0.5013163619252416,1.4589738193661184
load_change,fault,51,0.6648254835134271,3.124817748150538,2.430673307981295,0.6117494337166853,1.4345946729809058
load_change,fault,52,0.7943476551691497,3.1252259268139206,2.542780551447188,0.731968597630651,1.4693872676098618
load_change,fault,53,0.32741579953203953,2.965751910276404,2.506592204851894,0.31870247935824025,1.5410887564063116
load_change,fault,54,0.7267972225965201,3.084093364440364,2.453583845850198,0.6693465639043079,1.4425744337754256
load_change,fault,55,0.32276864281401535,2.893545608898886,2.6023588237862283,0.3076527755548887,1.537634415063585
load_change,fault,56,0.7702704620913066,3.222795892958483,2.462458502004201,0.7170434643458454,1.4607863356847883
load_change,fault,57,0.5745555942947512,3.3104426132384037,2.5113392125653613,0.5304716487583468,1.4631296428342309
load_change,fault,58,0.37366932511013795,3.003715633468859,2.515916439080895,0.35944965424477404,1.5258039292982082
load_change,fault,59,0.4311088864830533,3.5526770569622395,2.6110596203703214,0.40081799596958184,1.502341386881004
load_change,fault,60,0.38783575315284874,3.172635926329765,2.526538781373586,0.36732168932136183,1.5054339810480548
load_change,fault,61,0.4175158393615531,2.961540442299273,2.521850584412721,0.3967188602384859,1.5089316479541046
load_change,fault,62,0.6061075960323237,2.93195075594309,2.532594891594632,0.5426034029071419,1.424674495130476
load_change,fault,63,0.7707605299244354,2.7516092979716875,2.5470884466687274,0.7050822576972836,1.4599646244626143
load_change,fault,64,0.47501370539297516,3.4921520503190053,2.564044143774687,0.44442819033192815,1.4981600339063457
load_change,fault,65,0.5346913082723083,3.2730923561778966,2.435935389765166,0.4947182398858369,1.4440681214424291
load_change,fault,66,0.7616978359291288,3.1541958883146917,2.5262265819040444,0.7167500322108449,1.4956196062612315
load_change,fault,67,0.7319073020435237,3.380950477758422,2.5559821080379104,0.682640421659785,1.4911276574274008
load_change,fault,68,0.43778937536415385,2.7554255634723797,2.477521882194151,0.41108784819940725,1.478012718142337
load_change,fault,69,0.4649672029713908,3.1903841455157678,2.5118447496247986,0.4345418913363852,1.4811727942917536
load_change,fault,70,0.5209404821668157,3.040612090147232,2.4937051975940645,0.4810596601048175,1.4582547094395182
load_change,fault,71,0.7487524061865604,3.272183589788615,2.5455348271978435,0.6903950764723426,1.4711229686036853
load_change,fault,72,0.7143616773545005,3.4206039134998374,2.4434870021559214,0.6633151454442309,1.4514657151627555
load_change,fault,73,0.7727773175515816,3.2760030833489577,2.5097411396507106,0.7094984828955222,1.4544927798868532
load_change,fault,74,0.5637956936990685,3.0486704713671675,2.4992421505217672,0.5325749477743146,1.493355299414611
load_change,fault,75,0.6102968112470074,2.731730916109194,2.5180403775863414,0.5756706410634358,1.4968018984827982
load_change,fault,76,0.6076734488388856,3.100358906123947,2.5346017613231875,0.5605394582850168,1.468556955523412
load_change,fault,77,0.4617454521325712,3.3244276195279707,2.563733877304692,0.4326923451253585,1.5004207325196957
load_change,fault,78,0.6046479499922947,3.087368915906821,2.4947693954871073,0.5577103133722139,1.4568716585443042
load_change,fault,79,0.48220539942885643,3.1792622048012085,2.51999099492207,0.4513027571874158,1.485714672029671
load_change,fault,80,0.571307284671238,3.2152286390674227,2.546716315186777,0.5326900579170847,1.4879732191915507
load_change,fault,81,0.7957901966551326,2.9587204885248655,2.5055397743337253,0.7209456584447057,1.4340179803981103
load_change,fault,82,0.38038832190879956,3.225481825196699,2.535426655978433,0.36122004850584366,1.5120640819119733
load_change,fault,83,0.48289034845805845,3.1110879746338336,2.534344063300295,0.44996884745683646,1.4834288106170004
load_change,fault,84,0.3888301490134679,3.0426828184512105,2.6222449940886574,0.3701706566769495,1.5416248069016263
load_change,fault,85,0.5631991361625935,3.1685707303878945,2.5591423728199527,0.5180312528218898,1.4714354175963957
load_change,fault,86,0.6374226636564965,2.7815613260784957,2.5725148290626096,0.6004176154599752,1.5107926663427982
load_change,fault,87,0.6454954766563873,3.009264916594921,2.476791471711107,0.5888003502350078,1.4355541473270232
load_change,fault,88,0.6755645094517782,2.829399295828619,2.5441741111750678,0.6352501234377789,1.499862153752112
load_change,fault,89,0.3359040527842434,3.2901525458480867,2.532998021968372,0.32387437179201617,1.534541949512788
load_change,fault,90,0.32792941650684265,3.253502729225478,2.5070397527251105,0.3127870555607029,1.5102505610889132
load_change,fault,91,0.5837446055791736,3.344116173666541,2.46096796609762,0.5520420890565501,1.4835503512923232
load_change,fault,92,0.7430634351863048,2.8554341104697762,2.5094621141559235,0.6951722161101291,1.4820294614149654
load_change,fault,93,0.6463021145740158,2.680567178244517,2.391912606516462,0.6002700852560774,1.4364277205174338
load_change,fault,94,0.4495733529958451,2.843448465946129,2.5591123450437965,0.4230307174424761,1.5052755858732079
load_change,fault,95,0.7639110220082717,3.4611991744351336,2.502277567072594,0.7008973065257599,1.451374057470478
load_change,fault,96,0.35232619672909476,3.3666421868818732,2.6762227464349553,0.3399739495109262,1.5785626890504953
load_change,fault,97,0.3582772867026315,3.328918820667514,2.5927677149791597,0.34620569293070297,1.5559539289675153
load_change,fault,98,0.7768314378791434,3.1569902278353656,2.4810350945056134,0.7110529040612381,1.4417553622758947
load_change,fault,99,0.35096820308531745,3.3051273272129156,2.556013555515646,0.3359363709888358,1.5302797473049754
load_change,fault,100,0.6897561676132857,3.3709657615171196,2.5050323159243684,0.6279267731605835,1.4408543252158363
load_change,fault,101,0.4121876740471103,3.3369238574644027,2.509764317658601,0.38976561905164325,1.4980454756398225
load_change,fault,102,0.3500399234208403,3.0690036337973905,2.517361700083126,0.33183918453923794,1.5041214251758142
load_change,fault,103,0.4964244199208129,3.2229451483658718,2.5891349386807905,0.47182926391240876,1.529357717362567
load_change,fault,104,0.6957645954334309,3.1997430563759885,2.5607821146224268,0.6439426114730524,1.4810548850035148
load_change,fault,105,0.46348095108081183,3.3208915210505223,2.5581010525619887,0.43762217719486074,1.5101715388310473
load_change,fault,106,0.7379138061114859,2.880241440315408,2.466004161370943,0.6870072566153076,1.462017567241219
load_change,fault,107,0.7596654912311931,2.659551896101016,2.5707397996780887,0.7063530157213528,1.4908311752454313
load_change,fault,108,0.679384226195691,2.907459734421983,2.579418915928007,0.6359913764336174,1.5034767201755077
load_change,fault,109,0.48222880814500196,2.996777432164406,2.4941103625658507,0.4517896477503353,1.4795885347643951
load_change,fault,110,0.6460011711163511,2.8304159648114076,2.563357735003181,0.6011938629041237,1.4899985402379126
load_change,fault,111,0.7062500789852812,3.446001677374025,2.5134220738905126,0.6537456922289577,1.467516669919656
load_change,fault,112,0.5365225047631751,2.9395534139145956,2.5223426975257053,0.5016549540199109,1.4849752240719778
load_change,fault,113,0.4050573246980233,3.266087628105615,2.507301915291035,0.3894977359438458,1.522620819482323
load_change,fault,114,0.6045901472551685,2.7200856352047023,2.5229430135696798,0.5654131421659452,1.4854517643536909
load_change,fault,115,0.776369326609018,3.1231182756035136,2.4415096096349846,0.7057279105953599,1.4203590537044664
load_change,fault,116,0.49978679021703304,3.151854422070006,2.4701694246418544,0.4599743966420519,1.4464794102932312
load_change,fault,117,0.5821274526007205,2.921107444023082,2.377150585516446,0.5283803929225263,1.3994486249161078
load_change,fault,118,0.46693998819653865,3.290686632119857,2.51351604585473,0.43486792720729145,1.47651254541824
load_change,fault,119,0.44681069221994635,3.30310153182091,2.5319191202287374,0.4238598912485755,1.5094671960317965
load_change,fault,120,0.6740357066124929,3.0164171147100896,2.431744145803024,0.6098980592206794,1.411020382469001
combined,healthy,1,0.5620436347565468,2.8988372434735865,2.1853092817839563,0.3541607648985372,0.9315085991352321
combined,healthy,2,0.42189000547023736,3.058415799087562,2.4428060850921907,0.33507424468804475,1.2413273000196694
combined,healthy,3,0.3932834108431311,2.9437715780122486,2.6633131570334627,0.34936877741526956,1.4497381903219122
combined,healthy,4,0.37683635231175233,3.1999137467660943,2.567875339068121,0.33740272255690673,1.4347715604022768
combined,healthy,5,0.4022397152843411,3.001943020549647,2.5181066322071026,0.3342912955414185,1.3187946546254015
combined,healthy,6,0.5056219311470892,2.6238103268797834,2.2525693253210655,0.3496212506628248,1.0377936329127988
combined,healthy,7,0.4764096087471273,2.7969946058307396,2.2388215713438595,0.34232863875350467,1.075158424689808
combined,healthy,8,0.6711074863474911,2.5995995727864716,2.0228656530839237,0.3549974755671571,0.752344415195734
combined,healthy,9,0.5314256118513203,2.737717860236716,2.2622719340517,0.34321400008666947,0.9713928835372301
combined,healthy,10,0.4601514874046674,2.8327489854928984,2.4006857137993345,0.35019054986745596,1.1791559478874731
combined,healthy,11,0.511242663817802,2.727551122598258,2.267923764605986,0.32991658975420685,0.9718322150758286
combined,healthy,12,0.3744570707504871,2.9295053029426557,2.477752901109067,0.3389373014416205,1.4247751386240648
combined,healthy,13,0.41611122340024553,2.952272592714572,2.421415370538824,0.3342292934464339,1.249884057265786
combined,healthy,14,0.4091513198722013,3.234121448376924,2.4777711421355613,0.3415926988667202,1.3141811039625149
combined,healthy,15,0.5165396245307312,2.808139442370925,2.199471763834881,0.33965009268114693,0.9751856241104889
combined,healthy,16,0.4445676388902369,3.359840723730178,2.3099044561524167,0.3435012786317086,1.1743228733823852
combined,healthy,17,0.6614049338393025,2.8008730027054694,2.06188540822797,0.3419873390073717,0.7424630760156143
combined,healthy,18,0.47407222978082575,2.9650456428596637,2.3272521207101575,0.3420514195937112,1.1006990676483683
combined,healthy,19,0.3504545577912822,3.1355333769226474,2.648244993578068,0.3397709871423635,1.5777335450437735
combined,healthy,20,0.48451780995054305,2.926965442665478,2.328799412211181,0.34838080147731426,1.0972624313310424
combined,healthy,21,0.6347765404139686,2.7101251333285385,2.0669768055357576,0.34327761950795166,0.7774857241412978
combined,healthy,22,0.36377954268693335,2.960737393453151,2.486438512120281,0.3411122559758135,1.4785905048648484
combined,healthy,23,0.48703170143391855,2.737248570256169,2.2226814113520947,0.3357938363472666,1.0279076496471409
combined,healthy,24,0.6066344730791795,2.5365196979074867,2.082079768041345,0.3402942979318188,0.8094243548730239
combined,healthy,25,0.6823220200361294,2.3968997940648964,2.044158860138167,0.3388788991198783,0.710088472219063
combined,healthy,26,0.6373818305035115,2.5873791231793737,2.0826172205664246,0.33770753423610217,0.764620254752017
combined,healthy,27,0.5480534664343029,2.6884766137228873,2.168971413087732,0.3451637392449428,0.927532530564878
combined,healthy,28,0.38996296792227675,3.120244737521912,2.552474824039666,0.3432343911023819,1.4062034624786608
combined,healthy,29,0.45148155831143383,2.9100946626046764,2.336811529646331,0.340379288103866,1.152484129688674
combined,healthy,30,0.5168424155523065,2.824522601380482,2.186004958345884,0.3309765187573661,0.9468138615801207
combined,healthy,31,0.6032493456895178,2.5265188856816114,2.0964516594222644,0.3403704554510754,0.8169536597471383
combined,healthy,32,0.3555122969378893,2.9842457502614126,2.61135288617399,0.33822055010094854,1.5373690951495094
combined,healthy,33,0.3695512016412308,3.8961217969011313,2.6683957483868816,0.34493302363284906,1.5247030765406602
combined,healthy,34,0.5785331977542977,2.507967568044491,2.12244171993806,0.3374786342864607,0.8498374882168017
combined,healthy,35,0.566269779707309,2.832256131070911,2.200884858464586,0.34259139770884783,0.8975356961300782
combined,healthy,36,0.7027777209298243,2.4045208903620288,1.9973173896895657,0.34123885510889146,0.6862210444694974
combined,healthy,37,0.5841257005898828,2.4985533592563196,2.109779261584575,0.3540009137728954,0.8802713712151705
combined,healthy,38,0.5037567337227917,2.794910577613679,2.2677554470499923,0.3493401354431705,1.0443010851132388
combined,healthy,39,0.4022623384558822,2.870262623209869,2.3874846399748213,0.33034451038886864,1.2689017996448235
combined,healthy,40,0.41171881621495826,3.2876787587483447,2.4961764036749936,0.3362542488464326,1.2903416092060906
combined,healthy,41,0.45893678646548547,2.731852319072776,2.2513246832245613,0.33403124902803694,1.0920770829821298
combined,healthy,42,0.35830646260841864,3.2146262399915413,2.6168497218657905,0.3458499397767053,1.5614297671865371
combined,healthy,43,0.5984835721969785,2.7167431749891753,2.114725286731258,0.33678511469055306,0.8183284185961427
combined,healthy,44,0.6004767058299846,2.5943517249485195,2.160318240302087,0.34348100753872646,0.840747200449113
combined,healthy,45,0.6286831528144766,2.627105045217243,2.1017269895429544,0.35364911306838726,0.8155092687495711
combined,healthy,46,0.3437462670230519,3.422396942211127,2.7099861743849094,0.3280661411441404,1.5711113184794596
combined,healthy,47,0.6852282763454426,2.456863995212654,2.028885768948588,0.3492184427099934,0.7259232281459435
combined,healthy,48,0.6665551268822035,2.4169950811716823,2.1181330794119875,0.3473193560891053,0.7583497280778405
combined,healthy,49,0.6208170969202559,2.707004445493083,2.166474722824217,0.34927182572174703,0.8280883959454306
combined,healthy,50,0.36043214968219245,3.014003944332893,2.56114644797491,0.33363387157378693,1.4813709347126398
combined,healthy,51,0.6805695638992406,2.5624304975145296,2.0352349547204165,0.33572560265586865,0.7037513090294678
combined,healthy,52,0.5031223591245462,2.8264319012559187,2.3111274838712514,0.3492324711591967,1.0552441422047536
combined,healthy,53,0.6843165985270869,2.6489926806777757,2.0781726452312412,0.35434729989220876,0.7464708715983202
combined,healthy,54,0.3706182818182997,3.047730039929316,2.5376087501034386,0.342018859454085,1.4700616482586546
combined,healthy,55,0.4347418281112649,2.8502456810655366,2.426217497708202,0.3382786858880932,1.212015217874602
combined,healthy,56,0.4250157600239305,2.982392223090148,2.3158663533950903,0.3470431515304006,1.2426109909027327
combined,healthy,57,0.45106416033027597,2.8013904467098922,2.3786530913805985,0.33952243606958904,1.1609024054659545
combined,healthy,58,0.6639892143460642,2.5568255911942877,2.0676402469991815,0.3585853641183135,0.7765492834959387
combined,healthy,59,0.5396354246598796,2.9584903455696714,2.1881504489970465,0.3414731068320304,0.9360405089348378
combined,healthy,60,0.638546089243841,2.7027260191832014,2.0923635185287637,0.35015519910690857,0.7932076596768511
combined,healthy,61,0.6063527996780091,2.514127675804582,2.115425513974938,0.3472630171667492,0.8329750939088619
combined,healthy,62,0.6163261189173163,2.3946123828369075,2.1004874231803354,0.3459535906953668,0.8135182732151021
combined,healthy,63,0.40441890423833515,2.800564396475419,2.3656674855395057,0.32293975364333954,1.2281938316961871
combined,healthy,64,0.5520130038317987,2.543643732134607,2.157712430644845,0.3441707395147968,0.9158438178987055
combined,healthy,65,0.5922173931494401,2.891372121609834,2.1750604938164906,0.34589882663200344,0.8613974874288661
combined,healthy,66,0.3773925885239719,3.0254947381401114,2.5705466968389286,0.3504193318892899,1.4887008596667937
combined,healthy,67,0.6678448729670873,2.6479065120255267,2.084098932076724,0.3550059813890597,0.7673954850155705
combined,healthy,68,0.49831328757699955,3.1487187594360226,2.3032034427897634,0.33531761457735254,1.021221737791043
combined,healthy,69,0.5620369944947113,2.768968293998424,2.190417580236942,0.3434015935167924,0.9042757023711597
combined,healthy,70,0.5380767639766241,2.6920488884159064,2.127608301171015,0.34433837646636256,0.9334413325236625
combined,healthy,71,0.5503687967195534,2.5329909965829662,2.1084515904757604,0.35042053883849217,0.9245226738799208
combined,healthy,72,0.39827089769574886,3.188276415472659,2.6068287526086067,0.34513653238252945,1.3991639591215168
combined,healthy,73,0.6852897890650106,2.476150757278995,2.044033051879217,0.3474632968003077,0.7249008887674576
combined,healthy,74,0.5868861981142065,2.700683525759043,2.1470960572254105,0.33850712802313715,0.8451614102311458
combined,healthy,75,0.592621700571912,2.9631812166975857,2.0985337597298166,0.33620496177505343,0.8218348398667628
combined,healthy,76,0.3805930128922913,2.832314704615025,2.5451425842204576,0.3340495197327978,1.4002516702628114
combined,healthy,77,0.43591219469521986,3.128306282419701,2.3814216201343874,0.33809215103657764,1.1968899380007545
combined,healthy,78,0.6084758833353464,2.5039251021966935,2.122039197513135,0.340129837008582,0.8142880511345155
combined,healthy,79,0.352050029325753,3.1219544443763843,2.638907699028446,0.3322575525162563,1.5331426909098425
combined,healthy,80,0.5615743990247084,2.8741457851824945,2.2518263899230986,0.3449956959874107,0.9218788009141642
combined,healthy,81,0.4276950766847874,3.345578717659059,2.4169546948282865,0.3400150760314903,1.2359422472931778
combined,healthy,82,0.48498184844589,2.904098823147815,2.219615707547311,0.3347978646650971,1.0284805659414504
combined,healthy,83,0.577849023069519,2.4724908651544992,2.1181423972091418,0.32772906544916913,0.8254260156671135
combined,healthy,84,0.6352749398694737,2.4931493021737903,2.1082480385864217,0.3429799257609322,0.783912935213
combined,healthy,85,0.5300456832213453,2.9233100236646803,2.1979015214245368,0.33971011152167807,0.9501655644513355
combined,healthy,86,0.5063576455887677,2.660359513968135,2.2522181014720153,0.35028766261099076,1.03818008060326
combined,healthy,87,0.5264845948456546,3.0063187155962123,2.2061267015117823,0.355175742443812,1.0020118426368685
combined,healthy,88,0.6957384086413351,2.412666925457024,2.0304462403741237,0.34846049571678767,0.7136796580058812
combined,healthy,89,0.41924088553320343,2.9986868212466136,2.4003727661802774,0.34545989157276547,1.2766544051215756
combined,healthy,90,0.347711841149105,3.090858104341137,2.589067601392417,0.3442063674751961,1.592836190132309
combined,healthy,91,0.6066208973326733,2.6522967449537216,2.118869759464439,0.3482996539185144,0.8357719804459339
combined,healthy,92,0.5519556091872236,2.4871784283192495,2.178371048121293,0.3451479524235732,0.9229264197210546
combined,healthy,93,0.46742054298897723,2.6842815520219268,2.314327068305192,0.340996350884976,1.1098244884054158
combined,healthy,94,0.4109716063887082,3.090982642190003,2.485184788154165,0.3406778782192755,1.3068070209887024
combined,healthy,95,0.39794122854173714,3.0536509552193665,2.5281813618972877,0.3361046813988782,1.342949673047195
combined,healthy,96,0.38537526637165576,2.9404714065069513,2.450693558170004,0.3475977658479036,1.4120095794057872
combined,healthy,97,0.5530270588347611,2.755215875009108,2.196410808154604,0.3431293935428902,0.9195351337878309
combined,healthy,98,0.46010179386499833,3.0015947669350735,2.3597918536622995,0.3474459249189671,1.1600324674561524
combined,healthy,99,0.5546925479290492,2.7958192348113835,2.2318734702842784,0.35129066976980683,0.9461261992625505
combined,healthy,100,0.5814846513220677,2.522384265199786,2.0726613007522103,0.3481470400739415,0.8619629935835588
combined,healthy,101,0.570126099009046,2.7612566724196728,2.1978096906411597,0.35617931056691354,0.926174476401242
combined,healthy,102,0.48044721163832466,2.7638649213612148,2.2781514499745774,0.3526546892287634,1.1078865295244482
combined,healthy,103,0.6750013862935639,2.634458916616115,2.0136383152496737,0.3453263233355671,0.7259651170375656
combined,healthy,104,0.4042237560326987,3.1186399283917736,2.420690049668564,0.32790671603165816,1.2621125088713896
combined,healthy,105,0.46447664618422624,3.012332243193181,2.286150258220169,0.34098876238519904,1.1100142895097693
combined,healthy,106,0.4316980903917126,3.2373140942851473,2.4807030374645986,0.3419923676221611,1.247738786380656
combined,healthy,107,0.6470859296100129,2.7776426051385035,2.0918597428703385,0.3483818015548182,0.778681371637139
combined,healthy,108,0.3915743876911266,2.837560110344079,2.5096704396981013,0.3315170651345816,1.3412198093618946
combined,healthy,109,0.5076608315683829,3.229097997763567,2.2652935378946855,0.34001551969499594,1.0080621922900774
combined,healthy,110,0.7000417118264235,2.427813506688551,2.069164637365178,0.3346196427304845,0.6875828516915945
combined,healthy,111,0.5673777148928314,2.6965130069607866,2.099997662701751,0.3383656888713402,0.864218283161226
combined,healthy,112,0.4394650608900509,2.8434439099518887,2.2804773701782417,0.3175395655218244,1.0911548238229627
combined,healthy,113,0.39703274184603937,3.1145139514618108,2.4609649588217137,0.3397086930365214,1.3422488869524631
combined,healthy,114,0.700300987271609,2.597763719530332,2.05700162930363,0.34261384901709524,0.7016774070346077
combined,healthy,115,0.6433700660456918,2.650330828071934,2.051406734388772,0.3390787718893503,0.7548586556021305
combined,healthy,116,0.6956688591931474,2.602133012328109,2.0336264029730233,0.3480310004354728,0.7134293183800308
combined,healthy,117,0.5579336906187076,3.0097231743486033,2.207767559757758,0.3474267377136209,0.925246232370407
combined,healthy,118,0.5407954530076888,2.9712268812689224,2.223900504899387,0.3538692901116374,0.975815068394754
combined,healthy,119,0.37298807984963817,2.9645222606767514,2.5464669604266,0.3394933845651177,1.4524640307351226
combined,healthy,120,0.5787518331864531,2.3961864401819417,2.146875984307146,0.33873795408494295,0.8575806226596572
combined,fault,1,0.7471349738709601,3.3905884093651273,2.614583457811512,0.6951746222790741,1.5045135298913344
combined,fault,2,0.5785709746232439,3.226579051909481,2.589627537573607,0.596096154681869,1.6579763454774818
combined,fault,3,0.6563249548438782,3.0265122851633506,2.6028058038474238,0.644639144600165,1.5845963077351666
combined,fault,4,0.6235084432406732,3.2829228264269728,2.6095568891753986,0.6402562569043455,1.6588032476903982
combined,fault,5,0.38782676590406195,3.361293561645281,2.668761804263898,0.4235472036835804,1.7840989877657292
combined,fault,6,0.6367227761760847,3.1785005383898075,2.495348078784811,0.6455323821412726,1.6015231279701845
combined,fault,7,0.7414281604565279,3.1356443786183337,2.635922259212551,0.7439899843569575,1.6291621466032766
combined,fault,8,0.4358902088367135,4.037801633979159,2.908172162208343,0.4764755754043375,1.8641187975864966
combined,fault,9,0.5149941808576075,3.196912327255527,2.5642589080317557,0.5439684548420008,1.6914233823416815
combined,fault,10,0.7034712241680157,3.303446888857166,2.536327032918459,0.6478591092332416,1.466685024692317
combined,fault,11,0.446945689452837,3.585056980620435,2.6124190331896613,0.4726191674927135,1.7091414129096798
combined,fault,12,0.4179927087521262,3.4382749641800205,2.8509365338482207,0.48032480375292924,1.9402606790343793
combined,fault,13,0.5232668689981883,3.2168861360196632,2.6853955174613904,0.5259118424918904,1.647000921810774
combined,fault,14,0.5443659684034563,3.5344489487714417,2.727738192990534,0.5614482501797421,1.7034135906405559
combined,fault,15,0.5095471266704613,3.3807107512802856,2.740040556127351,0.5427886759608057,1.7632947606047153
combined,fault,16,0.5794945667764535,2.9212032431626467,2.662235957956544,0.6064430694899323,1.7075126951385085
combined,fault,17,0.7586602582031354,2.9956117485660325,2.599396766726641,0.7480259666002295,1.5896650524425517
combined,fault,18,0.6524568644778214,3.210506499349995,2.5772221465544556,0.6248485791608741,1.537442595686817
combined,fault,19,0.6037679077295867,3.3599455886716987,2.583910140796871,0.5849145999953792,1.557260041472808
combined,fault,20,0.6965279764577345,3.394489166632914,2.6098616044941796,0.7011002225715776,1.626111343098207
combined,fault,21,0.4152991682595117,3.46679114589109,2.823640767910193,0.46504419746555237,1.8816458647985055
combined,fault,22,0.5250392884278346,3.202504516669379,2.661246356839781,0.529334292112468,1.6446775613547118
combined,fault,23,0.47451372902690764,3.0522708643351586,2.547732368608757,0.4987257961750946,1.6776059291671794
combined,fault,24,0.611431505709412,3.1994756328196168,2.603178581542945,0.6298072648888234,1.6619265805874852
combined,fault,25,0.7350241099145196,3.327564956183481,2.6008718515883347,0.6784380824603563,1.4885660522044475
combined,fault,26,0.7071204710385054,3.1537006553526274,2.550859452938976,0.7102962679762803,1.6043140536513334
combined,fault,27,0.7611698875476607,3.6393897369163883,2.6460945830279003,0.7487617870163065,1.6001649560617708
combined,fault,28,0.4655911938119472,3.292316010223381,2.7397961448241976,0.49985999738203557,1.7770626957401456
combined,fault,29,0.6650050085969934,2.892462026033209,2.593836288218209,0.6382037152052351,1.5456305482740558
combined,fault,30,0.7246420393653494,3.133089222085168,2.4871522602743585,0.6725947957967269,1.4637980476395436
combined,fault,31,0.43892406657759186,3.3068558974183957,2.660307034147193,0.4522258376561761,1.6804742379839046
combined,fault,32,0.5747821574920969,3.507222124186218,2.652709358954345,0.575660582134674,1.6312031413374655
combined,fault,33,0.4270448424448418,3.371649869163586,2.7859230394587846,0.4721201162409226,1.8452855535633388
combined,fault,34,0.6028397742112823,2.864647865377658,2.5389202931351096,0.6074159433037972,1.6054944991805535
combined,fault,35,0.5671197446389514,2.9707243351617523,2.687411262236102,0.5561590788937253,1.6076493519659287
combined,fault,36,0.4741850137457215,3.4727245056685994,2.830779188273459,0.5037577542727455,1.7874212505785576
combined,fault,37,0.5592155232303938,3.5199756668076803,2.6276037707023683,0.5473858361286256,1.5866980039228495
combined,fault,38,0.5717841626752876,3.8847661094918284,2.6104512344225252,0.5962921977542942,1.6849413835614042
combined,fault,39,0.7839378721841599,3.188424567217684,2.4824481973949504,0.7889910180215626,1.5857346301967792
combined,fault,40,0.7116084715248188,3.1474967026637852,2.4868183398115415,0.7193038688233376,1.5940183527723475
combined,fault,41,0.6592629552930152,3.6921336098298085,2.645095011431334,0.6181586444365259,1.5249721491259527
combined,fault,42,0.8218927509385323,2.98735389573406,2.578171374979712,0.8010852669012128,1.5650185357602295
combined,fault,43,0.5438247902172315,3.521615622299012,2.625497973750902,0.5600836855659977,1.6687826092057982
combined,fault,44,0.7205185940805663,3.2364155902189644,2.5265380672237776,0.7221217267255134,1.5930453604237884
combined,fault,45,0.4291099944010459,3.2769229643947635,2.734600488135599,0.46258392507887913,1.782661357854268
combined,fault,46,0.5571781180348058,3.1840302791180957,2.5486577306654916,0.5682401396529158,1.628147004062609
combined,fault,47,0.5541839816542636,3.0171059676627516,2.694330888920311,0.5598342228056371,1.6581772023203007
combined,fault,48,0.49168077897792006,3.4804345706832382,2.70360553794932,0.5145419863884607,1.72071621589553
combined,fault,49,0.5032498972218415,3.5755902359799747,2.7907640312523014,0.5198989636793838,1.7258252366141336
combined,fault,50,0.6842489095404296,3.2185157114090663,2.6699572784998855,0.7103246527288354,1.6962697992900155
combined,fault,51,0.5211936394472673,3.6660215864529273,2.6992770844723326,0.5139678254313452,1.6201699009691577
combined,fault,52,0.6240957313593001,3.1236222012165795,2.596842898517927,0.6286228609697229,1.6231617395227222
combined,fault,53,0.44488277832211703,3.5701940019606773,2.6527792804000394,0.47068656165258826,1.7232042746432266
combined,fault,54,0.5470014089144183,3.034923938623573,2.6840093037195425,0.5724998456703662,1.7146636354689295
combined,fault,55,0.5267050121372927,3.186894988681221,2.605301077488395,0.5563996884213368,1.7050942369550524
combined,fault,56,0.8091446895876773,3.3059085984343275,2.6220300460809405,0.7852604015484287,1.5714708937268864
combined,fault,57,0.49193381497817995,3.2707362289724915,2.7920457233968556,0.5285647614620431,1.7953651576134453
combined,fault,58,0.5996409718979206,3.1452408945723027,2.605739925249437,0.5875109758228524,1.5815765559812875
combined,fault,59,0.6178721796197425,3.1028350196909837,2.632161407794402,0.6301086842240401,1.6545240436390665
combined,fault,60,0.4446014577714967,3.487411096157377,2.654942863574596,0.4719695965383349,1.7296997804010548
combined,fault,61,0.7024065438127702,3.1537741308447322,2.5234800690671886,0.6534301014818384,1.4777825286763508
combined,fault,62,0.6577150411932403,3.2640078325927817,2.567396036497812,0.6441927132602995,1.5693668237621774
combined,fault,63,0.6580902919784525,3.4741585940489648,2.7174661057628455,0.6280022583828541,1.5731052819768137
combined,fault,64,0.46591743187529944,3.1679272847256987,2.687516059505571,0.5076944768850882,1.7863601147347383
combined,fault,65,0.8166278483261491,3.391069974059453,2.5838163795257367,0.799894689986501,1.5744883491654356
combined,fault,66,0.7989548954925808,3.0647885149280745,2.685254838454273,0.8034484182231991,1.6478910377963967
combined,fault,67,0.7678694042443601,2.931000780816779,2.5591374441908763,0.7625599236688948,1.588668993427333
combined,fault,68,0.8154865238905403,3.2977671605028753,2.5912014640892873,0.7730965033360188,1.526045598372066
combined,fault,69,0.798311579154041,3.2792388692968246,2.6368473206628975,0.7927345615880664,1.612493068096647
combined,fault,70,0.4608177183352696,3.281708753307887,2.6842663723980538,0.49060754656530403,1.7442866639421528
combined,fault,71,0.8357337239696311,3.0001015196873406,2.530458342321621,0.8226322340477283,1.5658039762062554
combined,fault,72,0.5527661845393163,3.0573585839977944,2.6433144287321046,0.5728192773182593,1.684808601683179
combined,fault,73,0.5114790956328765,3.491245048315586,2.627137082724996,0.5358352391591158,1.6980276203730453
combined,fault,74,0.7385058285826861,3.100791879173416,2.5012266658881614,0.6853086718848936,1.4676037918447096
combined,fault,75,0.5323481167258958,2.8921368287381313,2.576513573165323,0.5631427723297504,1.6980051763378474
combined,fault,76,0.5798700051542499,3.3082289059868457,2.5864821197182875,0.5892216004877534,1.6341907766572454
combined,fault,77,0.47065896575926897,3.9956777222380064,2.7836533808150326,0.5137841351703502,1.8213018627109494
combined,fault,78,0.7107924386576823,3.9222425489485584,2.584117360682883,0.6651259506118551,1.5042402677487248
combined,fault,79,0.4454310402573981,3.37760112406963,2.7439542982597636,0.47217691423253433,1.7559522771023839
combined,fault,80,0.5416542053260776,3.016257644077608,2.7006397835381937,0.5353902332851551,1.6243576407663
combined,fault,81,0.7043648372371747,3.0468154781438983,2.4354376107525755,0.6512781952892498,1.4429702434543203
combined,fault,82,0.6124293509683996,3.104839320431298,2.565697932258302,0.6150781471230881,1.6087074135225343
combined,fault,83,0.7433116993099926,3.2122332333590156,2.585801490053677,0.7337220305644624,1.5872969493469027
combined,fault,84,0.5368755824701925,3.1494893438094382,2.680583827658111,0.5638219504477114,1.7194241560339911
combined,fault,85,0.5196251010675339,3.7749103605106864,2.7719678527484457,0.5385439190801331,1.7255402699912141
combined,fault,86,0.7543997682466621,3.540463770781813,2.5851291797583014,0.7124246891724779,1.5183732368083624
combined,fault,87,0.5956317089549736,3.9129377357894604,2.751123621388298,0.6046061181240457,1.6836421149662066
combined,fault,88,0.5485903186431864,3.5966552805291596,2.6325105521100443,0.5371494004413162,1.5886638621431997
combined,fault,89,0.5004778622842871,2.943952251681438,2.6367283879901646,0.5064608259163481,1.6432123274283725
combined,fault,90,0.516787952642793,3.2132532425231775,2.675919749003168,0.5182638285814933,1.6404955646623427
combined,fault,91,0.5846095506209866,2.979970074988937,2.5351155872855164,0.5899639201576778,1.6067874444698627
combined,fault,92,0.7726852142622025,2.9453303042479027,2.55503667517056,0.7573071288895904,1.5666356765908367
combined,fault,93,0.4320337457449786,3.8593498013541176,2.826510090441195,0.4823439535627247,1.8770007165470342
combined,fault,94,0.4516653058309343,3.4777713942815893,2.7663566896146663,0.4895342618199823,1.8026875077968423
combined,fault,95,0.8062036388147918,3.262402884631588,2.5083139930732807,0.7700513307990768,1.512745508707471
combined,fault,96,0.5369052041545119,3.156110995682461,2.7204886977111893,0.5521729770402353,1.696293501056073
combined,fault,97,0.6047816909355329,3.217019973706598,2.6542280299748824,0.6157604981146031,1.6587552313898195
combined,fault,98,0.7753448616488422,2.8211283688956352,2.5972809576383487,0.719864151000748,1.496287676267722
combined,fault,99,0.42308872040417683,3.443759870265406,2.8397022306183715,0.46788801684819725,1.8635750042140269
combined,fault,100,0.3998306805057916,3.1662283975731618,2.7638281632686055,0.4559750417626634,1.8959220374097852
combined,fault,101,0.5418904301404646,3.399818885120885,2.6491606722283687,0.5649993622400844,1.6970343216779922
combined,fault,102,0.8020807873404748,2.971739926320392,2.5703933796524248,0.7551306414489679,1.5093980225490187
combined,fault,103,0.3964028254044516,3.0796354829721913,2.7143055872024386,0.4326369055133188,1.7981097362315186
combined,fault,104,0.5728162934367133,3.2337067916671787,2.55867269919395,0.5654506147931915,1.5790165628471482
combined,fault,105,0.6172608314086496,3.3246964889651034,2.7872795935372277,0.6060499150982599,1.6391924416722452
combined,fault,106,0.49030552284492546,3.853357638850976,2.7168724029532774,0.5037799560327489,1.6935917138244272
combined,fault,107,0.6555272655179055,3.262410238834683,2.560807869685856,0.6509641942416645,1.5891132140017137
combined,fault,108,0.5539908140052141,3.1769449531119642,2.711062913028358,0.5749202458787034,1.7087354796536418
combined,fault,109,0.5847123085843889,3.5165179921658223,2.666032763668921,0.6102253222571598,1.704043709522625
combined,fault,110,0.5525324169776896,3.195263551354811,2.627922072021308,0.5855039521209188,1.7178225880777798
combined,fault,111,0.5180864685656659,3.3947216162166955,2.645427386521736,0.51993935920263,1.6322939378928139
combined,fault,112,0.5464310316093398,3.26126315136544,2.762123555544701,0.5586444613632019,1.6991107724309595
combined,fault,113,0.4745730144081314,3.095123729489685,2.7011192665438037,0.512808926353313,1.775924167088563
combined,fault,114,0.47677262160342654,3.7436934049589854,2.8135145982940464,0.49690460703330147,1.748180620001442
combined,fault,115,0.5393115224888142,3.126575582302787,2.6039355676838665,0.5353917297313443,1.6019430625580253
combined,fault,116,0.5301138638752223,3.6243377624698843,2.623158552925907,0.5456759320884529,1.667162401940726
combined,fault,117,0.6350805399687071,3.41145161176831,2.672025094676948,0.642126957503619,1.652769780656522
combined,fault,118,0.6877363810694301,3.442631049327219,2.676880014846816,0.6435224705753345,1.530932948253637
combined,fault,119,0.7879330303845709,2.9269332744490604,2.482887985721842,0.7588210404291993,1.5174997258994467
combined,fault,120,0.3972199009617434,2.835477025035101,2.7278916514405083,0.43685831473651054,1.8164488194188455
