condition,event_class,event_id,window,fault_active,normalized_impulse,diff_rms,kurtosis,score_only,score_plus_diff,triple_evidence
clean,healthy,1,0,False,0.4153219434626156,0.15017058898334254,1.8256932610716716,0,0,0
clean,healthy,1,1,False,0.44027832981547815,0.1495082059788403,1.8769192010952178,0,0,0
clean,healthy,1,2,False,0.43753189228393063,0.14855295061120322,1.862857427314786,0,0,0
clean,healthy,1,3,False,0.41484906707633284,0.14831312281830134,1.86095345188939,0,0,0
clean,healthy,1,4,False,0.4609306243207353,0.14945900324309735,1.8936617314225066,0,0,0
clean,healthy,1,5,False,0.40851134003116973,0.14916721655900897,1.82629311964798,0,0,0
clean,healthy,1,6,False,0.44027832981547815,0.1495082059788403,1.8769192010952178,0,0,0
clean,healthy,1,7,False,0.4491864969306982,0.1505329904911057,1.8430875997525615,0,0,0
clean,healthy,1,8,False,0.4307355181323861,0.1465188855154624,1.8431628209675701,0,0,0
clean,healthy,1,9,False,0.4118200420349834,0.14668536394099083,1.8395826114563691,0,0,0
clean,healthy,1,10,False,0.4409532265257949,0.1464730863460423,1.8753571716148807,0,0,0
clean,healthy,1,11,False,0.4493073958510742,0.14634642589926417,1.9029032953321907,0,0,0
clean,healthy,2,0,False,0.4250104038797997,0.14349857793269807,1.84543455030895,0,0,0
clean,healthy,2,1,False,0.43479050465710467,0.1471045085179221,1.8641635835158745,0,0,0
clean,healthy,2,2,False,0.4477594013268205,0.14972220302294922,1.8557336445436303,0,0,0
clean,healthy,2,3,False,0.43058320176438813,0.15071251460142512,1.861848175643694,0,0,0
clean,healthy,2,4,False,0.4609306243207353,0.14945900324309735,1.8936617314225066,0,0,0
clean,healthy,2,5,False,0.43962526315986505,0.14858310116829906,1.8704992955343847,0,0,0
clean,healthy,2,6,False,0.4373197285586412,0.1506571867438004,1.83909812300954,0,0,0
clean,healthy,2,7,False,0.4440806483589156,0.1492924533639854,1.880068804851851,0,0,0
clean,healthy,2,8,False,0.4470087410327325,0.15133838439190592,1.8608733354889757,0,0,0
clean,healthy,2,9,False,0.42358813260613865,0.1487432070332672,1.8556753111924977,0,0,0
clean,healthy,2,10,False,0.4477594013268205,0.14972220302294922,1.8557336445436303,0,0,0
clean,healthy,2,11,False,0.42289122955119407,0.1455971111602434,1.8613620332191023,0,0,0
clean,healthy,3,0,False,0.4153219434626156,0.15017058898334254,1.8256932610716716,0,0,0
clean,healthy,3,1,False,0.41223748856836134,0.14740191858100757,1.8694504296730943,0,0,0
clean,healthy,3,2,False,0.4354824067553127,0.1464991542211294,1.8655441461742077,0,0,0
clean,healthy,3,3,False,0.43918529587237487,0.14852491500723114,1.875127791200593,0,0,0
clean,healthy,3,4,False,0.4477594013268205,0.14972220302294922,1.8557336445436303,0,0,0
clean,healthy,3,5,False,0.43479050465710467,0.1471045085179221,1.8641635835158745,0,0,0
clean,healthy,3,6,False,0.4284753305186921,0.14928492114548064,1.8787537661870306,0,0,0
clean,healthy,3,7,False,0.43479050465710467,0.1471045085179221,1.8641635835158745,0,0,0
clean,healthy,3,8,False,0.4122718973866925,0.14975403577652924,1.8351398888407755,0,0,0
clean,healthy,3,9,False,0.41223748856836134,0.14740191858100757,1.8694504296730943,0,0,0
clean,healthy,3,10,False,0.4417221273524332,0.14690949044467108,1.8574003984260767,0,0,0
clean,healthy,3,11,False,0.4409532265257949,0.1464730863460423,1.8753571716148807,0,0,0
clean,healthy,4,0,False,0.43808526186774377,0.14519800124175988,1.8747399131452205,0,0,0
clean,healthy,4,1,False,0.43479050465710467,0.1471045085179221,1.8641635835158745,0,0,0
clean,healthy,4,2,False,0.4353100752376425,0.14638454994522407,1.8684616545503319,0,0,0
clean,healthy,4,3,False,0.4207107130981371,0.15199727604899044,1.843196583111135,0,0,0
clean,healthy,4,4,False,0.4306731578599831,0.14798132159005617,1.8832458960272382,0,0,0
clean,healthy,4,5,False,0.43753286699932664,0.151926212127498,1.8680637026466311,0,0,0
clean,healthy,4,6,False,0.42373700182854945,0.1500010846718937,1.8807233251805167,0,0,0
clean,healthy,4,7,False,0.4147333337331775,0.14918741351547116,1.8298413272907506,0,0,0
clean,healthy,4,8,False,0.4199350949336131,0.1499502359556877,1.8251503677282643,0,0,0
clean,healthy,4,9,False,0.41484906707633284,0.14831312281830134,1.86095345188939,0,0,0
clean,healthy,4,10,False,0.4190044268749952,0.1499436183326213,1.8513373188939888,0,0,0
clean,healthy,4,11,False,0.4207909256471266,0.14845616653453844,1.86425386385867,0,0,0
clean,healthy,5,0,False,0.43756311900901135,0.14832252022313966,1.8698048245501278,0,0,0
clean,healthy,5,1,False,0.4132839968252271,0.14689454929224213,1.8378697561262474,0,0,0
clean,healthy,5,2,False,0.42284537171802483,0.149286237686916,1.8398930101961195,0,0,0
clean,healthy,5,3,False,0.4175234304676019,0.1490399582246295,1.8510399992324713,0,0,0
clean,healthy,5,4,False,0.43058320176438813,0.15071251460142512,1.861848175643694,0,0,0
clean,healthy,5,5,False,0.43094302007994734,0.15085977343911372,1.860497163274286,0,0,0
clean,healthy,5,6,False,0.4176715931069739,0.14864630603308746,1.852623543601581,0,0,0
clean,healthy,5,7,False,0.4207107130981371,0.15199727604899044,1.843196583111135,0,0,0
clean,healthy,5,8,False,0.4373197285586412,0.1506571867438004,1.83909812300954,0,0,0
clean,healthy,5,9,False,0.4122718973866925,0.14975403577652924,1.8351398888407755,0,0,0
clean,healthy,5,10,False,0.4424179571722314,0.1548603945984041,1.8737489343384945,0,0,0
clean,healthy,5,11,False,0.4385138651903563,0.1455556998580254,1.8576730574072546,0,0,0
clean,healthy,6,0,False,0.41735289470666087,0.1449957671003956,1.8745406344350408,0,0,0
clean,healthy,6,1,False,0.4181012014363704,0.14723109814798752,1.8444431686129836,0,0,0
clean,healthy,6,2,False,0.43217249125591206,0.1506832886329408,1.8435874023911016,0,0,0
clean,healthy,6,3,False,0.41614602176506266,0.14675306450789707,1.8656355661835808,0,0,0
clean,healthy,6,4,False,0.4359253091581564,0.1476652117209013,1.847679764868852,0,0,0
clean,healthy,6,5,False,0.4470087410327325,0.15133838439190592,1.8608733354889757,0,0,0
clean,healthy,6,6,False,0.4136992707152917,0.14815223005008749,1.8337917774867099,0,0,0
clean,healthy,6,7,False,0.42289122955119407,0.1455971111602434,1.8613620332191023,0,0,0
clean,healthy,6,8,False,0.4305024618862672,0.1426573233207557,1.852189268335756,0,0,0
clean,healthy,6,9,False,0.4353100752376425,0.14638454994522407,1.8684616545503319,0,0,0
clean,healthy,6,10,False,0.4136992707152917,0.14815223005008749,1.8337917774867099,0,0,0
clean,healthy,6,11,False,0.4491864969306982,0.1505329904911057,1.8430875997525615,0,0,0
clean,healthy,7,0,False,0.4136992707152917,0.14815223005008749,1.8337917774867099,0,0,0
clean,healthy,7,1,False,0.4306731578599831,0.14798132159005617,1.8832458960272382,0,0,0
clean,healthy,7,2,False,0.4443567024579231,0.15360693649309373,1.8981231548141986,0,0,0
clean,healthy,7,3,False,0.43094302007994734,0.15085977343911372,1.860497163274286,0,0,0
clean,healthy,7,4,False,0.4136263829446306,0.14755832004067357,1.8618180967120224,0,0,0
clean,healthy,7,5,False,0.40302466295247585,0.14114459874752422,1.8497709981327943,0,0,0
clean,healthy,7,6,False,0.4208429948560998,0.1487185955145816,1.8799206160225095,0,0,0
clean,healthy,7,7,False,0.43299982090443995,0.14849113744313286,1.8693847889449366,0,0,0
clean,healthy,7,8,False,0.4061703801879843,0.1460265120129688,1.8273297014804026,0,0,0
clean,healthy,7,9,False,0.4136263829446306,0.14755832004067357,1.8618180967120224,0,0,0
clean,healthy,7,10,False,0.4584869211478072,0.15467853688145164,1.8612645198192292,0,0,0
clean,healthy,7,11,False,0.4470087410327325,0.15133838439190592,1.8608733354889757,0,0,0
clean,healthy,8,0,False,0.4423682048779494,0.1492960447717077,1.8523884653100444,0,0,0
clean,healthy,8,1,False,0.41735289470666087,0.1449957671003956,1.8745406344350408,0,0,0
clean,healthy,8,2,False,0.42564749614910286,0.14858737538773847,1.8633957089909894,0,0,0
clean,healthy,8,3,False,0.42027323765700625,0.15172126825054336,1.8416792242029756,0,0,0
clean,healthy,8,4,False,0.4175234304676019,0.1490399582246295,1.8510399992324713,0,0,0
clean,healthy,8,5,False,0.4643481319486377,0.1551157132953886,1.9470725865456384,0,0,0
clean,healthy,8,6,False,0.4118200420349834,0.14668536394099083,1.8395826114563691,0,0,0
clean,healthy,8,7,False,0.43425685999325836,0.1507638031893582,1.8751755168756556,0,0,0
clean,healthy,8,8,False,0.4293986084825741,0.14930929450002306,1.862552581973546,0,0,0
clean,healthy,8,9,False,0.4208429948560998,0.1487185955145816,1.8799206160225095,0,0,0
clean,healthy,8,10,False,0.41682510603346645,0.14802758247687975,1.878215795626075,0,0,0
clean,healthy,8,11,False,0.4584869211478072,0.15467853688145164,1.8612645198192292,0,0,0
clean,healthy,9,0,False,0.41614602176506266,0.14675306450789707,1.8656355661835808,0,0,0
clean,healthy,9,1,False,0.43978350122102866,0.14886924546936484,1.8597732452032771,0,0,0
clean,healthy,9,2,False,0.4132839968252271,0.14689454929224213,1.8378697561262474,0,0,0
clean,healthy,9,3,False,0.43182616347661934,0.15061990911824452,1.8545559280402117,0,0,0
clean,healthy,9,4,False,0.42027323765700625,0.15172126825054336,1.8416792242029756,0,0,0
clean,healthy,9,5,False,0.4479077650823815,0.14952602802501336,1.8614122979863874,0,0,0
clean,healthy,9,6,False,0.4353758636131287,0.1500546806027367,1.8660603066400736,0,0,0
clean,healthy,9,7,False,0.4470087410327325,0.15133838439190592,1.8608733354889757,0,0,0
clean,healthy,9,8,False,0.43756311900901135,0.14832252022313966,1.8698048245501278,0,0,0
clean,healthy,9,9,False,0.4008273940198873,0.14585999658992882,1.8317113577602941,0,0,0
clean,healthy,9,10,False,0.40369277913493934,0.1471319739404536,1.850388439051442,0,0,0
clean,healthy,9,11,False,0.4491864969306982,0.1505329904911057,1.8430875997525615,0,0,0
clean,healthy,10,0,False,0.4098785741760362,0.14724394103244715,1.8647941612446999,0,0,0
clean,healthy,10,1,False,0.43753286699932664,0.151926212127498,1.8680637026466311,0,0,0
clean,healthy,10,2,False,0.4008273940198873,0.14585999658992882,1.8317113577602941,0,0,0
clean,healthy,10,3,False,0.4122718973866925,0.14975403577652924,1.8351398888407755,0,0,0
clean,healthy,10,4,False,0.4353100752376425,0.14638454994522407,1.8684616545503319,0,0,0
clean,healthy,10,5,False,0.40836384126426806,0.14706293843526969,1.817827865943924,0,0,0
clean,healthy,10,6,False,0.4440806483589156,0.1492924533639854,1.880068804851851,0,0,0
clean,healthy,10,7,False,0.43808526186774377,0.14519800124175988,1.8747399131452205,0,0,0
clean,healthy,10,8,False,0.45029731205468376,0.15056741522219125,1.8842446292272537,0,0,0
clean,healthy,10,9,False,0.4243614583005725,0.1470197338480133,1.8656271405090414,0,0,0
clean,healthy,10,10,False,0.44023645754107854,0.14823583003788252,1.8802184553402592,0,0,0
clean,healthy,10,11,False,0.4136263829446306,0.14755832004067357,1.8618180967120224,0,0,0
clean,healthy,11,0,False,0.4267588902448222,0.1473924883786015,1.83502286784149,0,0,0
clean,healthy,11,1,False,0.43425685999325836,0.1507638031893582,1.8751755168756556,0,0,0
clean,healthy,11,2,False,0.4199350949336131,0.1499502359556877,1.8251503677282643,0,0,0
clean,healthy,11,3,False,0.4385138651903563,0.1455556998580254,1.8576730574072546,0,0,0
clean,healthy,11,4,False,0.4220794856390314,0.14786199498493469,1.8656362866902991,0,0,0
clean,healthy,11,5,False,0.453355126673871,0.1496561011301958,1.8907093761875595,0,0,0
clean,healthy,11,6,False,0.43881128223377996,0.14506662104897414,1.8607945668850736,0,0,0
clean,healthy,11,7,False,0.4305024618862672,0.1426573233207557,1.852189268335756,0,0,0
clean,healthy,11,8,False,0.4479077650823815,0.14952602802501336,1.8614122979863874,0,0,0
clean,healthy,11,9,False,0.41735289470666087,0.1449957671003956,1.8745406344350408,0,0,0
clean,healthy,11,10,False,0.4207107130981371,0.15199727604899044,1.843196583111135,0,0,0
clean,healthy,11,11,False,0.4539939227264895,0.1503796577311735,1.87524204548452,0,0,0
clean,healthy,12,0,False,0.42358813260613865,0.1487432070332672,1.8556753111924977,0,0,0
clean,healthy,12,1,False,0.43881128223377996,0.14506662104897414,1.8607945668850736,0,0,0
clean,healthy,12,2,False,0.4122718973866925,0.14975403577652924,1.8351398888407755,0,0,0
clean,healthy,12,3,False,0.43058320176438813,0.15071251460142512,1.861848175643694,0,0,0
clean,healthy,12,4,False,0.4220794856390314,0.14786199498493469,1.8656362866902991,0,0,0
clean,healthy,12,5,False,0.42373700182854945,0.1500010846718937,1.8807233251805167,0,0,0
clean,healthy,12,6,False,0.41401529980683094,0.14695786084360588,1.873081096103107,0,0,0
clean,healthy,12,7,False,0.41682510603346645,0.14802758247687975,1.878215795626075,0,0,0
clean,healthy,12,8,False,0.42060785565345365,0.14662078172228016,1.8680289434796085,0,0,0
clean,healthy,12,9,False,0.43881128223377996,0.14506662104897414,1.8607945668850736,0,0,0
clean,healthy,12,10,False,0.4132959004316644,0.1490557413962638,1.8340433912658014,0,0,0
clean,healthy,12,11,False,0.42991345559493516,0.14850932080681026,1.8765699904800324,0,0,0
clean,healthy,13,0,False,0.4306731578599831,0.14798132159005617,1.8832458960272382,0,0,0
clean,healthy,13,1,False,0.4466842505616596,0.15151585544982404,1.8470966637510244,0,0,0
clean,healthy,13,2,False,0.43962526315986505,0.14858310116829906,1.8704992955343847,0,0,0
clean,healthy,13,3,False,0.4450057139900811,0.1502739360725443,1.9051507766631068,0,0,0
clean,healthy,13,4,False,0.41682510603346645,0.14802758247687975,1.878215795626075,0,0,0
clean,healthy,13,5,False,0.44205509979379437,0.15039694457920152,1.8673365455284885,0,0,0
clean,healthy,13,6,False,0.42198224548455154,0.1463907333287435,1.8478706208165425,0,0,0
clean,healthy,13,7,False,0.4440806483589156,0.1492924533639854,1.880068804851851,0,0,0
clean,healthy,13,8,False,0.42637452484009025,0.14994620522854757,1.8889024155540848,0,0,0
clean,healthy,13,9,False,0.4102368551117367,0.14868678475207656,1.8442482407741894,0,0,0
clean,healthy,13,10,False,0.4518314924824914,0.147290567660983,1.90918081609049,0,0,0
clean,healthy,13,11,False,0.43182616347661934,0.15061990911824452,1.8545559280402117,0,0,0
clean,healthy,14,0,False,0.4199350949336131,0.1499502359556877,1.8251503677282643,0,0,0
clean,healthy,14,1,False,0.4384958297632575,0.15555558560433405,1.8384633471143388,0,0,0
clean,healthy,14,2,False,0.4132839968252271,0.14689454929224213,1.8378697561262474,0,0,0
clean,healthy,14,3,False,0.4175498828227224,0.15189331458413913,1.858008467995092,0,0,0
clean,healthy,14,4,False,0.4237638742618308,0.14865682870655036,1.8541740256683148,0,0,0
clean,healthy,14,5,False,0.4175234304676019,0.1490399582246295,1.8510399992324713,0,0,0
clean,healthy,14,6,False,0.42564749614910286,0.14858737538773847,1.8633957089909894,0,0,0
clean,healthy,14,7,False,0.4479077650823815,0.14952602802501336,1.8614122979863874,0,0,0
clean,healthy,14,8,False,0.4354824067553127,0.1464991542211294,1.8655441461742077,0,0,0
clean,healthy,14,9,False,0.4243614583005725,0.1470197338480133,1.8656271405090414,0,0,0
clean,healthy,14,10,False,0.41401529980683094,0.14695786084360588,1.873081096103107,0,0,0
clean,healthy,14,11,False,0.4136263829446306,0.14755832004067357,1.8618180967120224,0,0,0
clean,healthy,15,0,False,0.4136992707152917,0.14815223005008749,1.8337917774867099,0,0,0
clean,healthy,15,1,False,0.4267588902448222,0.1473924883786015,1.83502286784149,0,0,0
clean,healthy,15,2,False,0.45017482642052536,0.149573017752703,1.898536854094212,0,0,0
clean,healthy,15,3,False,0.4175234304676019,0.1490399582246295,1.8510399992324713,0,0,0
clean,healthy,15,4,False,0.43480912276877404,0.15109862720203063,1.8588944451699432,0,0,0
clean,healthy,15,5,False,0.4477594013268205,0.14972220302294922,1.8557336445436303,0,0,0
clean,healthy,15,6,False,0.4207909256471266,0.14845616653453844,1.86425386385867,0,0,0
clean,healthy,15,7,False,0.43918529587237487,0.14852491500723114,1.875127791200593,0,0,0
clean,healthy,15,8,False,0.44622820471605096,0.15192516855485788,1.8667405404381077,0,0,0
clean,healthy,15,9,False,0.4181012014363704,0.14723109814798752,1.8444431686129836,0,0,0
clean,healthy,15,10,False,0.4153445942181295,0.15095012254767293,1.8448263032233179,0,0,0
clean,healthy,15,11,False,0.4354824067553127,0.1464991542211294,1.8655441461742077,0,0,0
clean,fault,1,0,False,0.4477594013268205,0.14972220302294922,1.8557336445436303,0,0,0
clean,fault,1,1,False,0.4409532265257949,0.1464730863460423,1.8753571716148807,0,0,0
clean,fault,1,2,False,0.4417221273524332,0.14690949044467108,1.8574003984260767,0,0,0
clean,fault,1,3,False,0.42373700182854945,0.1500010846718937,1.8807233251805167,0,0,0
clean,fault,1,4,True,1.4579546318029661,0.5399145196676388,2.4890570262987803,1,1,1
clean,fault,1,5,True,1.4853532814655568,0.5057299803524087,2.540948891343295,1,1,1
clean,fault,1,6,True,1.4790685096618694,0.5108810833779451,2.5312217702671336,1,1,1
clean,fault,1,7,True,1.480891245567713,0.5491981756749189,2.5104359591449024,1,1,1
clean,fault,1,8,True,1.52792855504088,0.527527489150658,2.601172861784528,1,1,1
clean,fault,1,9,True,1.4991210921721898,0.5111034296468361,2.5339789990919352,1,1,1
clean,fault,1,10,True,1.4881201403376276,0.5005247608784522,2.5987393235649856,1,1,1
clean,fault,1,11,True,1.485587318893021,0.5291478207026304,2.512018247766605,1,1,1
clean,fault,2,0,False,0.41223748856836134,0.14740191858100757,1.8694504296730943,0,0,0
clean,fault,2,1,False,0.43299982090443995,0.14849113744313286,1.8693847889449366,0,0,0
clean,fault,2,2,False,0.41614602176506266,0.14675306450789707,1.8656355661835808,0,0,0
clean,fault,2,3,False,0.40302466295247585,0.14114459874752422,1.8497709981327943,0,0,0
clean,fault,2,4,True,1.4832158229180799,0.5144520745643372,2.5816674797718346,1,1,1
clean,fault,2,5,True,1.460900215288391,0.5207532604160865,2.559844660968557,1,1,1
clean,fault,2,6,True,1.521613572579244,0.5100482384722905,2.6023293106268475,1,1,1
clean,fault,2,7,True,1.4286084127496967,0.5031328545718069,2.434688446859596,1,1,1
clean,fault,2,8,True,1.4813751609596044,0.5376075200609913,2.4945065018987007,1,1,1
clean,fault,2,9,True,1.4721472604625125,0.4924056559979054,2.5541955915612466,1,1,1
clean,fault,2,10,True,1.46887743408985,0.4988583811046968,2.5313756959002425,1,1,1
clean,fault,2,11,True,1.4998707304860315,0.5388740849590534,2.578552426802704,1,1,1
clean,fault,3,0,False,0.40945892919047283,0.14911703249378672,1.8350635537225954,0,0,0
clean,fault,3,1,False,0.4502639308128041,0.15463596302792235,1.9192119512512609,0,0,0
clean,fault,3,2,False,0.40369277913493934,0.1471319739404536,1.850388439051442,0,0,0
clean,fault,3,3,False,0.44137237299428567,0.14481997942369682,1.8541031551533877,0,0,0
clean,fault,3,4,True,1.4669697681956173,0.5137019749426129,2.5337216399316635,1,1,1
clean,fault,3,5,True,1.4923268135732781,0.5335023619914323,2.5532235379615553,1,1,1
clean,fault,3,6,True,1.4803976680812803,0.51987590990341,2.5361006941534514,1,1,1
clean,fault,3,7,True,1.4832158229180799,0.5144520745643372,2.5816674797718346,1,1,1
clean,fault,3,8,True,1.4895451814568026,0.5141433147755223,2.510294979893998,1,1,1
clean,fault,3,9,True,1.4286084127496967,0.5031328545718069,2.434688446859596,1,1,1
clean,fault,3,10,True,1.4438477603946487,0.5140141009505221,2.5482362717762195,1,1,1
clean,fault,3,11,True,1.5000860358899917,0.5195958639325694,2.5617155979814985,1,1,1
clean,fault,4,0,False,0.44023645754107854,0.14823583003788252,1.8802184553402592,0,0,0
clean,fault,4,1,False,0.4518314924824914,0.147290567660983,1.90918081609049,0,0,0
clean,fault,4,2,False,0.4208429948560998,0.1487185955145816,1.8799206160225095,0,0,0
clean,fault,4,3,False,0.4132959004316644,0.1490557413962638,1.8340433912658014,0,0,0
clean,fault,4,4,True,1.5047382526141462,0.5531402598084328,2.5931506616755513,1,1,1
clean,fault,4,5,True,1.485587318893021,0.5291478207026304,2.512018247766605,1,1,1
clean,fault,4,6,True,1.4792616381412702,0.5016074925583082,2.5464661707287135,1,1,1
clean,fault,4,7,True,1.4602443503741624,0.5400581715457631,2.50389180160559,1,1,1
clean,fault,4,8,True,1.5047382526141462,0.5531402598084328,2.5931506616755513,1,1,1
clean,fault,4,9,True,1.4570466972792837,0.5110202412510823,2.458191141022873,1,1,1
clean,fault,4,10,True,1.4623219902664821,0.5153987140447707,2.4701039624717387,1,1,1
clean,fault,4,11,True,1.4535304206260387,0.512150290768835,2.450507063877855,1,1,1
clean,fault,5,0,False,0.4284753305186921,0.14928492114548064,1.8787537661870306,0,0,0
clean,fault,5,1,False,0.43978350122102866,0.14886924546936484,1.8597732452032771,0,0,0
clean,fault,5,2,False,0.45029731205468376,0.15056741522219125,1.8842446292272537,0,0,0
clean,fault,5,3,False,0.4153219434626156,0.15017058898334254,1.8256932610716716,0,0,0
clean,fault,5,4,True,1.463029644296073,0.5364366370965546,2.536819838441803,1,1,1
clean,fault,5,5,True,1.5000860358899917,0.5195958639325694,2.5617155979814985,1,1,1
clean,fault,5,6,True,1.4286084127496967,0.5031328545718069,2.434688446859596,1,1,1
clean,fault,5,7,True,1.444350845142423,0.5123316061661655,2.490338952782472,1,1,1
clean,fault,5,8,True,1.4792616381412702,0.5016074925583082,2.5464661707287135,1,1,1
clean,fault,5,9,True,1.463029644296073,0.5364366370965546,2.536819838441803,1,1,1
clean,fault,5,10,True,1.4687457149519776,0.5454922374099241,2.475471972900909,1,1,1
clean,fault,5,11,True,1.4928038305529725,0.5060307754463714,2.5256700942505197,1,1,1
clean,fault,6,0,False,0.43479050465710467,0.1471045085179221,1.8641635835158745,0,0,0
clean,fault,6,1,False,0.4597145298221199,0.15276732444679217,1.8814925133405778,0,0,0
clean,fault,6,2,False,0.42143492035248303,0.14905384070774338,1.8340976774130866,0,0,0
clean,fault,6,3,False,0.45029731205468376,0.15056741522219125,1.8842446292272537,0,0,0
clean,fault,6,4,True,1.4790685096618694,0.5108810833779451,2.5312217702671336,1,1,1
clean,fault,6,5,True,1.504561955174201,0.5452868025839549,2.5562967170986024,1,1,1
clean,fault,6,6,True,1.4570466972792837,0.5110202412510823,2.458191141022873,1,1,1
clean,fault,6,7,True,1.4910748886812781,0.5168689374287583,2.5549948194950667,1,1,1
clean,fault,6,8,True,1.4882073642800961,0.5397218986960678,2.530291825739219,1,1,1
clean,fault,6,9,True,1.5088027963120083,0.5236626756766678,2.577993660293156,1,1,1
clean,fault,6,10,True,1.463029644296073,0.5364366370965546,2.536819838441803,1,1,1
clean,fault,6,11,True,1.4689222404098548,0.5090714497679617,2.4769034141433384,1,1,1
clean,fault,7,0,False,0.45029731205468376,0.15056741522219125,1.8842446292272537,0,0,0
clean,fault,7,1,False,0.4208429948560998,0.1487185955145816,1.8799206160225095,0,0,0
clean,fault,7,2,False,0.42991345559493516,0.14850932080681026,1.8765699904800324,0,0,0
clean,fault,7,3,False,0.43299982090443995,0.14849113744313286,1.8693847889449366,0,0,0
clean,fault,7,4,True,1.4893818308302655,0.5499322312379326,2.5227778680235966,1,1,1
clean,fault,7,5,True,1.4631103492024653,0.5067252182625319,2.507121060839258,1,1,1
clean,fault,7,6,True,1.4851070851001582,0.5129273151442723,2.5137331500807294,1,1,1
clean,fault,7,7,True,1.4613572683213847,0.5365686475747843,2.4680655833600285,1,1,1
clean,fault,7,8,True,1.4916435862777957,0.5326375733696966,2.528437725042481,1,1,1
clean,fault,7,9,True,1.4623219902664821,0.5153987140447707,2.4701039624717387,1,1,1
clean,fault,7,10,True,1.5139121522207617,0.5452857140504802,2.59750298985775,1,1,1
clean,fault,7,11,True,1.4938716820921498,0.5285042151296226,2.5294956575688494,1,1,1
clean,fault,8,0,False,0.4175234304676019,0.1490399582246295,1.8510399992324713,0,0,0
clean,fault,8,1,False,0.4307355181323861,0.1465188855154624,1.8431628209675701,0,0,0
clean,fault,8,2,False,0.43918529587237487,0.14852491500723114,1.875127791200593,0,0,0
clean,fault,8,3,False,0.4385138651903563,0.1455556998580254,1.8576730574072546,0,0,0
clean,fault,8,4,True,1.4771998989824424,0.5178530487486543,2.5147192363278146,1,1,1
clean,fault,8,5,True,1.4813751609596044,0.5376075200609913,2.4945065018987007,1,1,1
clean,fault,8,6,True,1.4540691395984329,0.5206985944621613,2.4802918974504227,1,1,1
clean,fault,8,7,True,1.4453880127587142,0.5094314965693539,2.4310943021081535,1,1,1
clean,fault,8,8,True,1.4453880127587142,0.5094314965693539,2.4310943021081535,1,1,1
clean,fault,8,9,True,1.476657160326521,0.5126747538267115,2.4788547641093035,1,1,1
clean,fault,8,10,True,1.51392837659643,0.5260952983177807,2.5500808829052515,1,1,1
clean,fault,8,11,True,1.5059528494667405,0.5437119210043287,2.537313083507024,1,1,1
clean,fault,9,0,False,0.4353100752376425,0.14638454994522407,1.8684616545503319,0,0,0
clean,fault,9,1,False,0.4385138651903563,0.1455556998580254,1.8576730574072546,0,0,0
clean,fault,9,2,False,0.44622820471605096,0.15192516855485788,1.8667405404381077,0,0,0
clean,fault,9,3,False,0.43753286699932664,0.151926212127498,1.8680637026466311,0,0,0
clean,fault,9,4,True,1.4916435862777957,0.5326375733696966,2.528437725042481,1,1,1
clean,fault,9,5,True,1.4521766596623351,0.532081661635601,2.4783824099403833,1,1,1
clean,fault,9,6,True,1.4975701794777279,0.518858326601449,2.523471716169808,1,1,1
clean,fault,9,7,True,1.4832450584815462,0.5520666480418994,2.531535659654775,1,1,1
clean,fault,9,8,True,1.5139121522207617,0.5452857140504802,2.59750298985775,1,1,1
clean,fault,9,9,True,1.4611165206020758,0.5250381688337598,2.4807777724448994,1,1,1
clean,fault,9,10,True,1.4923268135732781,0.5335023619914323,2.5532235379615553,1,1,1
clean,fault,9,11,True,1.519335821689187,0.5699212955671669,2.522164088371435,1,1,1
clean,fault,10,0,False,0.42289122955119407,0.1455971111602434,1.8613620332191023,0,0,0
clean,fault,10,1,False,0.40302466295247585,0.14114459874752422,1.8497709981327943,0,0,0
clean,fault,10,2,False,0.4132839968252271,0.14689454929224213,1.8378697561262474,0,0,0
clean,fault,10,3,False,0.43756311900901135,0.14832252022313966,1.8698048245501278,0,0,0
clean,fault,10,4,True,1.46887743408985,0.4988583811046968,2.5313756959002425,1,1,1
clean,fault,10,5,True,1.463029644296073,0.5364366370965546,2.536819838441803,1,1,1
clean,fault,10,6,True,1.4631103492024653,0.5067252182625319,2.507121060839258,1,1,1
clean,fault,10,7,True,1.4790685096618694,0.5108810833779451,2.5312217702671336,1,1,1
clean,fault,10,8,True,1.4689222404098548,0.5090714497679617,2.4769034141433384,1,1,1
clean,fault,10,9,True,1.4749781893561564,0.5454419226950071,2.5263337724400694,1,1,1
clean,fault,10,10,True,1.5139121522207617,0.5452857140504802,2.59750298985775,1,1,1
clean,fault,10,11,True,1.4564064981367129,0.5369933397028812,2.4944716936818128,1,1,1
clean,fault,11,0,False,0.43946521340612615,0.1483748181544902,1.8604329549278515,0,0,0
clean,fault,11,1,False,0.43094302007994734,0.15085977343911372,1.860497163274286,0,0,0
clean,fault,11,2,False,0.4175498828227224,0.15189331458413913,1.858008467995092,0,0,0
clean,fault,11,3,False,0.4122718973866925,0.14975403577652924,1.8351398888407755,0,0,0
clean,fault,11,4,True,1.4916435862777957,0.5326375733696966,2.528437725042481,1,1,1
clean,fault,11,5,True,1.4521766596623351,0.532081661635601,2.4783824099403833,1,1,1
clean,fault,11,6,True,1.4907469206431605,0.5180187222629123,2.568566249809837,1,1,1
clean,fault,11,7,True,1.4738602811979897,0.49793104584188197,2.592912586543939,1,1,1
clean,fault,11,8,True,1.469345266352033,0.530356760503813,2.478832726254706,1,1,1
clean,fault,11,9,True,1.484890394334843,0.5044595100017759,2.5637146994284716,1,1,1
clean,fault,11,10,True,1.5139121522207617,0.5452857140504802,2.59750298985775,1,1,1
clean,fault,11,11,True,1.512720497897426,0.5261216934275587,2.6073554609689213,1,1,1
clean,fault,12,0,False,0.4477594013268205,0.14972220302294922,1.8557336445436303,0,0,0
clean,fault,12,1,False,0.4210905718684264,0.14905093395256233,1.8582776696777294,0,0,0
clean,fault,12,2,False,0.40302466295247585,0.14114459874752422,1.8497709981327943,0,0,0
clean,fault,12,3,False,0.4479077650823815,0.14952602802501336,1.8614122979863874,0,0,0
clean,fault,12,4,True,1.471183261460954,0.5086129665038995,2.5141196257428957,1,1,1
clean,fault,12,5,True,1.462762139137305,0.5064723615316573,2.5255222511542903,1,1,1
clean,fault,12,6,True,1.485587318893021,0.5291478207026304,2.512018247766605,1,1,1
clean,fault,12,7,True,1.4669535615026892,0.5452002153632657,2.490449056968807,1,1,1
clean,fault,12,8,True,1.457543194248677,0.5112373687669944,2.473033499202139,1,1,1
clean,fault,12,9,True,1.4832158229180799,0.5144520745643372,2.5816674797718346,1,1,1
clean,fault,12,10,True,1.4882073642800961,0.5397218986960678,2.530291825739219,1,1,1
clean,fault,12,11,True,1.460900215288391,0.5207532604160865,2.559844660968557,1,1,1
clean,fault,13,0,False,0.4539939227264895,0.1503796577311735,1.87524204548452,0,0,0
clean,fault,13,1,False,0.4369696423156646,0.1509807576315286,1.870093590898217,0,0,0
clean,fault,13,2,False,0.4152114565295575,0.1451162219480446,1.8411379138348367,0,0,0
clean,fault,13,3,False,0.4190044268749952,0.1499436183326213,1.8513373188939888,0,0,0
clean,fault,13,4,True,1.4594624213439507,0.5106500106850936,2.5146890494618908,1,1,1
clean,fault,13,5,True,1.4621921219710134,0.5474336550937623,2.4918956052905785,1,1,1
clean,fault,13,6,True,1.4902416684496531,0.5572832947423783,2.5418631593027645,1,1,1
clean,fault,13,7,True,1.4827090160533734,0.5204816778311312,2.55677539817463,1,1,1
clean,fault,13,8,True,1.507047142307549,0.5301544983555824,2.5852172721465925,1,1,1
clean,fault,13,9,True,1.4594624213439507,0.5106500106850936,2.5146890494618908,1,1,1
clean,fault,13,10,True,1.44558885009807,0.5390018611906084,2.479359568498887,1,1,1
clean,fault,13,11,True,1.4907469206431605,0.5180187222629123,2.568566249809837,1,1,1
clean,fault,14,0,False,0.42564749614910286,0.14858737538773847,1.8633957089909894,0,0,0
clean,fault,14,1,False,0.42637452484009025,0.14994620522854757,1.8889024155540848,0,0,0
clean,fault,14,2,False,0.43753189228393063,0.14855295061120322,1.862857427314786,0,0,0
clean,fault,14,3,False,0.4643481319486377,0.1551157132953886,1.9470725865456384,0,0,0
clean,fault,14,4,True,1.5010862069122217,0.5489317611921494,2.54627732478254,1,1,1
clean,fault,14,5,True,1.44558885009807,0.5390018611906084,2.479359568498887,1,1,1
clean,fault,14,6,True,1.4514267946763693,0.5349630518010206,2.501290798335217,1,1,1
clean,fault,14,7,True,1.5052720755130664,0.5541398454233692,2.536153596753143,1,1,1
clean,fault,14,8,True,1.4472861815892504,0.49986408568417434,2.478831944418139,1,1,1
clean,fault,14,9,True,1.4975701794777279,0.518858326601449,2.523471716169808,1,1,1
clean,fault,14,10,True,1.46887743408985,0.4988583811046968,2.5313756959002425,1,1,1
clean,fault,14,11,True,1.4670178330982553,0.5202722300566099,2.5276528947493238,1,1,1
clean,fault,15,0,False,0.4470087410327325,0.15133838439190592,1.8608733354889757,0,0,0
clean,fault,15,1,False,0.43094302007994734,0.15085977343911372,1.860497163274286,0,0,0
clean,fault,15,2,False,0.4267588902448222,0.1473924883786015,1.83502286784149,0,0,0
clean,fault,15,3,False,0.4136263829446306,0.14755832004067357,1.8618180967120224,0,0,0
clean,fault,15,4,True,1.4771998989824424,0.5178530487486543,2.5147192363278146,1,1,1
clean,fault,15,5,True,1.5000860358899917,0.5195958639325694,2.5617155979814985,1,1,1
clean,fault,15,6,True,1.507047142307549,0.5301544983555824,2.5852172721465925,1,1,1
clean,fault,15,7,True,1.5032039650569269,0.5328070462584075,2.6055497187411185,1,1,1
clean,fault,15,8,True,1.4540691395984329,0.5206985944621613,2.4802918974504227,1,1,1
clean,fault,15,9,True,1.4750410740113322,0.5353564280726454,2.5387887391758612,1,1,1
clean,fault,15,10,True,1.49849884777786,0.513965390980172,2.556283262338358,1,1,1
clean,fault,15,11,True,1.4699285484022058,0.5312824030987215,2.517322150253482,1,1,1
combined,healthy,1,0,False,0.7464708715983202,0.35434729989220876,2.0781726452312412,0,0,0
combined,healthy,1,1,False,0.7136796580058812,0.34846049571678767,2.0304462403741237,0,0,0
combined,healthy,1,2,False,1.4247751386240648,0.3389373014416205,2.477752901109067,1,0,0
combined,healthy,1,3,False,1.5247030765406602,0.34493302363284906,2.6683957483868816,1,0,0
combined,healthy,1,4,False,0.8451614102311458,0.33850712802313715,2.1470960572254105,0,0,0
combined,healthy,1,5,False,1.1098244884054158,0.340996350884976,2.314327068305192,0,0,0
combined,healthy,1,6,False,1.0443010851132388,0.3493401354431705,2.2677554470499923,0,0,0
combined,healthy,1,7,False,1.0080621922900774,0.34001551969499594,2.2652935378946855,0,0,0
combined,healthy,1,8,False,0.9713928835372301,0.34321400008666947,2.2622719340517,0,0,0
combined,healthy,1,9,False,0.752344415195734,0.3549974755671571,2.0228656530839237,0,0,0
combined,healthy,1,10,False,0.9713928835372301,0.34321400008666947,2.2622719340517,0,0,0
combined,healthy,1,11,False,0.7249008887674576,0.3474632968003077,2.044033051879217,0,0,0
combined,healthy,2,0,False,1.3187946546254015,0.3342912955414185,2.5181066322071026,1,0,0
combined,healthy,2,1,False,0.8613974874288661,0.34589882663200344,2.1750604938164906,0,0,0
combined,healthy,2,2,False,0.8218348398667628,0.33620496177505343,2.0985337597298166,0,0,0
combined,healthy,2,3,False,1.249884057265786,0.3342292934464339,2.421415370538824,1,0,0
combined,healthy,2,4,False,1.1098244884054158,0.340996350884976,2.314327068305192,0,0,0
combined,healthy,2,5,False,1.0284805659414504,0.3347978646650971,2.219615707547311,0,0,0
combined,healthy,2,6,False,0.9158438178987055,0.3441707395147968,2.157712430644845,0,0,0
combined,healthy,2,7,False,0.7673954850155705,0.3550059813890597,2.084098932076724,0,0,0
combined,healthy,2,8,False,0.8218348398667628,0.33620496177505343,2.0985337597298166,0,0,0
combined,healthy,2,9,False,1.0552441422047536,0.3492324711591967,2.3111274838712514,0,0,0
combined,healthy,2,10,False,1.0552441422047536,0.3492324711591967,2.3111274838712514,0,0,0
combined,healthy,2,11,False,1.2689017996448235,0.33034451038886864,2.3874846399748213,1,0,0
combined,healthy,3,0,False,0.6875828516915945,0.3346196427304845,2.069164637365178,0,0,0
combined,healthy,3,1,False,1.249884057265786,0.3342292934464339,2.421415370538824,1,0,0
combined,healthy,3,2,False,0.8169536597471383,0.3403704554510754,2.0964516594222644,0,0,0
combined,healthy,3,3,False,1.2413273000196694,0.33507424468804475,2.4428060850921907,0,0,0
combined,healthy,3,4,False,1.3187946546254015,0.3342912955414185,2.5181066322071026,1,0,0
combined,healthy,3,5,False,1.0080621922900774,0.34001551969499594,2.2652935378946855,0,0,0
combined,healthy,3,6,False,0.8619629935835588,0.3481470400739415,2.0726613007522103,0,0,0
combined,healthy,3,7,False,0.7037513090294678,0.33572560265586865,2.0352349547204165,0,0,0
combined,healthy,3,8,False,1.03818008060326,0.35028766261099076,2.2522181014720153,0,0,0
combined,healthy,3,9,False,1.0080621922900774,0.34001551969499594,2.2652935378946855,0,0,0
combined,healthy,3,10,False,0.8498374882168017,0.3374786342864607,2.12244171993806,0,0,0
combined,healthy,3,11,False,1.2281938316961871,0.32293975364333954,2.3656674855395057,0,0,0
combined,healthy,4,0,False,1.1791559478874731,0.35019054986745596,2.4006857137993345,0,0,0
combined,healthy,4,1,False,1.249884057265786,0.3342292934464339,2.421415370538824,1,0,0
combined,healthy,4,2,False,0.8329750939088619,0.3472630171667492,2.115425513974938,0,0,0
combined,healthy,4,3,False,0.9461261992625505,0.35129066976980683,2.2318734702842784,0,0,0
combined,healthy,4,4,False,0.7464708715983202,0.35434729989220876,2.0781726452312412,0,0,0
combined,healthy,4,5,False,1.212015217874602,0.3382786858880932,2.426217497708202,0,0,0
combined,healthy,4,6,False,1.0080621922900774,0.34001551969499594,2.2652935378946855,0,0,0
combined,healthy,4,7,False,1.1006990676483683,0.3420514195937112,2.3272521207101575,0,0,0
combined,healthy,4,8,False,1.3991639591215168,0.34513653238252945,2.6068287526086067,1,0,0
combined,healthy,4,9,False,1.1968899380007545,0.33809215103657764,2.3814216201343874,0,0,0
combined,healthy,4,10,False,1.3991639591215168,0.34513653238252945,2.6068287526086067,1,0,0
combined,healthy,4,11,False,0.7249008887674576,0.3474632968003077,2.044033051879217,0,0,0
combined,healthy,5,0,False,1.1743228733823852,0.3435012786317086,2.3099044561524167,0,0,0
combined,healthy,5,1,False,0.8169536597471383,0.3403704554510754,2.0964516594222644,0,0,0
combined,healthy,5,2,False,0.7249008887674576,0.3474632968003077,2.044033051879217,0,0,0
combined,healthy,5,3,False,1.3412198093618946,0.3315170651345816,2.5096704396981013,1,0,0
combined,healthy,5,4,False,0.9718322150758286,0.32991658975420685,2.267923764605986,0,0,0
combined,healthy,5,5,False,1.1078865295244482,0.3526546892287634,2.2781514499745774,0,0,0
combined,healthy,5,6,False,0.9468138615801207,0.3309765187573661,2.186004958345884,0,0,0
combined,healthy,5,7,False,1.4785905048648484,0.3411122559758135,2.486438512120281,1,0,0
combined,healthy,5,8,False,0.7673954850155705,0.3550059813890597,2.084098932076724,0,0,0
combined,healthy,5,9,False,1.3141811039625149,0.3415926988667202,2.4777711421355613,1,0,0
combined,healthy,5,10,False,1.021221737791043,0.33531761457735254,2.3032034427897634,0,0,0
combined,healthy,5,11,False,0.9461261992625505,0.35129066976980683,2.2318734702842784,0,0,0
combined,healthy,6,0,False,1.1609024054659545,0.33952243606958904,2.3786530913805985,0,0,0
combined,healthy,6,1,False,0.7583497280778405,0.3473193560891053,2.1181330794119875,0,0,0
combined,healthy,6,2,False,1.592836190132309,0.3442063674751961,2.589067601392417,1,0,0
combined,healthy,6,3,False,1.152484129688674,0.340379288103866,2.336811529646331,0,0,0
combined,healthy,6,4,False,1.4120095794057872,0.3475977658479036,2.450693558170004,1,0,0
combined,healthy,6,5,False,1.3187946546254015,0.3342912955414185,2.5181066322071026,1,0,0
combined,healthy,6,6,False,1.0020118426368685,0.355175742443812,2.2061267015117823,0,0,0
combined,healthy,6,7,False,0.8802713712151705,0.3540009137728954,2.109779261584575,0,0,0
combined,healthy,6,8,False,1.0284805659414504,0.3347978646650971,2.219615707547311,0,0,0
combined,healthy,6,9,False,0.975815068394754,0.3538692901116374,2.223900504899387,0,0,0
combined,healthy,6,10,False,0.7932076596768511,0.35015519910690857,2.0923635185287637,0,0,0
combined,healthy,6,11,False,0.864218283161226,0.3383656888713402,2.099997662701751,0,0,0
combined,healthy,7,0,False,0.7583497280778405,0.3473193560891053,2.1181330794119875,0,0,0
combined,healthy,7,1,False,1.2903416092060906,0.3362542488464326,2.4961764036749936,1,0,0
combined,healthy,7,2,False,1.342949673047195,0.3361046813988782,2.5281813618972877,1,0,0
combined,healthy,7,3,False,1.4700616482586546,0.342018859454085,2.5376087501034386,1,0,0
combined,healthy,7,4,False,0.8218348398667628,0.33620496177505343,2.0985337597298166,0,0,0
combined,healthy,7,5,False,0.925246232370407,0.3474267377136209,2.207767559757758,0,0,0
combined,healthy,7,6,False,1.0284805659414504,0.3347978646650971,2.219615707547311,0,0,0
combined,healthy,7,7,False,0.864218283161226,0.3383656888713402,2.099997662701751,0,0,0
combined,healthy,7,8,False,0.8575806226596572,0.33873795408494295,2.146875984307146,0,0,0
combined,healthy,7,9,False,0.8254260156671135,0.32772906544916913,2.1181423972091418,0,0,0
combined,healthy,7,10,False,0.7249008887674576,0.3474632968003077,2.044033051879217,0,0,0
combined,healthy,7,11,False,1.1968899380007545,0.33809215103657764,2.3814216201343874,0,0,0
combined,healthy,8,0,False,0.9501655644513355,0.33971011152167807,2.1979015214245368,0,0,0
combined,healthy,8,1,False,0.8575806226596572,0.33873795408494295,2.146875984307146,0,0,0
combined,healthy,8,2,False,0.9158438178987055,0.3441707395147968,2.157712430644845,0,0,0
combined,healthy,8,3,False,1.2281938316961871,0.32293975364333954,2.3656674855395057,0,0,0
combined,healthy,8,4,False,1.0080621922900774,0.34001551969499594,2.2652935378946855,0,0,0
combined,healthy,8,5,False,0.927532530564878,0.3451637392449428,2.168971413087732,0,0,0
combined,healthy,8,6,False,0.9245226738799208,0.35042053883849217,2.1084515904757604,0,0,0
combined,healthy,8,7,False,1.2903416092060906,0.3362542488464326,2.4961764036749936,1,0,0
combined,healthy,8,8,False,1.1078865295244482,0.3526546892287634,2.2781514499745774,0,0,0
combined,healthy,8,9,False,1.1098244884054158,0.340996350884976,2.314327068305192,0,0,0
combined,healthy,8,10,False,0.7548586556021305,0.3390787718893503,2.051406734388772,0,0,0
combined,healthy,8,11,False,0.8357719804459339,0.3482996539185144,2.118869759464439,0,0,0
combined,healthy,9,0,False,0.9195351337878309,0.3431293935428902,2.196410808154604,0,0,0
combined,healthy,9,1,False,1.1098244884054158,0.340996350884976,2.314327068305192,0,0,0
combined,healthy,9,2,False,1.075158424689808,0.34232863875350467,2.2388215713438595,0,0,0
combined,healthy,9,3,False,1.1098244884054158,0.340996350884976,2.314327068305192,0,0,0
combined,healthy,9,4,False,0.9501655644513355,0.33971011152167807,2.1979015214245368,0,0,0
combined,healthy,9,5,False,0.783912935213,0.3429799257609322,2.1082480385864217,0,0,0
combined,healthy,9,6,False,0.7673954850155705,0.3550059813890597,2.084098932076724,0,0,0
combined,healthy,9,7,False,1.1006990676483683,0.3420514195937112,2.3272521207101575,0,0,0
combined,healthy,9,8,False,0.7932076596768511,0.35015519910690857,2.0923635185287637,0,0,0
combined,healthy,9,9,False,1.1609024054659545,0.33952243606958904,2.3786530913805985,0,0,0
combined,healthy,9,10,False,1.4887008596667937,0.3504193318892899,2.5705466968389286,1,0,0
combined,healthy,9,11,False,0.8802713712151705,0.3540009137728954,2.109779261584575,0,0,0
combined,healthy,10,0,False,1.0020118426368685,0.355175742443812,2.2061267015117823,0,0,0
combined,healthy,10,1,False,0.9334413325236625,0.34433837646636256,2.127608301171015,0,0,0
combined,healthy,10,2,False,0.7932076596768511,0.35015519910690857,2.0923635185287637,0,0,0
combined,healthy,10,3,False,1.2359422472931778,0.3400150760314903,2.4169546948282865,0,0,0
combined,healthy,10,4,False,1.5373690951495094,0.33822055010094854,2.61135288617399,1,0,0
combined,healthy,10,5,False,0.7774857241412978,0.34327761950795166,2.0669768055357576,0,0,0
combined,healthy,10,6,False,0.8613974874288661,0.34589882663200344,2.1750604938164906,0,0,0
combined,healthy,10,7,False,1.1968899380007545,0.33809215103657764,2.3814216201343874,0,0,0
combined,healthy,10,8,False,0.7016774070346077,0.34261384901709524,2.05700162930363,0,0,0
combined,healthy,10,9,False,1.5711113184794596,0.3280661411441404,2.7099861743849094,1,0,0
combined,healthy,10,10,False,1.075158424689808,0.34232863875350467,2.2388215713438595,0,0,0
combined,healthy,10,11,False,1.2689017996448235,0.33034451038886864,2.3874846399748213,1,0,0
combined,healthy,11,0,False,1.1600324674561524,0.3474459249189671,2.3597918536622995,0,0,0
combined,healthy,11,1,False,0.840747200449113,0.34348100753872646,2.160318240302087,0,0,0
combined,healthy,11,2,False,0.6875828516915945,0.3346196427304845,2.069164637365178,0,0,0
combined,healthy,11,3,False,1.2766544051215756,0.34545989157276547,2.4003727661802774,1,0,0
combined,healthy,11,4,False,1.3991639591215168,0.34513653238252945,2.6068287526086067,1,0,0
combined,healthy,11,5,False,0.7016774070346077,0.34261384901709524,2.05700162930363,0,0,0
combined,healthy,11,6,False,0.926174476401242,0.35617931056691354,2.1978096906411597,0,0,0
combined,healthy,11,7,False,0.764620254752017,0.33770753423610217,2.0826172205664246,0,0,0
combined,healthy,11,8,False,1.247738786380656,0.3419923676221611,2.4807030374645986,0,0,0
combined,healthy,11,9,False,1.1098244884054158,0.340996350884976,2.314327068305192,0,0,0
combined,healthy,11,10,False,1.0911548238229627,0.3175395655218244,2.2804773701782417,0,0,0
combined,healthy,11,11,False,1.1968899380007545,0.33809215103657764,2.3814216201343874,0,0,0
combined,healthy,12,0,False,0.7932076596768511,0.35015519910690857,2.0923635185287637,0,0,0
combined,healthy,12,1,False,1.2903416092060906,0.3362542488464326,2.4961764036749936,1,0,0
combined,healthy,12,2,False,0.8498374882168017,0.3374786342864607,2.12244171993806,0,0,0
combined,healthy,12,3,False,0.9218788009141642,0.3449956959874107,2.2518263899230986,0,0,0
combined,healthy,12,4,False,1.4524640307351226,0.3394933845651177,2.5464669604266,1,0,0
combined,healthy,12,5,False,1.0920770829821298,0.33403124902803694,2.2513246832245613,0,0,0
combined,healthy,12,6,False,0.9751856241104889,0.33965009268114693,2.199471763834881,0,0,0
combined,healthy,12,7,False,1.247738786380656,0.3419923676221611,2.4807030374645986,0,0,0
combined,healthy,12,8,False,0.8280883959454306,0.34927182572174703,2.166474722824217,0,0,0
combined,healthy,12,9,False,1.3991639591215168,0.34513653238252945,2.6068287526086067,1,0,0
combined,healthy,12,10,False,1.1791559478874731,0.35019054986745596,2.4006857137993345,0,0,0
combined,healthy,12,11,False,1.03818008060326,0.35028766261099076,2.2522181014720153,0,0,0
combined,healthy,13,0,False,1.5331426909098425,0.3322575525162563,2.638907699028446,1,0,0
combined,healthy,13,1,False,1.3412198093618946,0.3315170651345816,2.5096704396981013,1,0,0
combined,healthy,13,2,False,1.2621125088713896,0.32790671603165816,2.420690049668564,1,0,0
combined,healthy,13,3,False,0.8619629935835588,0.3481470400739415,2.0726613007522103,0,0,0
combined,healthy,13,4,False,0.9218788009141642,0.3449956959874107,2.2518263899230986,0,0,0
combined,healthy,13,5,False,0.7016774070346077,0.34261384901709524,2.05700162930363,0,0,0
combined,healthy,13,6,False,0.9042757023711597,0.3434015935167924,2.190417580236942,0,0,0
combined,healthy,13,7,False,0.7774857241412978,0.34327761950795166,2.0669768055357576,0,0,0
combined,healthy,13,8,False,0.8142880511345155,0.340129837008582,2.122039197513135,0,0,0
combined,healthy,13,9,False,0.9315085991352321,0.3541607648985372,2.1853092817839563,0,0,0
combined,healthy,13,10,False,1.021221737791043,0.33531761457735254,2.3032034427897634,0,0,0
combined,healthy,13,11,False,0.6875828516915945,0.3346196427304845,2.069164637365178,0,0,0
combined,healthy,14,0,False,1.1078865295244482,0.3526546892287634,2.2781514499745774,0,0,0
combined,healthy,14,1,False,1.4120095794057872,0.3475977658479036,2.450693558170004,1,0,0
combined,healthy,14,2,False,0.7464708715983202,0.35434729989220876,2.0781726452312412,0,0,0
combined,healthy,14,3,False,0.8357719804459339,0.3482996539185144,2.118869759464439,0,0,0
combined,healthy,14,4,False,1.2621125088713896,0.32790671603165816,2.420690049668564,1,0,0
combined,healthy,14,5,False,0.8329750939088619,0.3472630171667492,2.115425513974938,0,0,0
combined,healthy,14,6,False,1.4347715604022768,0.33740272255690673,2.567875339068121,1,0,0
combined,healthy,14,7,False,0.840747200449113,0.34348100753872646,2.160318240302087,0,0,0
combined,healthy,14,8,False,0.710088472219063,0.3388788991198783,2.044158860138167,0,0,0
combined,healthy,14,9,False,1.1078865295244482,0.3526546892287634,2.2781514499745774,0,0,0
combined,healthy,14,10,False,0.8280883959454306,0.34927182572174703,2.166474722824217,0,0,0
combined,healthy,14,11,False,1.5247030765406602,0.34493302363284906,2.6683957483868816,1,0,0
combined,healthy,15,0,False,0.864218283161226,0.3383656888713402,2.099997662701751,0,0,0
combined,healthy,15,1,False,1.1600324674561524,0.3474459249189671,2.3597918536622995,0,0,0
combined,healthy,15,2,False,0.840747200449113,0.34348100753872646,2.160318240302087,0,0,0
combined,healthy,15,3,False,1.075158424689808,0.34232863875350467,2.2388215713438595,0,0,0
combined,healthy,15,4,False,1.0377936329127988,0.3496212506628248,2.2525693253210655,0,0,0
combined,healthy,15,5,False,0.9751856241104889,0.33965009268114693,2.199471763834881,0,0,0
combined,healthy,15,6,False,1.2413273000196694,0.33507424468804475,2.4428060850921907,0,0,0
combined,healthy,15,7,False,0.7259651170375656,0.3453263233355671,2.0136383152496737,0,0,0
combined,healthy,15,8,False,0.9315085991352321,0.3541607648985372,2.1853092817839563,0,0,0
combined,healthy,15,9,False,1.3187946546254015,0.3342912955414185,2.5181066322071026,1,0,0
combined,healthy,15,10,False,0.710088472219063,0.3388788991198783,2.044158860138167,0,0,0
combined,healthy,15,11,False,1.4785905048648484,0.3411122559758135,2.486438512120281,1,0,0
combined,fault,1,0,False,1.5373690951495094,0.33822055010094854,2.61135288617399,1,0,0
combined,fault,1,1,False,0.9245226738799208,0.35042053883849217,2.1084515904757604,0,0,0
combined,fault,1,2,False,1.342949673047195,0.3361046813988782,2.5281813618972877,1,0,0
combined,fault,1,3,False,1.2766544051215756,0.34545989157276547,2.4003727661802774,1,0,0
combined,fault,1,4,True,1.6001649560617708,0.7487617870163065,2.6460945830279003,1,1,1
combined,fault,1,5,True,1.7232042746432266,0.47068656165258826,2.6527792804000394,1,1,1
combined,fault,1,6,True,1.5731052819768137,0.6280022583828541,2.7174661057628455,1,1,1
combined,fault,1,7,True,1.7258252366141336,0.5198989636793838,2.7907640312523014,1,1,1
combined,fault,1,8,True,1.5249721491259527,0.6181586444365259,2.645095011431334,1,1,1
combined,fault,1,9,True,1.7146636354689295,0.5724998456703662,2.6840093037195425,1,1,1
combined,fault,1,10,True,1.6291621466032766,0.7439899843569575,2.635922259212551,1,1,1
combined,fault,1,11,True,1.4637980476395436,0.6725947957967269,2.4871522602743585,1,1,1
combined,fault,2,0,False,0.783912935213,0.3429799257609322,2.1082480385864217,0,0,0
combined,fault,2,1,False,0.7548586556021305,0.3390787718893503,2.051406734388772,0,0,0
combined,fault,2,2,False,1.021221737791043,0.33531761457735254,2.3032034427897634,0,0,0
combined,fault,2,3,False,0.9195351337878309,0.3431293935428902,2.196410808154604,0,0,0
combined,fault,2,4,True,1.5845963077351666,0.644639144600165,2.6028058038474238,1,1,1
combined,fault,2,5,True,1.6341907766572454,0.5892216004877534,2.5864821197182875,1,1,1
combined,fault,2,6,True,1.5866980039228495,0.5473858361286256,2.6276037707023683,1,1,1
combined,fault,2,7,True,1.7442866639421528,0.49060754656530403,2.6842663723980538,1,1,1
combined,fault,2,8,True,1.6087074135225343,0.6150781471230881,2.565697932258302,1,1,1
combined,fault,2,9,True,1.6446775613547118,0.529334292112468,2.661246356839781,1,1,1
combined,fault,2,10,True,1.7255402699912141,0.5385439190801331,2.7719678527484457,1,1,1
combined,fault,2,11,True,1.8635750042140269,0.46788801684819725,2.8397022306183715,1,1,1
combined,fault,3,0,False,0.7259232281459435,0.3492184427099934,2.028885768948588,0,0,0
combined,fault,3,1,False,0.710088472219063,0.3388788991198783,2.044158860138167,0,0,0
combined,fault,3,2,False,0.8451614102311458,0.33850712802313715,2.1470960572254105,0,0,0
combined,fault,3,3,False,1.592836190132309,0.3442063674751961,2.589067601392417,1,0,0
combined,fault,3,4,True,1.8026875077968423,0.4895342618199823,2.7663566896146663,1,1,1
combined,fault,3,5,True,1.6588032476903982,0.6402562569043455,2.6095568891753986,1,1,1
combined,fault,3,6,True,1.6341907766572454,0.5892216004877534,2.5864821197182875,1,1,1
combined,fault,3,7,True,1.6015231279701845,0.6455323821412726,2.495348078784811,1,1,1
combined,fault,3,8,True,1.5174997258994467,0.7588210404291993,2.482887985721842,1,1,1
combined,fault,3,9,True,1.8213018627109494,0.5137841351703502,2.7836533808150326,1,1,1
combined,fault,3,10,True,1.5456305482740558,0.6382037152052351,2.593836288218209,1,1,1
combined,fault,3,11,True,1.5744883491654356,0.799894689986501,2.5838163795257367,1,1,1
combined,fault,4,0,False,0.925246232370407,0.3474267377136209,2.207767559757758,0,0,0
combined,fault,4,1,False,0.8254260156671135,0.32772906544916913,2.1181423972091418,0,0,0
combined,fault,4,2,False,0.778681371637139,0.3483818015548182,2.0918597428703385,0,0,0
combined,fault,4,3,False,0.8183284185961427,0.33678511469055306,2.114725286731258,0,0,0
combined,fault,4,4,True,1.7050942369550524,0.5563996884213368,2.605301077488395,1,1,1
combined,fault,4,5,True,1.8816458647985055,0.46504419746555237,2.823640767910193,1,1,1
combined,fault,4,6,True,1.5693668237621774,0.6441927132602995,2.567396036497812,1,1,1
combined,fault,4,7,True,1.6545240436390665,0.6301086842240401,2.632161407794402,1,1,1
combined,fault,4,8,True,1.6914233823416815,0.5439684548420008,2.5642589080317557,1,1,1
combined,fault,4,9,True,1.5896650524425517,0.7480259666002295,2.599396766726641,1,1,1
combined,fault,4,10,True,1.652769780656522,0.642126957503619,2.672025094676948,1,1,1
combined,fault,4,11,True,1.8816458647985055,0.46504419746555237,2.823640767910193,1,1,1
combined,fault,5,0,False,1.075158424689808,0.34232863875350467,2.2388215713438595,0,0,0
combined,fault,5,1,False,0.7259232281459435,0.3492184427099934,2.028885768948588,0,0,0
combined,fault,5,2,False,0.9334413325236625,0.34433837646636256,2.127608301171015,0,0,0
combined,fault,5,3,False,0.7016774070346077,0.34261384901709524,2.05700162930363,0,0,0
combined,fault,5,4,True,1.4777825286763508,0.6534301014818384,2.5234800690671886,1,1,1
combined,fault,5,5,True,1.6341907766572454,0.5892216004877534,2.5864821197182875,1,1,1
combined,fault,5,6,True,1.5896650524425517,0.7480259666002295,2.599396766726641,1,1,1
combined,fault,5,7,True,1.6015231279701845,0.6455323821412726,2.495348078784811,1,1,1
combined,fault,5,8,True,1.647000921810774,0.5259118424918904,2.6853955174613904,1,1,1
combined,fault,5,9,True,1.72071621589553,0.5145419863884607,2.70360553794932,1,1,1
combined,fault,5,10,True,1.612493068096647,0.7927345615880664,2.6368473206628975,1,1,1
combined,fault,5,11,True,1.6087074135225343,0.6150781471230881,2.565697932258302,1,1,1
combined,fault,6,0,False,0.8575806226596572,0.33873795408494295,2.146875984307146,0,0,0
combined,fault,6,1,False,1.2281938316961871,0.32293975364333954,2.3656674855395057,0,0,0
combined,fault,6,2,False,0.7673954850155705,0.3550059813890597,2.084098932076724,0,0,0
combined,fault,6,3,False,1.0279076496471409,0.3357938363472666,2.2226814113520947,0,0,0
combined,fault,6,4,True,1.7050942369550524,0.5563996884213368,2.605301077488395,1,1,1
combined,fault,6,5,True,1.7087354796536418,0.5749202458787034,2.711062913028358,1,1,1
combined,fault,6,6,True,1.5650185357602295,0.8010852669012128,2.578171374979712,1,1,1
combined,fault,6,7,True,1.7050942369550524,0.5563996884213368,2.605301077488395,1,1,1
combined,fault,6,8,True,1.4637980476395436,0.6725947957967269,2.4871522602743585,1,1,1
combined,fault,6,9,True,1.748180620001442,0.49690460703330147,2.8135145982940464,1,1,1
combined,fault,6,10,True,1.6804742379839046,0.4522258376561761,2.660307034147193,1,1,1
combined,fault,6,11,True,1.5456305482740558,0.6382037152052351,2.593836288218209,1,1,1
combined,fault,7,0,False,1.03818008060326,0.35028766261099076,2.2522181014720153,0,0,0
combined,fault,7,1,False,0.864218283161226,0.3383656888713402,2.099997662701751,0,0,0
combined,fault,7,2,False,0.9461261992625505,0.35129066976980683,2.2318734702842784,0,0,0
combined,fault,7,3,False,0.8329750939088619,0.3472630171667492,2.115425513974938,0,0,0
combined,fault,7,4,True,1.6776059291671794,0.4987257961750946,2.547732368608757,1,1,1
combined,fault,7,5,True,1.6341907766572454,0.5892216004877534,2.5864821197182875,1,1,1
combined,fault,7,6,True,1.6545240436390665,0.6301086842240401,2.632161407794402,1,1,1
combined,fault,7,7,True,1.7442866639421528,0.49060754656530403,2.6842663723980538,1,1,1
combined,fault,7,8,True,1.782661357854268,0.46258392507887913,2.734600488135599,1,1,1
combined,fault,7,9,True,1.748180620001442,0.49690460703330147,2.8135145982940464,1,1,1
combined,fault,7,10,True,1.775924167088563,0.512808926353313,2.7011192665438037,1,1,1
combined,fault,7,11,True,1.7863601147347383,0.5076944768850882,2.687516059505571,1,1,1
combined,fault,8,0,False,0.8498374882168017,0.3374786342864607,2.12244171993806,0,0,0
combined,fault,8,1,False,1.1600324674561524,0.3474459249189671,2.3597918536622995,0,0,0
combined,fault,8,2,False,1.152484129688674,0.340379288103866,2.336811529646331,0,0,0
combined,fault,8,3,False,0.925246232370407,0.3474267377136209,2.207767559757758,0,0,0
combined,fault,8,4,True,1.6054944991805535,0.6074159433037972,2.5389202931351096,1,1,1
combined,fault,8,5,True,1.6687826092057982,0.5600836855659977,2.625497973750902,1,1,1
combined,fault,8,6,True,1.8770007165470342,0.4823439535627247,2.826510090441195,1,1,1
combined,fault,8,7,True,1.6076493519659287,0.5561590788937253,2.687411262236102,1,1,1
combined,fault,8,8,True,1.7632947606047153,0.5427886759608057,2.740040556127351,1,1,1
combined,fault,8,9,True,1.8164488194188455,0.43685831473651054,2.7278916514405083,1,1,1
combined,fault,8,10,True,1.6935917138244272,0.5037799560327489,2.7168724029532774,1,1,1
combined,fault,8,11,True,1.7232042746432266,0.47068656165258826,2.6527792804000394,1,1,1
combined,fault,9,0,False,1.1100142895097693,0.34098876238519904,2.286150258220169,0,0,0
combined,fault,9,1,False,1.2766544051215756,0.34545989157276547,2.4003727661802774,1,0,0
combined,fault,9,2,False,1.0284805659414504,0.3347978646650971,2.219615707547311,0,0,0
combined,fault,9,3,False,1.5711113184794596,0.3280661411441404,2.7099861743849094,1,0,0
combined,fault,9,4,True,1.6970343216779922,0.5649993622400844,2.6491606722283687,1,1,1
combined,fault,9,5,True,1.6087074135225343,0.6150781471230881,2.565697932258302,1,1,1
combined,fault,9,6,True,1.7091414129096798,0.4726191674927135,2.6124190331896613,1,1,1
combined,fault,9,7,True,1.5666356765908367,0.7573071288895904,2.55503667517056,1,1,1
combined,fault,9,8,True,1.6322939378928139,0.51993935920263,2.645427386521736,1,1,1
combined,fault,9,9,True,1.5857346301967792,0.7889910180215626,2.4824481973949504,1,1,1
combined,fault,9,10,True,1.6054944991805535,0.6074159433037972,2.5389202931351096,1,1,1
combined,fault,9,11,True,1.6588032476903982,0.6402562569043455,2.6095568891753986,1,1,1
combined,fault,10,0,False,0.783912935213,0.3429799257609322,2.1082480385864217,0,0,0
combined,fault,10,1,False,0.7774857241412978,0.34327761950795166,2.0669768055357576,0,0,0
combined,fault,10,2,False,0.864218283161226,0.3383656888713402,2.099997662701751,0,0,0
combined,fault,10,3,False,1.3068070209887024,0.3406778782192755,2.485184788154165,1,0,0
combined,fault,10,4,True,1.7296997804010548,0.4719695965383349,2.654942863574596,1,1,1
combined,fault,10,5,True,1.5891132140017137,0.6509641942416645,2.560807869685856,1,1,1
combined,fault,10,6,True,1.5714708937268864,0.7852604015484287,2.6220300460809405,1,1,1
combined,fault,10,7,True,1.7863601147347383,0.5076944768850882,2.687516059505571,1,1,1
combined,fault,10,8,True,1.6980276203730453,0.5358352391591158,2.627137082724996,1,1,1
combined,fault,10,9,True,1.5790165628471482,0.5654506147931915,2.55867269919395,1,1,1
combined,fault,10,10,True,1.496287676267722,0.719864151000748,2.5972809576383487,1,1,1
combined,fault,10,11,True,1.9402606790343793,0.48032480375292924,2.8509365338482207,1,1,1
combined,fault,11,0,False,1.0552441422047536,0.3492324711591967,2.3111274838712514,0,0,0
combined,fault,11,1,False,0.9718322150758286,0.32991658975420685,2.267923764605986,0,0,0
combined,fault,11,2,False,0.8802713712151705,0.3540009137728954,2.109779261584575,0,0,0
combined,fault,11,3,False,1.4887008596667937,0.3504193318892899,2.5705466968389286,1,0,0
combined,fault,11,4,True,1.8635750042140269,0.46788801684819725,2.8397022306183715,1,1,1
combined,fault,11,5,True,1.6962697992900155,0.7103246527288354,2.6699572784998855,1,1,1
combined,fault,11,6,True,1.748180620001442,0.49690460703330147,2.8135145982940464,1,1,1
combined,fault,11,7,True,1.704043709522625,0.6102253222571598,2.666032763668921,1,1,1
combined,fault,11,8,True,1.7091414129096798,0.4726191674927135,2.6124190331896613,1,1,1
combined,fault,11,9,True,1.6980276203730453,0.5358352391591158,2.627137082724996,1,1,1
combined,fault,11,10,True,1.72071621589553,0.5145419863884607,2.70360553794932,1,1,1
combined,fault,11,11,True,1.8164488194188455,0.43685831473651054,2.7278916514405083,1,1,1
combined,fault,12,0,False,1.3412198093618946,0.3315170651345816,2.5096704396981013,1,0,0
combined,fault,12,1,False,1.4002516702628114,0.3340495197327978,2.5451425842204576,1,0,0
combined,fault,12,2,False,1.4120095794057872,0.3475977658479036,2.450693558170004,1,0,0
combined,fault,12,3,False,0.864218283161226,0.3383656888713402,2.099997662701751,0,0,0
combined,fault,12,4,True,1.5666356765908367,0.7573071288895904,2.55503667517056,1,1,1
combined,fault,12,5,True,1.8959220374097852,0.4559750417626634,2.7638281632686055,1,1,1
combined,fault,12,6,True,1.7194241560339911,0.5638219504477114,2.680583827658111,1,1,1
combined,fault,12,7,True,1.5891132140017137,0.6509641942416645,2.560807869685856,1,1,1
combined,fault,12,8,True,1.6322939378928139,0.51993935920263,2.645427386521736,1,1,1
combined,fault,12,9,True,1.5650185357602295,0.8010852669012128,2.578171374979712,1,1,1
combined,fault,12,10,True,1.628147004062609,0.5682401396529158,2.5486577306654916,1,1,1
combined,fault,12,11,True,1.5790165628471482,0.5654506147931915,2.55867269919395,1,1,1
combined,fault,13,0,False,0.7136796580058812,0.34846049571678767,2.0304462403741237,0,0,0
combined,fault,13,1,False,1.2621125088713896,0.32790671603165816,2.420690049668564,1,0,0
combined,fault,13,2,False,1.249884057265786,0.3342292934464339,2.421415370538824,1,0,0
combined,fault,13,3,False,1.4497381903219122,0.34936877741526956,2.6633131570334627,1,0,0
combined,fault,13,4,True,1.7146636354689295,0.5724998456703662,2.6840093037195425,1,1,1
combined,fault,13,5,True,1.5174997258994467,0.7588210404291993,2.482887985721842,1,1,1
combined,fault,13,6,True,1.6935917138244272,0.5037799560327489,2.7168724029532774,1,1,1
combined,fault,13,7,True,1.72071621589553,0.5145419863884607,2.70360553794932,1,1,1
combined,fault,13,8,True,1.8641187975864966,0.4764755754043375,2.908172162208343,1,1,1
combined,fault,13,9,True,1.6054944991805535,0.6074159433037972,2.5389202931351096,1,1,1
combined,fault,13,10,True,1.6914233823416815,0.5439684548420008,2.5642589080317557,1,1,1
combined,fault,13,11,True,1.704043709522625,0.6102253222571598,2.666032763668921,1,1,1
combined,fault,14,0,False,1.5777335450437735,0.3397709871423635,2.648244993578068,1,0,0
combined,fault,14,1,False,1.0920770829821298,0.33403124902803694,2.2513246832245613,0,0,0
combined,fault,14,2,False,0.7259232281459435,0.3492184427099934,2.028885768948588,0,0,0
combined,fault,14,3,False,1.0377936329127988,0.3496212506628248,2.2525693253210655,0,0,0
combined,fault,14,4,True,1.8452855535633388,0.4721201162409226,2.7859230394587846,1,1,1
combined,fault,14,5,True,1.6776059291671794,0.4987257961750946,2.547732368608757,1,1,1
combined,fault,14,6,True,1.6404955646623427,0.5182638285814933,2.675919749003168,1,1,1
combined,fault,14,7,True,1.5650185357602295,0.8010852669012128,2.578171374979712,1,1,1
combined,fault,14,8,True,1.512745508707471,0.7700513307990768,2.5083139930732807,1,1,1
combined,fault,14,9,True,1.5886638621431997,0.5371494004413162,2.6325105521100443,1,1,1
combined,fault,14,10,True,1.5249721491259527,0.6181586444365259,2.645095011431334,1,1,1
combined,fault,14,11,True,1.6432123274283725,0.5064608259163481,2.6367283879901646,1,1,1
combined,fault,15,0,False,1.3187946546254015,0.3342912955414185,2.5181066322071026,1,0,0
combined,fault,15,1,False,1.1098244884054158,0.340996350884976,2.314327068305192,0,0,0
combined,fault,15,2,False,0.8280883959454306,0.34927182572174703,2.166474722824217,0,0,0
combined,fault,15,3,False,1.4247751386240648,0.3389373014416205,2.477752901109067,1,0,0
combined,fault,15,4,True,1.5093980225490187,0.7551306414489679,2.5703933796524248,1,1,1
combined,fault,15,5,True,1.4429702434543203,0.6512781952892498,2.4354376107525755,1,1,1
combined,fault,15,6,True,1.8452855535633388,0.4721201162409226,2.7859230394587846,1,1,1
combined,fault,15,7,True,1.612493068096647,0.7927345615880664,2.6368473206628975,1,1,1
combined,fault,15,8,True,1.8164488194188455,0.43685831473651054,2.7278916514405083,1,1,1
combined,fault,15,9,True,1.7075126951385085,0.6064430694899323,2.662235957956544,1,1,1
combined,fault,15,10,True,1.628147004062609,0.5682401396529158,2.5486577306654916,1,1,1
combined,fault,15,11,True,1.6588032476903982,0.6402562569043455,2.6095568891753986,1,1,1
high_noise,healthy,1,0,False,1.142178852861748,0.403672067347716,2.323567232181423,0,0,0
high_noise,healthy,1,1,False,1.079846660098089,0.3965150656788839,2.3189304496754035,0,0,0
high_noise,healthy,1,2,False,1.1746771565802425,0.3982086897781005,2.396803539456257,0,0,0
high_noise,healthy,1,3,False,1.0847357922120917,0.3984853199970495,2.2550395239876697,0,0,0
high_noise,healthy,1,4,False,1.156250864614984,0.40565627800675463,2.307096946921145,0,0,0
high_noise,healthy,1,5,False,1.1146131996169424,0.39687257993937064,2.2709363646912273,0,0,0
high_noise,healthy,1,6,False,1.0839447221272913,0.3896511540028503,2.305956725699365,0,0,0
high_noise,healthy,1,7,False,1.1747552461086042,0.4051222528236025,2.3615536632757874,0,0,0
high_noise,healthy,1,8,False,1.154941773773159,0.4129169098515952,2.305502244348181,0,0,0
high_noise,healthy,1,9,False,1.149301105092269,0.3953940553659116,2.3408311592898707,0,0,0
high_noise,healthy,1,10,False,1.1245063723216673,0.3911334433496622,2.3933026580734436,0,0,0
high_noise,healthy,1,11,False,1.0799636690516663,0.4004133539468181,2.2450293455407593,0,0,0
high_noise,healthy,2,0,False,1.1109494788837193,0.40310113757548566,2.3772620820069226,0,0,0
high_noise,healthy,2,1,False,1.0576530758592282,0.37876824067848724,2.3019488485091406,0,0,0
high_noise,healthy,2,2,False,1.0791262846426872,0.40262088493174936,2.291710188085385,0,0,0
high_noise,healthy,2,3,False,1.1373666511796083,0.4004220207768257,2.365019858609411,0,0,0
high_noise,healthy,2,4,False,1.122118649891225,0.39891420224198554,2.3207283344505196,0,0,0
high_noise,healthy,2,5,False,1.187368241987596,0.39499301069726545,2.4752144895532733,0,0,0
high_noise,healthy,2,6,False,1.0791262846426872,0.40262088493174936,2.291710188085385,0,0,0
high_noise,healthy,2,7,False,1.156250864614984,0.40565627800675463,2.307096946921145,0,0,0
high_noise,healthy,2,8,False,1.1434345188249062,0.4027867768466684,2.3788921035196724,0,0,0
high_noise,healthy,2,9,False,1.1478466774624776,0.406414680509787,2.335340783181431,0,0,0
high_noise,healthy,2,10,False,1.111088220836042,0.3932192172572093,2.334146593331904,0,0,0
high_noise,healthy,2,11,False,1.1136240733815468,0.3981665255143574,2.2694193995235787,0,0,0
high_noise,healthy,3,0,False,1.1352394886992538,0.39391456319843615,2.3294818736690908,0,0,0
high_noise,healthy,3,1,False,1.0940540713711961,0.3907962472040519,2.3369147259290726,0,0,0
high_noise,healthy,3,2,False,1.149301105092269,0.3953940553659116,2.3408311592898707,0,0,0
high_noise,healthy,3,3,False,1.1434345188249062,0.4027867768466684,2.3788921035196724,0,0,0
high_noise,healthy,3,4,False,1.1373666511796083,0.4004220207768257,2.365019858609411,0,0,0
high_noise,healthy,3,5,False,1.1747552461086042,0.4051222528236025,2.3615536632757874,0,0,0
high_noise,healthy,3,6,False,1.154941773773159,0.4129169098515952,2.305502244348181,0,0,0
high_noise,healthy,3,7,False,1.1312215603979336,0.3993688599995112,2.359259465581143,0,0,0
high_noise,healthy,3,8,False,1.1401380568680415,0.3962902980502935,2.3386317402030294,0,0,0
high_noise,healthy,3,9,False,1.187368241987596,0.39499301069726545,2.4752144895532733,0,0,0
high_noise,healthy,3,10,False,1.1512478847770264,0.4003612031244777,2.2977553742509818,0,0,0
high_noise,healthy,3,11,False,1.1139983610928548,0.40545798716625553,2.211251583067932,0,0,0
high_noise,healthy,4,0,False,1.1763649396963178,0.4028363995721557,2.3490049438243306,0,0,0
high_noise,healthy,4,1,False,1.0690733643054848,0.3897368604298856,2.2755310448182713,0,0,0
high_noise,healthy,4,2,False,1.1454136786625486,0.40725163678060783,2.3441748162432376,0,0,0
high_noise,healthy,4,3,False,1.176789005735853,0.4046411379900662,2.341597566945252,0,0,0
high_noise,healthy,4,4,False,1.176106834468965,0.40399390983448996,2.3254705205581634,0,0,0
high_noise,healthy,4,5,False,1.1881694524309012,0.4154912994895746,2.3981767710863204,0,0,0
high_noise,healthy,4,6,False,1.1621816914129488,0.4033998258431029,2.366877858004069,0,0,0
high_noise,healthy,4,7,False,1.1378759296463763,0.4092959161377354,2.293573903153281,0,0,0
high_noise,healthy,4,8,False,1.079846660098089,0.3965150656788839,2.3189304496754035,0,0,0
high_noise,healthy,4,9,False,1.047519633508597,0.3834001838163242,2.2035720397799077,0,0,0
high_noise,healthy,4,10,False,1.1096171646093036,0.39829369408889576,2.3584379260379067,0,0,0
high_noise,healthy,4,11,False,1.149301105092269,0.3953940553659116,2.3408311592898707,0,0,0
high_noise,healthy,5,0,False,1.1621816914129488,0.4033998258431029,2.366877858004069,0,0,0
high_noise,healthy,5,1,False,1.1059600547322685,0.3888335976814437,2.3785844323758942,0,0,0
high_noise,healthy,5,2,False,1.0849555300359892,0.4029506706763033,2.3035173091632504,0,0,0
high_noise,healthy,5,3,False,1.0542680314941326,0.3868052125595763,2.2455358340742326,0,0,0
high_noise,healthy,5,4,False,1.1632018544545377,0.38858608327681404,2.3639166827234366,0,0,0
high_noise,healthy,5,5,False,1.187368241987596,0.39499301069726545,2.4752144895532733,0,0,0
high_noise,healthy,5,6,False,1.1881694524309012,0.4154912994895746,2.3981767710863204,0,0,0
high_noise,healthy,5,7,False,1.1448489256673593,0.4078218598240889,2.3025477278233777,0,0,0
high_noise,healthy,5,8,False,1.08601790390804,0.40567020803858184,2.2476073934054006,0,0,0
high_noise,healthy,5,9,False,1.1146131996169424,0.39687257993937064,2.2709363646912273,0,0,0
high_noise,healthy,5,10,False,1.1084496470337368,0.4007539727684994,2.3304787246554306,0,0,0
high_noise,healthy,5,11,False,1.1352394886992538,0.39391456319843615,2.3294818736690908,0,0,0
high_noise,healthy,6,0,False,1.1011412915771255,0.39005345768192595,2.2607169067171577,0,0,0
high_noise,healthy,6,1,False,1.1609127657156424,0.4000067735397815,2.3049499636444843,0,0,0
high_noise,healthy,6,2,False,1.1312146592060253,0.39598115157486685,2.3337213840305977,0,0,0
high_noise,healthy,6,3,False,1.1321586731101299,0.4024009600641843,2.345227109210816,0,0,0
high_noise,healthy,6,4,False,1.0849555300359892,0.4029506706763033,2.3035173091632504,0,0,0
high_noise,healthy,6,5,False,1.1396591396561015,0.3983215984049993,2.356929089306074,0,0,0
high_noise,healthy,6,6,False,1.1198295813726236,0.397040461689033,2.2804304383907192,0,0,0
high_noise,healthy,6,7,False,1.1373666511796083,0.4004220207768257,2.365019858609411,0,0,0
high_noise,healthy,6,8,False,1.117094185667036,0.3946359870841834,2.3531551928795844,0,0,0
high_noise,healthy,6,9,False,1.0849555300359892,0.4029506706763033,2.3035173091632504,0,0,0
high_noise,healthy,6,10,False,1.1059600547322685,0.3888335976814437,2.3785844323758942,0,0,0
high_noise,healthy,6,11,False,1.1011412915771255,0.39005345768192595,2.2607169067171577,0,0,0
high_noise,healthy,7,0,False,1.0847357922120917,0.3984853199970495,2.2550395239876697,0,0,0
high_noise,healthy,7,1,False,1.1420087400691201,0.4050351900133264,2.2996831207176536,0,0,0
high_noise,healthy,7,2,False,1.121071940418622,0.39872933938595145,2.3205923628359297,0,0,0
high_noise,healthy,7,3,False,1.1434345188249062,0.4027867768466684,2.3788921035196724,0,0,0
high_noise,healthy,7,4,False,1.0778617662672831,0.40502476588098957,2.269398571336284,0,0,0
high_noise,healthy,7,5,False,1.1155605924123841,0.40088853593316975,2.2158870387380665,0,0,0
high_noise,healthy,7,6,False,1.0968535655870535,0.400882110958435,2.3059892316839967,0,0,0
high_noise,healthy,7,7,False,1.1402071716543718,0.40612185225543285,2.314349597139894,0,0,0
high_noise,healthy,7,8,False,1.12583314776136,0.3961900844125381,2.368813197957346,0,0,0
high_noise,healthy,7,9,False,1.1011412915771255,0.39005345768192595,2.2607169067171577,0,0,0
high_noise,healthy,7,10,False,1.1294300725927922,0.39994073155961274,2.2717709288799073,0,0,0
high_noise,healthy,7,11,False,1.1524383573935837,0.4088705756161177,2.342781536828608,0,0,0
high_noise,healthy,8,0,False,1.1318070273888077,0.39568004854764915,2.3101379541382556,0,0,0
high_noise,healthy,8,1,False,1.1318070273888077,0.39568004854764915,2.3101379541382556,0,0,0
high_noise,healthy,8,2,False,1.1616226804783087,0.40604379372962596,2.367639988212123,0,0,0
high_noise,healthy,8,3,False,1.1420087400691201,0.4050351900133264,2.2996831207176536,0,0,0
high_noise,healthy,8,4,False,1.1190412991071537,0.3999670595732341,2.3196142905976616,0,0,0
high_noise,healthy,8,5,False,1.1155605924123841,0.40088853593316975,2.2158870387380665,0,0,0
high_noise,healthy,8,6,False,1.1735382808093817,0.3996292544192443,2.3565742433649173,0,0,0
high_noise,healthy,8,7,False,1.0457314036229177,0.38959951532863346,2.292526814137434,0,0,0
high_noise,healthy,8,8,False,1.1029709281172906,0.39396390619854155,2.344754235608646,0,0,0
high_noise,healthy,8,9,False,1.0844333034138156,0.40581783944921457,2.269304592983734,0,0,0
high_noise,healthy,8,10,False,1.1713421320809305,0.39570460052512574,2.311152040908002,0,0,0
high_noise,healthy,8,11,False,1.1374029456745647,0.4122639407268648,2.405329342926282,0,0,0
high_noise,healthy,9,0,False,1.090697100182437,0.40534909144740633,2.269840456564586,0,0,0
high_noise,healthy,9,1,False,1.0971930092092161,0.4011802267418067,2.2974392456050605,0,0,0
high_noise,healthy,9,2,False,1.090697100182437,0.40534909144740633,2.269840456564586,0,0,0
high_noise,healthy,9,3,False,1.1454136786625486,0.40725163678060783,2.3441748162432376,0,0,0
high_noise,healthy,9,4,False,1.1555970843262833,0.39400090961194745,2.4066272883762774,0,0,0
high_noise,healthy,9,5,False,1.1136240733815468,0.3981665255143574,2.2694193995235787,0,0,0
high_noise,healthy,9,6,False,1.213315045673104,0.41271589745905546,2.364751670176502,0,0,0
high_noise,healthy,9,7,False,1.1304833283215419,0.39477182327503735,2.342637319675876,0,0,0
high_noise,healthy,9,8,False,1.098121388618032,0.4022606708431865,2.2866948295102665,0,0,0
high_noise,healthy,9,9,False,1.1352394886992538,0.39391456319843615,2.3294818736690908,0,0,0
high_noise,healthy,9,10,False,1.08601790390804,0.40567020803858184,2.2476073934054006,0,0,0
high_noise,healthy,9,11,False,1.0791262846426872,0.40262088493174936,2.291710188085385,0,0,0
high_noise,healthy,10,0,False,1.1190412991071537,0.3999670595732341,2.3196142905976616,0,0,0
high_noise,healthy,10,1,False,1.0542680314941326,0.3868052125595763,2.2455358340742326,0,0,0
high_noise,healthy,10,2,False,1.0676705709005814,0.3970859383836793,2.2769276847861732,0,0,0
high_noise,healthy,10,3,False,1.1029709281172906,0.39396390619854155,2.344754235608646,0,0,0
high_noise,healthy,10,4,False,1.0839447221272913,0.3896511540028503,2.305956725699365,0,0,0
high_noise,healthy,10,5,False,1.1444634285138382,0.41319220039359167,2.310421270120435,0,0,0
high_noise,healthy,10,6,False,1.1112326171806202,0.39942717683422,2.3666656269908755,0,0,0
high_noise,healthy,10,7,False,1.1977647880163007,0.4077407345655553,2.3778308802326524,0,0,0
high_noise,healthy,10,8,False,1.0844333034138156,0.40581783944921457,2.269304592983734,0,0,0
high_noise,healthy,10,9,False,1.1190412991071537,0.3999670595732341,2.3196142905976616,0,0,0
high_noise,healthy,10,10,False,1.213315045673104,0.41271589745905546,2.364751670176502,0,0,0
high_noise,healthy,10,11,False,1.132128388770358,0.3952172294615744,2.313865548021526,0,0,0
high_noise,healthy,11,0,False,1.0968535655870535,0.400882110958435,2.3059892316839967,0,0,0
high_noise,healthy,11,1,False,1.1746771565802425,0.3982086897781005,2.396803539456257,0,0,0
high_noise,healthy,11,2,False,1.1352394886992538,0.39391456319843615,2.3294818736690908,0,0,0
high_noise,healthy,11,3,False,1.195979858999655,0.4074867081279333,2.3737199229642933,0,0,0
high_noise,healthy,11,4,False,1.1084496470337368,0.4007539727684994,2.3304787246554306,0,0,0
high_noise,healthy,11,5,False,1.1294300725927922,0.39994073155961274,2.2717709288799073,0,0,0
high_noise,healthy,11,6,False,1.0849555300359892,0.4029506706763033,2.3035173091632504,0,0,0
high_noise,healthy,11,7,False,1.0839447221272913,0.3896511540028503,2.305956725699365,0,0,0
high_noise,healthy,11,8,False,1.1864417585237235,0.4082622445723404,2.3681175185020433,0,0,0
high_noise,healthy,11,9,False,1.1478466774624776,0.406414680509787,2.335340783181431,0,0,0
high_noise,healthy,11,10,False,1.1318070273888077,0.39568004854764915,2.3101379541382556,0,0,0
high_noise,healthy,11,11,False,1.1175766974826102,0.39323184120601423,2.283870580138609,0,0,0
high_noise,healthy,12,0,False,1.1746771565802425,0.3982086897781005,2.396803539456257,0,0,0
high_noise,healthy,12,1,False,1.0457314036229177,0.38959951532863346,2.292526814137434,0,0,0
high_noise,healthy,12,2,False,1.122118649891225,0.39891420224198554,2.3207283344505196,0,0,0
high_noise,healthy,12,3,False,1.123337826978,0.39264212657650494,2.366072568163835,0,0,0
high_noise,healthy,12,4,False,1.0778617662672831,0.40502476588098957,2.269398571336284,0,0,0
high_noise,healthy,12,5,False,1.0847357922120917,0.3984853199970495,2.2550395239876697,0,0,0
high_noise,healthy,12,6,False,1.1864417585237235,0.4082622445723404,2.3681175185020433,0,0,0
high_noise,healthy,12,7,False,1.1321586731101299,0.4024009600641843,2.345227109210816,0,0,0
high_noise,healthy,12,8,False,1.176106834468965,0.40399390983448996,2.3254705205581634,0,0,0
high_noise,healthy,12,9,False,1.1864417585237235,0.4082622445723404,2.3681175185020433,0,0,0
high_noise,healthy,12,10,False,1.1084496470337368,0.4007539727684994,2.3304787246554306,0,0,0
high_noise,healthy,12,11,False,1.1609333778070121,0.4043078708053985,2.3464541455991665,0,0,0
high_noise,healthy,13,0,False,1.1553984259811916,0.40363965009318103,2.334034673930886,0,0,0
high_noise,healthy,13,1,False,1.1139983610928548,0.40545798716625553,2.211251583067932,0,0,0
high_noise,healthy,13,2,False,1.1763649396963178,0.4028363995721557,2.3490049438243306,0,0,0
high_noise,healthy,13,3,False,1.15695743570089,0.3925405015989008,2.4149020520562274,0,0,0
high_noise,healthy,13,4,False,1.0884655729498478,0.390898379569289,2.3041846466502136,0,0,0
high_noise,healthy,13,5,False,1.1144445054352763,0.4027200504215264,2.344896947858273,0,0,0
high_noise,healthy,13,6,False,1.0457314036229177,0.38959951532863346,2.292526814137434,0,0,0
high_noise,healthy,13,7,False,1.1190412991071537,0.3999670595732341,2.3196142905976616,0,0,0
high_noise,healthy,13,8,False,1.154941773773159,0.4129169098515952,2.305502244348181,0,0,0
high_noise,healthy,13,9,False,1.121071940418622,0.39872933938595145,2.3205923628359297,0,0,0
high_noise,healthy,13,10,False,1.1585694356728893,0.3993537990142116,2.406584460910324,0,0,0
high_noise,healthy,13,11,False,1.1318070273888077,0.39568004854764915,2.3101379541382556,0,0,0
high_noise,healthy,14,0,False,1.1245063723216673,0.3911334433496622,2.3933026580734436,0,0,0
high_noise,healthy,14,1,False,1.213315045673104,0.41271589745905546,2.364751670176502,0,0,0
high_noise,healthy,14,2,False,1.100564078720037,0.3928446301308929,2.3373897257532725,0,0,0
high_noise,healthy,14,3,False,1.12583314776136,0.3961900844125381,2.368813197957346,0,0,0
high_noise,healthy,14,4,False,1.1514933181950138,0.4074265817184389,2.3681761205804586,0,0,0
high_noise,healthy,14,5,False,1.1746771565802425,0.3982086897781005,2.396803539456257,0,0,0
high_noise,healthy,14,6,False,1.1027629302339186,0.4060774574939374,2.2715037161324982,0,0,0
high_noise,healthy,14,7,False,1.1444634285138382,0.41319220039359167,2.310421270120435,0,0,0
high_noise,healthy,14,8,False,1.1763649396963178,0.4028363995721557,2.3490049438243306,0,0,0
high_noise,healthy,14,9,False,1.1312215603979336,0.3993688599995112,2.359259465581143,0,0,0
high_noise,healthy,14,10,False,1.144612547079474,0.40294065908968635,2.3281039534606527,0,0,0
high_noise,healthy,14,11,False,1.122118649891225,0.39891420224198554,2.3207283344505196,0,0,0
high_noise,healthy,15,0,False,1.0936455413923116,0.3987440728402371,2.297193412531547,0,0,0
high_noise,healthy,15,1,False,1.122118649891225,0.39891420224198554,2.3207283344505196,0,0,0
high_noise,healthy,15,2,False,1.1318070273888077,0.39568004854764915,2.3101379541382556,0,0,0
high_noise,healthy,15,3,False,1.0839447221272913,0.3896511540028503,2.305956725699365,0,0,0
high_noise,healthy,15,4,False,1.1027629302339186,0.4060774574939374,2.2715037161324982,0,0,0
high_noise,healthy,15,5,False,1.1112326171806202,0.39942717683422,2.3666656269908755,0,0,0
high_noise,healthy,15,6,False,1.1763649396963178,0.4028363995721557,2.3490049438243306,0,0,0
high_noise,healthy,15,7,False,1.0936455413923116,0.3987440728402371,2.297193412531547,0,0,0
high_noise,healthy,15,8,False,1.0977773410733511,0.39711893769490536,2.305349743449197,0,0,0
high_noise,healthy,15,9,False,1.151620166998712,0.3980425711054597,2.382679735193422,0,0,0
high_noise,healthy,15,10,False,1.1609127657156424,0.4000067735397815,2.3049499636444843,0,0,0
high_noise,healthy,15,11,False,1.176789005735853,0.4046411379900662,2.341597566945252,0,0,0
high_noise,fault,1,0,False,1.1514933181950138,0.4074265817184389,2.3681761205804586,0,0,0
high_noise,fault,1,1,False,1.1112326171806202,0.39942717683422,2.3666656269908755,0,0,0
high_noise,fault,1,2,False,1.1270831103888337,0.4028736218217656,2.413963421246911,0,0,0
high_noise,fault,1,3,False,1.090697100182437,0.40534909144740633,2.269840456564586,0,0,0
high_noise,fault,1,4,True,1.677229268159828,0.6112804819890069,2.7253867572973207,1,1,1
high_noise,fault,1,5,True,1.6523124492659769,0.6308582877806962,2.6258877466417494,1,1,1
high_noise,fault,1,6,True,1.6786875853306658,0.6469691543050821,2.624146760626815,1,1,1
high_noise,fault,1,7,True,1.7327631198130162,0.6567398110872041,2.715872035818632,1,1,1
high_noise,fault,1,8,True,1.6953192084341777,0.6687171800087256,2.6594229446733584,1,1,1
high_noise,fault,1,9,True,1.6567572939675101,0.6346688401466158,2.606993353678883,1,1,1
high_noise,fault,1,10,True,1.70054728812042,0.655490509147117,2.695920254783578,1,1,1
high_noise,fault,1,11,True,1.6781412784779477,0.6472140195656267,2.574811932823688,1,1,1
high_noise,fault,2,0,False,1.1396591396561015,0.3983215984049993,2.356929089306074,0,0,0
high_noise,fault,2,1,False,1.1235961656192663,0.400137579917713,2.267804309777661,0,0,0
high_noise,fault,2,2,False,1.0971930092092161,0.4011802267418067,2.2974392456050605,0,0,0
high_noise,fault,2,3,False,1.1312146592060253,0.39598115157486685,2.3337213840305977,0,0,0
high_noise,fault,2,4,True,1.727442532603416,0.6701712957096468,2.756636611782801,1,1,1
high_noise,fault,2,5,True,1.6524476031590736,0.627814866257355,2.62051970983339,1,1,1
high_noise,fault,2,6,True,1.663187582630502,0.6310242902162515,2.6637503213270888,1,1,1
high_noise,fault,2,7,True,1.7441696636352821,0.6344140638145288,2.7566189016435847,1,1,1
high_noise,fault,2,8,True,1.6909281035390291,0.6426081732181288,2.6687649013467247,1,1,1
high_noise,fault,2,9,True,1.6781412784779477,0.6472140195656267,2.574811932823688,1,1,1
high_noise,fault,2,10,True,1.6643911897607073,0.6521859653160605,2.592220469885223,1,1,1
high_noise,fault,2,11,True,1.6834592134042932,0.6263621896571169,2.731474362408014,1,1,1
high_noise,fault,3,0,False,1.1977647880163007,0.4077407345655553,2.3778308802326524,0,0,0
high_noise,fault,3,1,False,1.102022746642366,0.39849941076440826,2.2885966117487504,0,0,0
high_noise,fault,3,2,False,1.1312146592060253,0.39598115157486685,2.3337213840305977,0,0,0
high_noise,fault,3,3,False,1.1514933181950138,0.4074265817184389,2.3681761205804586,0,0,0
high_noise,fault,3,4,True,1.6350125983755075,0.6318331316393723,2.6707259538365076,1,1,1
high_noise,fault,3,5,True,1.7073982287037672,0.6552309220983032,2.653856078057175,1,1,1
high_noise,fault,3,6,True,1.6958195753207745,0.6521789384862255,2.7234818249835238,1,1,1
high_noise,fault,3,7,True,1.6931323246483534,0.6493638065374887,2.6797451920549507,1,1,1
high_noise,fault,3,8,True,1.7004900900620978,0.634299851469764,2.676565977154021,1,1,1
high_noise,fault,3,9,True,1.6409857382496376,0.6182567222105322,2.6835658670669136,1,1,1
high_noise,fault,3,10,True,1.6714625549927828,0.6593331558106075,2.633967512714617,1,1,1
high_noise,fault,3,11,True,1.7576806498009874,0.6673285603054401,2.7770226949969126,1,1,1
high_noise,fault,4,0,False,1.1027629302339186,0.4060774574939374,2.2715037161324982,0,0,0
high_noise,fault,4,1,False,1.132128388770358,0.3952172294615744,2.313865548021526,0,0,0
high_noise,fault,4,2,False,1.1312215603979336,0.3993688599995112,2.359259465581143,0,0,0
high_noise,fault,4,3,False,1.1029709281172906,0.39396390619854155,2.344754235608646,0,0,0
high_noise,fault,4,4,True,1.6896976185709187,0.6300348921258945,2.6728814348042707,1,1,1
high_noise,fault,4,5,True,1.6829323634859132,0.630234291654837,2.741478717245889,1,1,1
high_noise,fault,4,6,True,1.7188476236795556,0.677880128976487,2.6637005363712127,1,1,1
high_noise,fault,4,7,True,1.6931323246483534,0.6493638065374887,2.6797451920549507,1,1,1
high_noise,fault,4,8,True,1.687942970667378,0.6409467490852179,2.651691605107624,1,1,1
high_noise,fault,4,9,True,1.6706553300310223,0.6144650302633351,2.6479973680584568,1,1,1
high_noise,fault,4,10,True,1.7213432586569792,0.6278448515223191,2.6883928940644317,1,1,1
high_noise,fault,4,11,True,1.6909281035390291,0.6426081732181288,2.6687649013467247,1,1,1
high_noise,fault,5,0,False,1.1616226804783087,0.40604379372962596,2.367639988212123,0,0,0
high_noise,fault,5,1,False,1.1294300725927922,0.39994073155961274,2.2717709288799073,0,0,0
high_noise,fault,5,2,False,1.1378759296463763,0.4092959161377354,2.293573903153281,0,0,0
high_noise,fault,5,3,False,1.1401380568680415,0.3962902980502935,2.3386317402030294,0,0,0
high_noise,fault,5,4,True,1.6501441846026808,0.6488796580504241,2.527240142048574,1,1,1
high_noise,fault,5,5,True,1.6771724679613826,0.6369382287874781,2.6924005812198835,1,1,1
high_noise,fault,5,6,True,1.6786875853306658,0.6469691543050821,2.624146760626815,1,1,1
high_noise,fault,5,7,True,1.6714625549927828,0.6593331558106075,2.633967512714617,1,1,1
high_noise,fault,5,8,True,1.6998661667975956,0.6378324336765522,2.706953535845383,1,1,1
high_noise,fault,5,9,True,1.7004900900620978,0.634299851469764,2.676565977154021,1,1,1
high_noise,fault,5,10,True,1.6598740999582788,0.6618966157344504,2.6200840146917246,1,1,1
high_noise,fault,5,11,True,1.6829422625763244,0.6661998862197247,2.718106155351583,1,1,1
high_noise,fault,6,0,False,1.1977647880163007,0.4077407345655553,2.3778308802326524,0,0,0
high_noise,fault,6,1,False,1.1011412915771255,0.39005345768192595,2.2607169067171577,0,0,0
high_noise,fault,6,2,False,1.1609127657156424,0.4000067735397815,2.3049499636444843,0,0,0
high_noise,fault,6,3,False,1.1144445054352763,0.4027200504215264,2.344896947858273,0,0,0
high_noise,fault,6,4,True,1.6570871680623354,0.644787007710646,2.62524023363741,1,1,1
high_noise,fault,6,5,True,1.6829323634859132,0.630234291654837,2.741478717245889,1,1,1
high_noise,fault,6,6,True,1.7493074316987216,0.6389589183622081,2.8309865198663933,1,1,1
high_noise,fault,6,7,True,1.6914197664718087,0.664962948162132,2.6235456228910756,1,1,1
high_noise,fault,6,8,True,1.7327631198130162,0.6567398110872041,2.715872035818632,1,1,1
high_noise,fault,6,9,True,1.6720901421143854,0.6336730294720824,2.6031962828226605,1,1,1
high_noise,fault,6,10,True,1.6386770824471235,0.63982164288014,2.605504946033401,1,1,1
high_noise,fault,6,11,True,1.7500871888242269,0.6343510668545045,2.8255966596923465,1,1,1
high_noise,fault,7,0,False,1.0799636690516663,0.4004133539468181,2.2450293455407593,0,0,0
high_noise,fault,7,1,False,1.1139983610928548,0.40545798716625553,2.211251583067932,0,0,0
high_noise,fault,7,2,False,1.1478192723150495,0.39126423157564144,2.377158840006027,0,0,0
high_noise,fault,7,3,False,1.1713421320809305,0.39570460052512574,2.311152040908002,0,0,0
high_noise,fault,7,4,True,1.6787521974022959,0.640039202216299,2.614672253614827,1,1,1
high_noise,fault,7,5,True,1.7075619670495903,0.6443058954129639,2.690318655036841,1,1,1
high_noise,fault,7,6,True,1.727442532603416,0.6701712957096468,2.756636611782801,1,1,1
high_noise,fault,7,7,True,1.687942970667378,0.6409467490852179,2.651691605107624,1,1,1
high_noise,fault,7,8,True,1.709313553017224,0.6713723063359284,2.675233918689875,1,1,1
high_noise,fault,7,9,True,1.723162086732016,0.6585494340269186,2.7522280670917407,1,1,1
high_noise,fault,7,10,True,1.6831647065634123,0.6600417776349327,2.5854520019109115,1,1,1
high_noise,fault,7,11,True,1.7327631198130162,0.6567398110872041,2.715872035818632,1,1,1
high_noise,fault,8,0,False,1.1059600547322685,0.3888335976814437,2.3785844323758942,0,0,0
high_noise,fault,8,1,False,1.132128388770358,0.3952172294615744,2.313865548021526,0,0,0
high_noise,fault,8,2,False,1.1735382808093817,0.3996292544192443,2.3565742433649173,0,0,0
high_noise,fault,8,3,False,1.1654666010045456,0.40010499716252873,2.3887829720168248,0,0,0
high_noise,fault,8,4,True,1.7073982287037672,0.6552309220983032,2.653856078057175,1,1,1
high_noise,fault,8,5,True,1.6740897644602206,0.6634462580770077,2.6255701778980596,1,1,1
high_noise,fault,8,6,True,1.7685346380612195,0.6367143100859232,2.854525400172287,1,1,1
high_noise,fault,8,7,True,1.7154644817403017,0.6573538075923612,2.718276383945993,1,1,1
high_noise,fault,8,8,True,1.6829422625763244,0.6661998862197247,2.718106155351583,1,1,1
high_noise,fault,8,9,True,1.6779386814647452,0.64664227759149,2.6718317473499313,1,1,1
high_noise,fault,8,10,True,1.6880578912180546,0.639156081474782,2.6765376525649516,1,1,1
high_noise,fault,8,11,True,1.6909281035390291,0.6426081732181288,2.6687649013467247,1,1,1
high_noise,fault,9,0,False,1.08601790390804,0.40567020803858184,2.2476073934054006,0,0,0
high_noise,fault,9,1,False,1.123572514334035,0.39066540240599834,2.271401862474781,0,0,0
high_noise,fault,9,2,False,1.1321586731101299,0.4024009600641843,2.345227109210816,0,0,0
high_noise,fault,9,3,False,1.1270831103888337,0.4028736218217656,2.413963421246911,0,0,0
high_noise,fault,9,4,True,1.691925051449747,0.6405400123449978,2.618265590881607,1,1,1
high_noise,fault,9,5,True,1.7500871888242269,0.6343510668545045,2.8255966596923465,1,1,1
high_noise,fault,9,6,True,1.6756390582921439,0.6200588508356082,2.6638966086478493,1,1,1
high_noise,fault,9,7,True,1.6718384986480639,0.6620086524294216,2.5736527027858935,1,1,1
high_noise,fault,9,8,True,1.714148582266728,0.631493844055746,2.7179937167928263,1,1,1
high_noise,fault,9,9,True,1.6816637120114535,0.6629207019689054,2.703712766636847,1,1,1
high_noise,fault,9,10,True,1.6501441846026808,0.6488796580504241,2.527240142048574,1,1,1
high_noise,fault,9,11,True,1.6643911897607073,0.6521859653160605,2.592220469885223,1,1,1
high_noise,fault,10,0,False,1.1478192723150495,0.39126423157564144,2.377158840006027,0,0,0
high_noise,fault,10,1,False,1.2081941037662902,0.4080171791815024,2.385062259730375,0,0,0
high_noise,fault,10,2,False,1.1146364850625305,0.39723331216886293,2.386006907419877,0,0,0
high_noise,fault,10,3,False,1.1609127657156424,0.4000067735397815,2.3049499636444843,0,0,0
high_noise,fault,10,4,True,1.6409857382496376,0.6182567222105322,2.6835658670669136,1,1,1
high_noise,fault,10,5,True,1.6761519152534727,0.62931906904756,2.677937893469883,1,1,1
high_noise,fault,10,6,True,1.6816637120114535,0.6629207019689054,2.703712766636847,1,1,1
high_noise,fault,10,7,True,1.6606626393911494,0.648554429851613,2.6339652291249562,1,1,1
high_noise,fault,10,8,True,1.7037586092584422,0.6736910137682739,2.5699998228202126,1,1,1
high_noise,fault,10,9,True,1.694068720531996,0.6730586725675131,2.6821430991249615,1,1,1
high_noise,fault,10,10,True,1.6779386814647452,0.64664227759149,2.6718317473499313,1,1,1
high_noise,fault,10,11,True,1.7576806498009874,0.6673285603054401,2.7770226949969126,1,1,1
high_noise,fault,11,0,False,1.1654666010045456,0.40010499716252873,2.3887829720168248,0,0,0
high_noise,fault,11,1,False,1.0839447221272913,0.3896511540028503,2.305956725699365,0,0,0
high_noise,fault,11,2,False,1.1666691470388328,0.407934666843547,2.3070287968106857,0,0,0
high_noise,fault,11,3,False,1.1616226804783087,0.40604379372962596,2.367639988212123,0,0,0
high_noise,fault,11,4,True,1.6706553300310223,0.6144650302633351,2.6479973680584568,1,1,1
high_noise,fault,11,5,True,1.6714625549927828,0.6593331558106075,2.633967512714617,1,1,1
high_noise,fault,11,6,True,1.674288884549437,0.6145996416719205,2.706735438105669,1,1,1
high_noise,fault,11,7,True,1.7228972915707612,0.6415682007547802,2.626274092904658,1,1,1
high_noise,fault,11,8,True,1.70054728812042,0.655490509147117,2.695920254783578,1,1,1
high_noise,fault,11,9,True,1.6829323634859132,0.630234291654837,2.741478717245889,1,1,1
high_noise,fault,11,10,True,1.7040927014443943,0.6474136305448005,2.669053201568461,1,1,1
high_noise,fault,11,11,True,1.6690315812885674,0.6336665381484414,2.578678438431462,1,1,1
high_noise,fault,12,0,False,1.1444634285138382,0.41319220039359167,2.310421270120435,0,0,0
high_noise,fault,12,1,False,1.2081941037662902,0.4080171791815024,2.385062259730375,0,0,0
high_noise,fault,12,2,False,1.1029709281172906,0.39396390619854155,2.344754235608646,0,0,0
high_noise,fault,12,3,False,1.1318070273888077,0.39568004854764915,2.3101379541382556,0,0,0
high_noise,fault,12,4,True,1.6529948008279798,0.6083571417692029,2.642038725301407,1,1,1
high_noise,fault,12,5,True,1.6914197664718087,0.664962948162132,2.6235456228910756,1,1,1
high_noise,fault,12,6,True,1.6524476031590736,0.627814866257355,2.62051970983339,1,1,1
high_noise,fault,12,7,True,1.677229268159828,0.6112804819890069,2.7253867572973207,1,1,1
high_noise,fault,12,8,True,1.7430915970636665,0.6584728902550236,2.6980459617283095,1,1,1
high_noise,fault,12,9,True,1.7515909556357818,0.6394097443245964,2.705113306880218,1,1,1
high_noise,fault,12,10,True,1.6784428361465968,0.6537076181225149,2.6133953701800574,1,1,1
high_noise,fault,12,11,True,1.7430915970636665,0.6584728902550236,2.6980459617283095,1,1,1
high_noise,fault,13,0,False,1.123572514334035,0.39066540240599834,2.271401862474781,0,0,0
high_noise,fault,13,1,False,1.1478192723150495,0.39126423157564144,2.377158840006027,0,0,0
high_noise,fault,13,2,False,1.111088220836042,0.3932192172572093,2.334146593331904,0,0,0
high_noise,fault,13,3,False,1.1270831103888337,0.4028736218217656,2.413963421246911,0,0,0
high_noise,fault,13,4,True,1.6690685858774852,0.6315590489186959,2.646693436940197,1,1,1
high_noise,fault,13,5,True,1.6546988102564641,0.6473613426355831,2.6057684935394807,1,1,1
high_noise,fault,13,6,True,1.6546988102564641,0.6473613426355831,2.6057684935394807,1,1,1
high_noise,fault,13,7,True,1.6885599086015528,0.6390670175079228,2.6611907137034336,1,1,1
high_noise,fault,13,8,True,1.7515909556357818,0.6394097443245964,2.705113306880218,1,1,1
high_noise,fault,13,9,True,1.6762269758170214,0.64030361310108,2.6904457015964645,1,1,1
high_noise,fault,13,10,True,1.7515909556357818,0.6394097443245964,2.705113306880218,1,1,1
high_noise,fault,13,11,True,1.7500871888242269,0.6343510668545045,2.8255966596923465,1,1,1
high_noise,fault,14,0,False,1.0457314036229177,0.38959951532863346,2.292526814137434,0,0,0
high_noise,fault,14,1,False,1.151620166998712,0.3980425711054597,2.382679735193422,0,0,0
high_noise,fault,14,2,False,1.102022746642366,0.39849941076440826,2.2885966117487504,0,0,0
high_noise,fault,14,3,False,1.0839447221272913,0.3896511540028503,2.305956725699365,0,0,0
high_noise,fault,14,4,True,1.691925051449747,0.6405400123449978,2.618265590881607,1,1,1
high_noise,fault,14,5,True,1.6834592134042932,0.6263621896571169,2.731474362408014,1,1,1
high_noise,fault,14,6,True,1.6958195753207745,0.6521789384862255,2.7234818249835238,1,1,1
high_noise,fault,14,7,True,1.6386770824471235,0.63982164288014,2.605504946033401,1,1,1
high_noise,fault,14,8,True,1.7075619670495903,0.6443058954129639,2.690318655036841,1,1,1
high_noise,fault,14,9,True,1.7327631198130162,0.6567398110872041,2.715872035818632,1,1,1
high_noise,fault,14,10,True,1.6580306556918283,0.6168488622110362,2.6359544751249104,1,1,1
high_noise,fault,14,11,True,1.7234155489638427,0.6254284459428715,2.6838969958260708,1,1,1
high_noise,fault,15,0,False,1.1175766974826102,0.39323184120601423,2.283870580138609,0,0,0
high_noise,fault,15,1,False,1.1235961656192663,0.400137579917713,2.267804309777661,0,0,0
high_noise,fault,15,2,False,1.0847357922120917,0.3984853199970495,2.2550395239876697,0,0,0
high_noise,fault,15,3,False,1.0936455413923116,0.3987440728402371,2.297193412531547,0,0,0
high_noise,fault,15,4,True,1.7349133050637549,0.6565781397025231,2.726343301435784,1,1,1
high_noise,fault,15,5,True,1.7213432586569792,0.6278448515223191,2.6883928940644317,1,1,1
high_noise,fault,15,6,True,1.6820267404821763,0.6175915220804499,2.6194400842544594,1,1,1
high_noise,fault,15,7,True,1.6811679664218595,0.6578026563302853,2.7315553562626245,1,1,1
high_noise,fault,15,8,True,1.6580306556918283,0.6168488622110362,2.6359544751249104,1,1,1
high_noise,fault,15,9,True,1.6762269758170214,0.64030361310108,2.6904457015964645,1,1,1
high_noise,fault,15,10,True,1.7026338065879016,0.6745238987304281,2.6584127258212495,1,1,1
high_noise,fault,15,11,True,1.712887677926497,0.6678355293519943,2.7141710277304707,1,1,1
load_change,healthy,1,0,False,0.6701907948254817,0.14445374813819586,1.9728691395185136,0,0,0
load_change,healthy,1,1,False,0.7458696210238044,0.1399023949471301,2.0691081620001057,0,0,0
load_change,healthy,1,2,False,0.5675412028453606,0.14306922919778264,1.9445030907907026,0,0,0
load_change,healthy,1,3,False,0.5046640503257772,0.1477801706942677,1.9033153078658338,0,0,0
load_change,healthy,1,4,False,0.5365888727268753,0.15266797134045362,1.900486542678305,0,0,0
load_change,healthy,1,5,False,0.3586406169190149,0.15289123160737322,1.8188943745340742,0,0,0
load_change,healthy,1,6,False,0.5212248020726671,0.14661099413026954,1.9165194553466336,0,0,0
load_change,healthy,1,7,False,0.39833443965563464,0.15436109700715098,1.817622079691665,0,0,0
load_change,healthy,1,8,False,0.45222578251677586,0.14486074925293488,1.8957057311975256,0,0,0
load_change,healthy,1,9,False,0.35413227020198035,0.14908263001514088,1.818349241442735,0,0,0
load_change,healthy,1,10,False,0.3579927826111211,0.15280765619733563,1.831193419315211,0,0,0
load_change,healthy,1,11,False,0.6829388951414744,0.14476900632608175,2.023442730935949,0,0,0
load_change,healthy,2,0,False,0.5700548225221853,0.14383662526888283,1.9628414569564925,0,0,0
load_change,healthy,2,1,False,0.7229252782292086,0.14143621091328226,2.0224891549888198,0,0,0
load_change,healthy,2,2,False,0.717651835620183,0.1479464748563584,1.9990949146605215,0,0,0
load_change,healthy,2,3,False,0.33508296536386617,0.15466585270305516,1.8267595211885965,0,0,0
load_change,healthy,2,4,False,0.45222578251677586,0.14486074925293488,1.8957057311975256,0,0,0
load_change,healthy,2,5,False,0.3586406169190149,0.15289123160737322,1.8188943745340742,0,0,0
load_change,healthy,2,6,False,0.3371884864839945,0.15227152997574273,1.8171448060892674,0,0,0
load_change,healthy,2,7,False,0.3971340232006216,0.15278969693871589,1.8314648705258876,0,0,0
load_change,healthy,2,8,False,0.7314938609599719,0.14475669252822393,2.088458478201599,0,0,0
load_change,healthy,2,9,False,0.5895109666950459,0.149872912175063,1.9223396738302008,0,0,0
load_change,healthy,2,10,False,0.5695751045282881,0.14127686803411732,1.9604072151959586,0,0,0
load_change,healthy,2,11,False,0.3858372145393112,0.15159148968913816,1.829215142699325,0,0,0
load_change,healthy,3,0,False,0.35395069057461365,0.15280213677022422,1.80582694668491,0,0,0
load_change,healthy,3,1,False,0.5843476525919205,0.1468516455906856,1.9184733742562263,0,0,0
load_change,healthy,3,2,False,0.4800457124798731,0.14479318479213066,1.875726758647324,0,0,0
load_change,healthy,3,3,False,0.3345439505649247,0.1534908675885259,1.818123394690587,0,0,0
load_change,healthy,3,4,False,0.35807040920198036,0.1559317378318852,1.8144496502327707,0,0,0
load_change,healthy,3,5,False,0.4800457124798731,0.14479318479213066,1.875726758647324,0,0,0
load_change,healthy,3,6,False,0.3345073384937588,0.15417746924792577,1.8288953435982571,0,0,0
load_change,healthy,3,7,False,0.6065591022748723,0.14153836126470243,1.9890383247706265,0,0,0
load_change,healthy,3,8,False,0.3335800331534343,0.1578504039422242,1.7867694368694573,0,0,0
load_change,healthy,3,9,False,0.5843476525919205,0.1468516455906856,1.9184733742562263,0,0,0
load_change,healthy,3,10,False,0.3858372145393112,0.15159148968913816,1.829215142699325,0,0,0
load_change,healthy,3,11,False,0.36779522627325945,0.15131996518004004,1.842799338346146,0,0,0
load_change,healthy,4,0,False,0.3371884864839945,0.15227152997574273,1.8171448060892674,0,0,0
load_change,healthy,4,1,False,0.5675412028453606,0.14306922919778264,1.9445030907907026,0,0,0
load_change,healthy,4,2,False,0.5593870356469851,0.1475818514618627,1.955440140452271,0,0,0
load_change,healthy,4,3,False,0.48474958898898457,0.1474392832712939,1.8787564550815627,0,0,0
load_change,healthy,4,4,False,0.3495152845517203,0.15330753074208453,1.8290897914426127,0,0,0
load_change,healthy,4,5,False,0.6065591022748723,0.14153836126470243,1.9890383247706265,0,0,0
load_change,healthy,4,6,False,0.3402764715948871,0.15450708332296142,1.8171119420750306,0,0,0
load_change,healthy,4,7,False,0.3642375824023821,0.15146246147017947,1.8178823030895976,0,0,0
load_change,healthy,4,8,False,0.41351687249848157,0.14409310005364057,1.8573009176418696,0,0,0
load_change,healthy,4,9,False,0.3579927826111211,0.15280765619733563,1.831193419315211,0,0,0
load_change,healthy,4,10,False,0.3360131055417708,0.16055976913884185,1.8104664415758471,0,0,0
load_change,healthy,4,11,False,0.4737346023080388,0.14465556323463585,1.8461597469989581,0,0,0
load_change,healthy,5,0,False,0.35395069057461365,0.15280213677022422,1.80582694668491,0,0,0
load_change,healthy,5,1,False,0.315369587879859,0.1574015808117866,1.788885047353326,0,0,0
load_change,healthy,5,2,False,0.48516450750342005,0.15119718259259582,1.8771697615414993,0,0,0
load_change,healthy,5,3,False,0.41700192975320327,0.14599168642409993,1.8779790339760005,0,0,0
load_change,healthy,5,4,False,0.3679459284726249,0.15657884553326634,1.840542822177134,0,0,0
load_change,healthy,5,5,False,0.602471427225441,0.14738402397764166,1.9892486126271796,0,0,0
load_change,healthy,5,6,False,0.35395069057461365,0.15280213677022422,1.80582694668491,0,0,0
load_change,healthy,5,7,False,0.5843476525919205,0.1468516455906856,1.9184733742562263,0,0,0
load_change,healthy,5,8,False,0.3345439505649247,0.1534908675885259,1.818123394690587,0,0,0
load_change,healthy,5,9,False,0.3222108916377381,0.15187081423024537,1.822318540440766,0,0,0
load_change,healthy,5,10,False,0.41700192975320327,0.14599168642409993,1.8779790339760005,0,0,0
load_change,healthy,5,11,False,0.3586406169190149,0.15289123160737322,1.8188943745340742,0,0,0
load_change,healthy,6,0,False,0.6301043629622365,0.14384645651898356,1.9835703807891376,0,0,0
load_change,healthy,6,1,False,0.4650623856604486,0.15129000195748266,1.8929553647989106,0,0,0
load_change,healthy,6,2,False,0.39608011727876297,0.15409341029278725,1.8370005955066457,0,0,0
load_change,healthy,6,3,False,0.33004521111292473,0.15606291063379932,1.797021139435049,0,0,0
load_change,healthy,6,4,False,0.7096155459174349,0.14403749602782398,2.041508160831912,0,0,0
load_change,healthy,6,5,False,0.42396625480465855,0.14784633533412966,1.8534922815293635,0,0,0
load_change,healthy,6,6,False,0.5828394338511618,0.1462514941532381,1.9410738952602555,0,0,0
load_change,healthy,6,7,False,0.5843476525919205,0.1468516455906856,1.9184733742562263,0,0,0
load_change,healthy,6,8,False,0.389215431748982,0.14922782190634432,1.8303212136407314,0,0,0
load_change,healthy,6,9,False,0.3406533874488689,0.1542345291323051,1.8274889827287186,0,0,0
load_change,healthy,6,10,False,0.32537778604361983,0.15473222889426338,1.797464336437612,0,0,0
load_change,healthy,6,11,False,0.3371884864839945,0.15227152997574273,1.8171448060892674,0,0,0
load_change,healthy,7,0,False,0.39306089767301333,0.15155593639844453,1.8571787684262027,0,0,0
load_change,healthy,7,1,False,0.7229252782292086,0.14143621091328226,2.0224891549888198,0,0,0
load_change,healthy,7,2,False,0.7238760843850969,0.14905243601658874,2.0347823998972605,0,0,0
load_change,healthy,7,3,False,0.3411884818426991,0.15052938556108017,1.8105831430049477,0,0,0
load_change,healthy,7,4,False,0.39833443965563464,0.15436109700715098,1.817622079691665,0,0,0
load_change,healthy,7,5,False,0.3642375824023821,0.15146246147017947,1.8178823030895976,0,0,0
load_change,healthy,7,6,False,0.389215431748982,0.14922782190634432,1.8303212136407314,0,0,0
load_change,healthy,7,7,False,0.3335800331534343,0.1578504039422242,1.7867694368694573,0,0,0
load_change,healthy,7,8,False,0.3642375824023821,0.15146246147017947,1.8178823030895976,0,0,0
load_change,healthy,7,9,False,0.45871691555500305,0.15273161257266663,1.8628234245893958,0,0,0
load_change,healthy,7,10,False,0.3406533874488689,0.1542345291323051,1.8274889827287186,0,0,0
load_change,healthy,7,11,False,0.315369587879859,0.1574015808117866,1.788885047353326,0,0,0
load_change,healthy,8,0,False,0.41351687249848157,0.14409310005364057,1.8573009176418696,0,0,0
load_change,healthy,8,1,False,0.31793751705742357,0.15637937072804436,1.8273386116964547,0,0,0
load_change,healthy,8,2,False,0.5700548225221853,0.14383662526888283,1.9628414569564925,0,0,0
load_change,healthy,8,3,False,0.3187757327709105,0.1566403237166365,1.8144087421602038,0,0,0
load_change,healthy,8,4,False,0.4136582958442086,0.150507263494659,1.849330659818854,0,0,0
load_change,healthy,8,5,False,0.7478787120077994,0.15097399585977606,2.040613282107657,0,0,0
load_change,healthy,8,6,False,0.33628062641395173,0.1562442796018216,1.8146790054048842,0,0,0
load_change,healthy,8,7,False,0.7096155459174349,0.14403749602782398,2.041508160831912,0,0,0
load_change,healthy,8,8,False,0.4363434145433994,0.15380057906074204,1.8646267246835362,0,0,0
load_change,healthy,8,9,False,0.7229252782292086,0.14143621091328226,2.0224891549888198,0,0,0
load_change,healthy,8,10,False,0.6537547503873959,0.1426220438709218,1.9651626911252973,0,0,0
load_change,healthy,8,11,False,0.4657479849851954,0.14291507423015418,1.875436795691911,0,0,0
load_change,healthy,9,0,False,0.5046640503257772,0.1477801706942677,1.9033153078658338,0,0,0
load_change,healthy,9,1,False,0.5574631979521135,0.14638714030942676,1.9259149098799508,0,0,0
load_change,healthy,9,2,False,0.3571423132053022,0.15169811234772132,1.8609571603359611,0,0,0
load_change,healthy,9,3,False,0.4650623856604486,0.15129000195748266,1.8929553647989106,0,0,0
load_change,healthy,9,4,False,0.33571695552357034,0.15086650449249375,1.8463487401429648,0,0,0
load_change,healthy,9,5,False,0.35413227020198035,0.14908263001514088,1.818349241442735,0,0,0
load_change,healthy,9,6,False,0.36779522627325945,0.15131996518004004,1.842799338346146,0,0,0
load_change,healthy,9,7,False,0.3406533874488689,0.1542345291323051,1.8274889827287186,0,0,0
load_change,healthy,9,8,False,0.3586406169190149,0.15289123160737322,1.8188943745340742,0,0,0
load_change,healthy,9,9,False,0.4854116496345011,0.1450838039660612,1.9083184554506767,0,0,0
load_change,healthy,9,10,False,0.6870426903724116,0.1429522969177814,2.0304134668283735,0,0,0
load_change,healthy,9,11,False,0.41700192975320327,0.14599168642409993,1.8779790339760005,0,0,0
load_change,healthy,10,0,False,0.48516450750342005,0.15119718259259582,1.8771697615414993,0,0,0
load_change,healthy,10,1,False,0.7294746540349298,0.1482696256196566,2.033907999184584,0,0,0
load_change,healthy,10,2,False,0.3836640060838998,0.14837668157597433,1.8376737840835222,0,0,0
load_change,healthy,10,3,False,0.3247087342283699,0.15644928370770678,1.7897768246418393,0,0,0
load_change,healthy,10,4,False,0.3406533874488689,0.1542345291323051,1.8274889827287186,0,0,0
load_change,healthy,10,5,False,0.3287711725046927,0.15687230372368496,1.7992195578583619,0,0,0
load_change,healthy,10,6,False,0.4085290483995036,0.15320710189483652,1.8412557039864603,0,0,0
load_change,healthy,10,7,False,0.5700548225221853,0.14383662526888283,1.9628414569564925,0,0,0
load_change,healthy,10,8,False,0.5408768374927285,0.14546784261810417,1.929398483664725,0,0,0
load_change,healthy,10,9,False,0.3406533874488689,0.1542345291323051,1.8274889827287186,0,0,0
load_change,healthy,10,10,False,0.7294746540349298,0.1482696256196566,2.033907999184584,0,0,0
load_change,healthy,10,11,False,0.41700192975320327,0.14599168642409993,1.8779790339760005,0,0,0
load_change,healthy,11,0,False,0.5247816214697631,0.1507563218270596,1.8929365594896723,0,0,0
load_change,healthy,11,1,False,0.4100776099234607,0.14953695123129876,1.8680029824842028,0,0,0
load_change,healthy,11,2,False,0.3971340232006216,0.15278969693871589,1.8314648705258876,0,0,0
load_change,healthy,11,3,False,0.562162581571034,0.1449832799435982,1.9446379738133777,0,0,0
load_change,healthy,11,4,False,0.3858372145393112,0.15159148968913816,1.829215142699325,0,0,0
load_change,healthy,11,5,False,0.4737346023080388,0.14465556323463585,1.8461597469989581,0,0,0
load_change,healthy,11,6,False,0.7478787120077994,0.15097399585977606,2.040613282107657,0,0,0
load_change,healthy,11,7,False,0.4854116496345011,0.1450838039660612,1.9083184554506767,0,0,0
load_change,healthy,11,8,False,0.38570057550510783,0.14673419091688217,1.849851623066703,0,0,0
load_change,healthy,11,9,False,0.33508296536386617,0.15466585270305516,1.8267595211885965,0,0,0
load_change,healthy,11,10,False,0.6069935440587096,0.14387017983244005,1.9651535835120197,0,0,0
load_change,healthy,11,11,False,0.6829388951414744,0.14476900632608175,2.023442730935949,0,0,0
load_change,healthy,12,0,False,0.3126939249354931,0.152842328268634,1.8094844332240805,0,0,0
load_change,healthy,12,1,False,0.3406533874488689,0.1542345291323051,1.8274889827287186,0,0,0
load_change,healthy,12,2,False,0.6131845100521123,0.14860954242507016,1.9560073602306642,0,0,0
load_change,healthy,12,3,False,0.5895109666950459,0.149872912175063,1.9223396738302008,0,0,0
load_change,healthy,12,4,False,0.3222108916377381,0.15187081423024537,1.822318540440766,0,0,0
load_change,healthy,12,5,False,0.3371884864839945,0.15227152997574273,1.8171448060892674,0,0,0
load_change,healthy,12,6,False,0.4800457124798731,0.14479318479213066,1.875726758647324,0,0,0
load_change,healthy,12,7,False,0.36779522627325945,0.15131996518004004,1.842799338346146,0,0,0
load_change,healthy,12,8,False,0.4363434145433994,0.15380057906074204,1.8646267246835362,0,0,0
load_change,healthy,12,9,False,0.717651835620183,0.1479464748563584,1.9990949146605215,0,0,0
load_change,healthy,12,10,False,0.3205289572879013,0.15088190056938253,1.7900077587505594,0,0,0
load_change,healthy,12,11,False,0.5695751045282881,0.14127686803411732,1.9604072151959586,0,0,0
load_change,healthy,13,0,False,0.42396625480465855,0.14784633533412966,1.8534922815293635,0,0,0
load_change,healthy,13,1,False,0.7229252782292086,0.14143621091328226,2.0224891549888198,0,0,0
load_change,healthy,13,2,False,0.4136582958442086,0.150507263494659,1.849330659818854,0,0,0
load_change,healthy,13,3,False,0.5003494974970563,0.14760707601340467,1.9051654530679674,0,0,0
load_change,healthy,13,4,False,0.4405221719168279,0.148814252038318,1.877508228878495,0,0,0
load_change,healthy,13,5,False,0.3571423132053022,0.15169811234772132,1.8609571603359611,0,0,0
load_change,healthy,13,6,False,0.5700548225221853,0.14383662526888283,1.9628414569564925,0,0,0
load_change,healthy,13,7,False,0.33571695552357034,0.15086650449249375,1.8463487401429648,0,0,0
load_change,healthy,13,8,False,0.4737346023080388,0.14465556323463585,1.8461597469989581,0,0,0
load_change,healthy,13,9,False,0.48474958898898457,0.1474392832712939,1.8787564550815627,0,0,0
load_change,healthy,13,10,False,0.39833443965563464,0.15436109700715098,1.817622079691665,0,0,0
load_change,healthy,13,11,False,0.35395069057461365,0.15280213677022422,1.80582694668491,0,0,0
load_change,healthy,14,0,False,0.315369587879859,0.1574015808117866,1.788885047353326,0,0,0
load_change,healthy,14,1,False,0.4363434145433994,0.15380057906074204,1.8646267246835362,0,0,0
load_change,healthy,14,2,False,0.45571725900282883,0.14444352944239938,1.90064912351054,0,0,0
load_change,healthy,14,3,False,0.41700192975320327,0.14599168642409993,1.8779790339760005,0,0,0
load_change,healthy,14,4,False,0.3586406169190149,0.15289123160737322,1.8188943745340742,0,0,0
load_change,healthy,14,5,False,0.36779522627325945,0.15131996518004004,1.842799338346146,0,0,0
load_change,healthy,14,6,False,0.5003494974970563,0.14760707601340467,1.9051654530679674,0,0,0
load_change,healthy,14,7,False,0.389215431748982,0.14922782190634432,1.8303212136407314,0,0,0
load_change,healthy,14,8,False,0.35395069057461365,0.15280213677022422,1.80582694668491,0,0,0
load_change,healthy,14,9,False,0.7294746540349298,0.1482696256196566,2.033907999184584,0,0,0
load_change,healthy,14,10,False,0.3318517353924435,0.153582564581259,1.8316398256291566,0,0,0
load_change,healthy,14,11,False,0.6069935440587096,0.14387017983244005,1.9651535835120197,0,0,0
load_change,healthy,15,0,False,0.3586406169190149,0.15289123160737322,1.8188943745340742,0,0,0
load_change,healthy,15,1,False,0.39608011727876297,0.15409341029278725,1.8370005955066457,0,0,0
load_change,healthy,15,2,False,0.35247444246139586,0.14993863904696655,1.8273414747325352,0,0,0
load_change,healthy,15,3,False,0.33571695552357034,0.15086650449249375,1.8463487401429648,0,0,0
load_change,healthy,15,4,False,0.5695751045282881,0.14127686803411732,1.9604072151959586,0,0,0
load_change,healthy,15,5,False,0.41700192975320327,0.14599168642409993,1.8779790339760005,0,0,0
load_change,healthy,15,6,False,0.4100776099234607,0.14953695123129876,1.8680029824842028,0,0,0
load_change,healthy,15,7,False,0.39306089767301333,0.15155593639844453,1.8571787684262027,0,0,0
load_change,healthy,15,8,False,0.6537547503873959,0.1426220438709218,1.9651626911252973,0,0,0
load_change,healthy,15,9,False,0.6711298212620463,0.144982766995716,1.9733523495119816,0,0,0
load_change,healthy,15,10,False,0.3836640060838998,0.14837668157597433,1.8376737840835222,0,0,0
load_change,healthy,15,11,False,0.6131845100521123,0.14860954242507016,1.9560073602306642,0,0,0
load_change,fault,1,0,False,0.5675412028453606,0.14306922919778264,1.9445030907907026,0,0,0
load_change,fault,1,1,False,0.7238760843850969,0.14905243601658874,2.0347823998972605,0,0,0
load_change,fault,1,2,False,0.4136582958442086,0.150507263494659,1.849330659818854,0,0,0
load_change,fault,1,3,False,0.4606302574971559,0.14813265744404022,1.8817913954461092,0,0,0
load_change,fault,1,4,True,1.4834288106170004,0.44996884745683646,2.534344063300295,1,1,1
load_change,fault,1,5,True,1.4519450182360318,0.7010666624764882,2.519390399997684,1,1,1
load_change,fault,1,6,True,1.4667996859759855,0.7304576919880632,2.4955567689225973,1,1,1
load_change,fault,1,7,True,1.481061001102969,0.6389131752320807,2.501065501186182,1,1,1
load_change,fault,1,8,True,1.538460751864084,0.4321091923359216,2.6361098178041,1,1,1
load_change,fault,1,9,True,1.5559539289675153,0.34620569293070297,2.5927677149791597,1,0,0
load_change,fault,1,10,True,1.538460751864084,0.4321091923359216,2.6361098178041,1,1,1
load_change,fault,1,11,True,1.465241437899093,0.35441678130217896,2.517215995518294,1,0,0
load_change,fault,2,0,False,0.45871691555500305,0.15273161257266663,1.8628234245893958,0,0,0
load_change,fault,2,1,False,0.39608011727876297,0.15409341029278725,1.8370005955066457,0,0,0
load_change,fault,2,2,False,0.5675412028453606,0.14306922919778264,1.9445030907907026,0,0,0
load_change,fault,2,3,False,0.3406533874488689,0.1542345291323051,1.8274889827287186,0,0,0
load_change,fault,2,4,True,1.5320281779964269,0.4393589034288836,2.5868653953711864,1,1,1
load_change,fault,2,5,True,1.4345946729809058,0.6117494337166853,2.430673307981295,1,1,1
load_change,fault,2,6,True,1.5547195259521576,0.3507908512854129,2.6453806742648465,1,0,0
load_change,fault,2,7,True,1.481061001102969,0.6389131752320807,2.501065501186182,1,1,1
load_change,fault,2,8,True,1.4589998613348725,0.6104125313263076,2.456782494470077,1,1,1
load_change,fault,2,9,True,1.4558249763269726,0.7143540279277276,2.4623531905750484,1,1,1
load_change,fault,2,10,True,1.468556955523412,0.5605394582850168,2.5346017613231875,1,1,1
load_change,fault,2,11,True,1.4968018984827982,0.5756706410634358,2.5180403775863414,1,1,1
load_change,fault,3,0,False,0.5700548225221853,0.14383662526888283,1.9628414569564925,0,0,0
load_change,fault,3,1,False,0.7096155459174349,0.14403749602782398,2.041508160831912,0,0,0
load_change,fault,3,2,False,0.7478787120077994,0.15097399585977606,2.040613282107657,0,0,0
load_change,fault,3,3,False,0.33847000577291025,0.15492383120450567,1.8408210446854771,0,0,0
load_change,fault,3,4,True,1.4956196062612315,0.7167500322108449,2.5262265819040444,1,1,1
load_change,fault,3,5,True,1.440866959617054,0.7122681550702941,2.4416011517345333,1,1,1
load_change,fault,3,6,True,1.4285981165755917,0.7312286827103506,2.5053785037137652,1,1,1
load_change,fault,3,7,True,1.5102505610889132,0.3127870555607029,2.5070397527251105,1,0,0
load_change,fault,3,8,True,1.4285981165755917,0.7312286827103506,2.5053785037137652,1,1,1
load_change,fault,3,9,True,1.4819362953033948,0.7112542250778867,2.5461872986949072,1,1,1
load_change,fault,3,10,True,1.526899364352612,0.430301604390022,2.615800701397295,1,1,1
load_change,fault,3,11,True,1.5915211271000247,0.3318749589699838,2.578226772293342,1,0,0
load_change,fault,4,0,False,0.33004521111292473,0.15606291063379932,1.797021139435049,0,0,0
load_change,fault,4,1,False,0.3642375824023821,0.15146246147017947,1.8178823030895976,0,0,0
load_change,fault,4,2,False,0.5700548225221853,0.14383662526888283,1.9628414569564925,0,0,0
load_change,fault,4,3,False,0.32854562077653265,0.15606723833906094,1.8169228725996267,0,0,0
load_change,fault,4,4,True,1.4595053291448241,0.6766760675328476,2.5014946772362507,1,1,1
load_change,fault,4,5,True,1.4693872676098618,0.731968597630651,2.542780551447188,1,1,1
load_change,fault,4,6,True,1.469847756967963,0.5909807624178844,2.5131996529082823,1,1,1
load_change,fault,4,7,True,1.4425744337754256,0.6693465639043079,2.453583845850198,1,1,1
load_change,fault,4,8,True,1.478012718142337,0.41108784819940725,2.477521882194151,1,1,1
load_change,fault,4,9,True,1.481061001102969,0.6389131752320807,2.501065501186182,1,1,1
load_change,fault,4,10,True,1.5416248069016263,0.3701706566769495,2.6222449940886574,1,0,0
load_change,fault,4,11,True,1.440866959617054,0.7122681550702941,2.4416011517345333,1,1,1
load_change,fault,5,0,False,0.45222578251677586,0.14486074925293488,1.8957057311975256,0,0,0
load_change,fault,5,1,False,0.5365888727268753,0.15266797134045362,1.900486542678305,0,0,0
load_change,fault,5,2,False,0.3360131055417708,0.16055976913884185,1.8104664415758471,0,0,0
load_change,fault,5,3,False,0.35807040920198036,0.1559317378318852,1.8144496502327707,0,0,0
load_change,fault,5,4,True,1.4464977440638676,0.630002568002836,2.4437179726246128,1,1,1
load_change,fault,5,5,True,1.4285981165755917,0.7312286827103506,2.5053785037137652,1,1,1
load_change,fault,5,6,True,1.5052755858732079,0.4230307174424761,2.5591123450437965,1,1,1
load_change,fault,5,7,True,1.4667996859759855,0.7304576919880632,2.4955567689225973,1,1,1
load_change,fault,5,8,True,1.4898585589356992,0.6132641640204045,2.4920732891826125,1,1,1
load_change,fault,5,9,True,1.5052755858732079,0.4230307174424761,2.5591123450437965,1,1,1
load_change,fault,5,10,True,1.499862153752112,0.6352501234377789,2.5441741111750678,1,1,1
load_change,fault,5,11,True,1.4631296428342309,0.5304716487583468,2.5113392125653613,1,1,1
load_change,fault,6,0,False,0.5924335102010887,0.14693355167969663,1.9296062698434913,0,0,0
load_change,fault,6,1,False,0.33628062641395173,0.1562442796018216,1.8146790054048842,0,0,0
load_change,fault,6,2,False,0.3586406169190149,0.15289123160737322,1.8188943745340742,0,0,0
load_change,fault,6,3,False,0.7478787120077994,0.15097399585977606,2.040613282107657,0,0,0
load_change,fault,6,4,True,1.522620819482323,0.3894977359438458,2.507301915291035,1,0,0
load_change,fault,6,5,True,1.5335435435724303,0.4414840242981189,2.6047911299446826,1,1,1
load_change,fault,6,6,True,1.4653437287922961,0.5262220333628894,2.4828516366848983,1,1,1
load_change,fault,6,7,True,1.5041214251758142,0.33183918453923794,2.517361700083126,1,0,0
load_change,fault,6,8,True,1.5094671960317965,0.4238598912485755,2.5319191202287374,1,1,1
load_change,fault,6,9,True,1.511971098199442,0.42265725844025737,2.52930815368118,1,1,1
load_change,fault,6,10,True,1.4440681214424291,0.4947182398858369,2.435935389765166,1,1,1
load_change,fault,6,11,True,1.4795885347643951,0.4517896477503353,2.4941103625658507,1,1,1
load_change,fault,7,0,False,0.5212248020726671,0.14661099413026954,1.9165194553466336,0,0,0
load_change,fault,7,1,False,0.328533270969163,0.15429778358222557,1.8204307627745338,0,0,0
load_change,fault,7,2,False,0.5574631979521135,0.14638714030942676,1.9259149098799508,0,0,0
load_change,fault,7,3,False,0.45571725900282883,0.14444352944239938,1.90064912351054,0,0,0
load_change,fault,7,4,True,1.5442278506706761,0.36753592526389367,2.5691497811362543,1,0,0
load_change,fault,7,5,True,1.5559539289675153,0.34620569293070297,2.5927677149791597,1,0,0
load_change,fault,7,6,True,1.5094671960317965,0.4238598912485755,2.5319191202287374,1,1,1
load_change,fault,7,7,True,1.5063379028375512,0.3453181766379213,2.49826690709338,1,0,0
load_change,fault,7,8,True,1.453519490629039,0.4400660475588672,2.4729326886571847,1,1,1
load_change,fault,7,9,True,1.5785626890504953,0.3399739495109262,2.6762227464349553,1,0,0
load_change,fault,7,10,True,1.5063379028375512,0.3453181766379213,2.49826690709338,1,0,0
load_change,fault,7,11,True,1.4693872676098618,0.731968597630651,2.542780551447188,1,1,1
load_change,fault,8,0,False,0.47039363239163384,0.14303829241853985,1.899850956554893,0,0,0
load_change,fault,8,1,False,0.32854562077653265,0.15606723833906094,1.8169228725996267,0,0,0
load_change,fault,8,2,False,0.5828394338511618,0.1462514941532381,1.9410738952602555,0,0,0
load_change,fault,8,3,False,0.5675412028453606,0.14306922919778264,1.9445030907907026,0,0,0
load_change,fault,8,4,True,1.490575994581362,0.5875862969112148,2.554574779581502,1,1,1
load_change,fault,8,5,True,1.4408543252158363,0.6279267731605835,2.5050323159243684,1,1,1
load_change,fault,8,6,True,1.5094671960317965,0.4238598912485755,2.5319191202287374,1,1,1
load_change,fault,8,7,True,1.4854517643536909,0.5654131421659452,2.5229430135696798,1,1,1
load_change,fault,8,8,True,1.4879732191915507,0.5326900579170847,2.546716315186777,1,1,1
load_change,fault,8,9,True,1.5559539289675153,0.34620569293070297,2.5927677149791597,1,0,0
load_change,fault,8,10,True,1.4544927798868532,0.7094984828955222,2.5097411396507106,1,1,1
load_change,fault,8,11,True,1.4801204742258294,0.6275880090478353,2.5209750353042373,1,1,1
load_change,fault,9,0,False,0.3411884818426991,0.15052938556108017,1.8105831430049477,0,0,0
load_change,fault,9,1,False,0.48516450750342005,0.15119718259259582,1.8771697615414993,0,0,0
load_change,fault,9,2,False,0.39833443965563464,0.15436109700715098,1.817622079691665,0,0,0
load_change,fault,9,3,False,0.4967672351374862,0.14362852192195988,1.904556601446995,0,0,0
load_change,fault,9,4,True,1.4327347083736752,0.565218621368751,2.440944535704681,1,1,1
load_change,fault,9,5,True,1.537634415063585,0.3076527755548887,2.6023588237862283,1,0,0
load_change,fault,9,6,True,1.4849752240719778,0.5016549540199109,2.5223426975257053,1,1,1
load_change,fault,9,7,True,1.5171302692411615,0.41788097105466393,2.568521032881129,1,1,1
load_change,fault,9,8,True,1.4911276574274008,0.682640421659785,2.5559821080379104,1,1,1
load_change,fault,9,9,True,1.411020382469001,0.6098980592206794,2.431744145803024,1,1,1
load_change,fault,9,10,True,1.4631296428342309,0.5304716487583468,2.5113392125653613,1,1,1
load_change,fault,9,11,True,1.4607863356847883,0.7170434643458454,2.462458502004201,1,1,1
load_change,fault,10,0,False,0.4606302574971559,0.14813265744404022,1.8817913954461092,0,0,0
load_change,fault,10,1,False,0.42396625480465855,0.14784633533412966,1.8534922815293635,0,0,0
load_change,fault,10,2,False,0.5700548225221853,0.14383662526888283,1.9628414569564925,0,0,0
load_change,fault,10,3,False,0.5700548225221853,0.14383662526888283,1.9628414569564925,0,0,0
load_change,fault,10,4,True,1.4417553622758947,0.7110529040612381,2.4810350945056134,1,1,1
load_change,fault,10,5,True,1.4464794102932312,0.4599743966420519,2.4701694246418544,1,1,1
load_change,fault,10,6,True,1.522620819482323,0.3894977359438458,2.507301915291035,1,0,0
load_change,fault,10,7,True,1.5442278506706761,0.36753592526389367,2.5691497811362543,1,0,0
load_change,fault,10,8,True,1.4589998613348725,0.6104125313263076,2.456782494470077,1,1,1
load_change,fault,10,9,True,1.4653437287922961,0.5262220333628894,2.4828516366848983,1,1,1
load_change,fault,10,10,True,1.481061001102969,0.6389131752320807,2.501065501186182,1,1,1
load_change,fault,10,11,True,1.4711229686036853,0.6903950764723426,2.5455348271978435,1,1,1
load_change,fault,11,0,False,0.5593870356469851,0.1475818514618627,1.955440140452271,0,0,0
load_change,fault,11,1,False,0.48474958898898457,0.1474392832712939,1.8787564550815627,0,0,0
load_change,fault,11,2,False,0.34120947461503803,0.15715848748963313,1.8227073173097508,0,0,0
load_change,fault,11,3,False,0.5895109666950459,0.149872912175063,1.9223396738302008,0,0,0
load_change,fault,11,4,True,1.4340179803981103,0.7209456584447057,2.5055397743337253,1,1,1
load_change,fault,11,5,True,1.4408543252158363,0.6279267731605835,2.5050323159243684,1,1,1
load_change,fault,11,6,True,1.4801204742258294,0.6275880090478353,2.5209750353042373,1,1,1
load_change,fault,11,7,True,1.465241437899093,0.35441678130217896,2.517215995518294,1,0,0
load_change,fault,11,8,True,1.490831426844409,0.5281179826612995,2.524453029171984,1,1,1
load_change,fault,11,9,True,1.5054339810480548,0.36732168932136183,2.526538781373586,1,0,0
load_change,fault,11,10,True,1.5054339810480548,0.36732168932136183,2.526538781373586,1,0,0
load_change,fault,11,11,True,1.4589738193661184,0.5013163619252416,2.5318085213586445,1,1,1
load_change,fault,12,0,False,0.3222108916377381,0.15187081423024537,1.822318540440766,0,0,0
load_change,fault,12,1,False,0.3538294963461082,0.15285459086872796,1.8363788619813919,0,0,0
load_change,fault,12,2,False,0.3247087342283699,0.15644928370770678,1.7897768246418393,0,0,0
load_change,fault,12,3,False,0.5675412028453606,0.14306922919778264,1.9445030907907026,0,0,0
load_change,fault,12,4,True,1.5302797473049754,0.3359363709888358,2.556013555515646,1,0,0
load_change,fault,12,5,True,1.4834288106170004,0.44996884745683646,2.534344063300295,1,1,1
load_change,fault,12,6,True,1.4795885347643951,0.4517896477503353,2.4941103625658507,1,1,1
load_change,fault,12,7,True,1.424674495130476,0.5426034029071419,2.532594891594632,1,1,1
load_change,fault,12,8,True,1.4873436194990521,0.5443756686534199,2.460551844172828,1,1,1
load_change,fault,12,9,True,1.5320281779964269,0.4393589034288836,2.5868653953711864,1,1,1
load_change,fault,12,10,True,1.4711229686036853,0.6903950764723426,2.5455348271978435,1,1,1
load_change,fault,12,11,True,1.4519450182360318,0.7010666624764882,2.519390399997684,1,1,1
load_change,fault,13,0,False,0.3679459284726249,0.15657884553326634,1.840542822177134,0,0,0
load_change,fault,13,1,False,0.5695751045282881,0.14127686803411732,1.9604072151959586,0,0,0
load_change,fault,13,2,False,0.5588786908226812,0.14470145904355539,1.9105395850851332,0,0,0
load_change,fault,13,3,False,0.717651835620183,0.1479464748563584,1.9990949146605215,0,0,0
load_change,fault,13,4,True,1.5102505610889132,0.3127870555607029,2.5070397527251105,1,0,0
load_change,fault,13,5,True,1.486704110822258,0.5417891774835139,2.5185181021243075,1,1,1
load_change,fault,13,6,True,1.461320774627566,0.457954201220574,2.518794365478492,1,1,1
load_change,fault,13,7,True,1.468556955523412,0.5605394582850168,2.5346017613231875,1,1,1
load_change,fault,13,8,True,1.4222768873332392,0.5833667370833788,2.450416954563103,1,1,1
load_change,fault,13,9,True,1.499862153752112,0.6352501234377789,2.5441741111750678,1,1,1
load_change,fault,13,10,True,1.502341386881004,0.40081799596958184,2.6110596203703214,1,0,0
load_change,fault,13,11,True,1.4820294614149654,0.6951722161101291,2.5094621141559235,1,1,1
load_change,fault,14,0,False,0.4405221719168279,0.148814252038318,1.877508228878495,0,0,0
load_change,fault,14,1,False,0.7294746540349298,0.1482696256196566,2.033907999184584,0,0,0
load_change,fault,14,2,False,0.45222578251677586,0.14486074925293488,1.8957057311975256,0,0,0
load_change,fault,14,3,False,0.4363434145433994,0.15380057906074204,1.8646267246835362,0,0,0
load_change,fault,14,4,True,1.4607863356847883,0.7170434643458454,2.462458502004201,1,1,1
load_change,fault,14,5,True,1.4345946729809058,0.6117494337166853,2.430673307981295,1,1,1
load_change,fault,14,6,True,1.4820294614149654,0.6951722161101291,2.5094621141559235,1,1,1
load_change,fault,14,7,True,1.5785626890504953,0.3399739495109262,2.6762227464349553,1,0,0
load_change,fault,14,8,True,1.4834288106170004,0.44996884745683646,2.534344063300295,1,1,1
load_change,fault,14,9,True,1.4440681214424291,0.4947182398858369,2.435935389765166,1,1,1
load_change,fault,14,10,True,1.4464977440638676,0.630002568002836,2.4437179726246128,1,1,1
load_change,fault,14,11,True,1.5054339810480548,0.36732168932136183,2.526538781373586,1,0,0
load_change,fault,15,0,False,0.3679459284726249,0.15657884553326634,1.840542822177134,0,0,0
load_change,fault,15,1,False,0.5843476525919205,0.1468516455906856,1.9184733742562263,0,0,0
load_change,fault,15,2,False,0.3345073384937588,0.15417746924792577,1.8288953435982571,0,0,0
load_change,fault,15,3,False,0.3187757327709105,0.1566403237166365,1.8144087421602038,0,0,0
load_change,fault,15,4,True,1.4568716585443042,0.5577103133722139,2.4947693954871073,1,1,1
load_change,fault,15,5,True,1.5107926663427982,0.6004176154599752,2.5725148290626096,1,1,1
load_change,fault,15,6,True,1.5335435435724303,0.4414840242981189,2.6047911299446826,1,1,1
load_change,fault,15,7,True,1.522620819482323,0.3894977359438458,2.507301915291035,1,0,0
load_change,fault,15,8,True,1.4440681214424291,0.4947182398858369,2.435935389765166,1,1,1
load_change,fault,15,9,True,1.462017567241219,0.6870072566153076,2.466004161370943,1,1,1
load_change,fault,15,10,True,1.4464977440638676,0.630002568002836,2.4437179726246128,1,1,1
load_change,fault,15,11,True,1.4561136136504154,0.7360223400175052,2.4834935843420904,1,1,1
speed_drift,healthy,1,0,False,0.4128808727099396,0.14563048803730672,1.8434127490834686,0,0,0
speed_drift,healthy,1,1,False,0.44067856917846054,0.1539828366538649,1.8788968029634405,0,0,0
speed_drift,healthy,1,2,False,0.43457679648510394,0.15075371030882448,1.8394767214932197,0,0,0
speed_drift,healthy,1,3,False,0.4398112075870041,0.14964073334612754,1.85861393722023,0,0,0
speed_drift,healthy,1,4,False,0.4113306035595232,0.14873543490625205,1.8597100187764866,0,0,0
speed_drift,healthy,1,5,False,0.43973853737221835,0.14748142327502847,1.8617998872689239,0,0,0
speed_drift,healthy,1,6,False,0.4319957929334099,0.14690491559026855,1.8597374627062244,0,0,0
speed_drift,healthy,1,7,False,0.42816177857707566,0.14691136740786592,1.8646792580972062,0,0,0
speed_drift,healthy,1,8,False,0.4340095161362189,0.14861536932048175,1.874823316103321,0,0,0
speed_drift,healthy,1,9,False,0.4300099088061137,0.15033074626562,1.84674439320359,0,0,0
speed_drift,healthy,1,10,False,0.43138629659656663,0.14713841597748364,1.8436408205418795,0,0,0
speed_drift,healthy,1,11,False,0.44298639501111753,0.14563162676846286,1.8769337749635415,0,0,0
speed_drift,healthy,2,0,False,0.4400195293718254,0.14862142958097702,1.8597522753606537,0,0,0
speed_drift,healthy,2,1,False,0.43869499643920257,0.14911354594785853,1.8291709340743652,0,0,0
speed_drift,healthy,2,2,False,0.4345081858545692,0.14960316728849823,1.819646357595081,0,0,0
speed_drift,healthy,2,3,False,0.4285386933833663,0.14482132667102682,1.8478496808417897,0,0,0
speed_drift,healthy,2,4,False,0.469309240504593,0.15545247576806542,1.8792007667927528,0,0,0
speed_drift,healthy,2,5,False,0.4483222704201959,0.15112212915872886,1.8699990841231127,0,0,0
speed_drift,healthy,2,6,False,0.4418469551910417,0.1523685409239695,1.8679966617977914,0,0,0
speed_drift,healthy,2,7,False,0.4327211865584442,0.15383652050436838,1.8660901817644393,0,0,0
speed_drift,healthy,2,8,False,0.43666287415518273,0.14583208058241137,1.864181244858382,0,0,0
speed_drift,healthy,2,9,False,0.4260794441103422,0.14846602500158826,1.8581544903693652,0,0,0
speed_drift,healthy,2,10,False,0.40433507475352076,0.14520425890228106,1.8360656142780114,0,0,0
speed_drift,healthy,2,11,False,0.42847052705454947,0.1481325494643426,1.8535686603565318,0,0,0
speed_drift,healthy,3,0,False,0.43603355045254205,0.14559920164711157,1.8963704077135095,0,0,0
speed_drift,healthy,3,1,False,0.4687205805005651,0.15192332982188003,1.9023869934251532,0,0,0
speed_drift,healthy,3,2,False,0.42564152492781326,0.14971466904914849,1.8181577092987178,0,0,0
speed_drift,healthy,3,3,False,0.42960248136795476,0.1518122925014881,1.841590298354263,0,0,0
speed_drift,healthy,3,4,False,0.43905540971776,0.15498986949354845,1.8368887935162215,0,0,0
speed_drift,healthy,3,5,False,0.4207795734720635,0.14714803705059318,1.858714715892594,0,0,0
speed_drift,healthy,3,6,False,0.4537622301054718,0.15146706665749768,1.8462660268455104,0,0,0
speed_drift,healthy,3,7,False,0.44272440478291203,0.14989443856594917,1.8464815249125583,0,0,0
speed_drift,healthy,3,8,False,0.4339757494709065,0.14974736073138822,1.8447235625032985,0,0,0
speed_drift,healthy,3,9,False,0.4135559720155929,0.14936942572391346,1.861503831104506,0,0,0
speed_drift,healthy,3,10,False,0.42847052705454947,0.1481325494643426,1.8535686603565318,0,0,0
speed_drift,healthy,3,11,False,0.4483222704201959,0.15112212915872886,1.8699990841231127,0,0,0
speed_drift,healthy,4,0,False,0.40654099367794766,0.15044991412366096,1.8080009567655333,0,0,0
speed_drift,healthy,4,1,False,0.42564152492781326,0.14971466904914849,1.8181577092987178,0,0,0
speed_drift,healthy,4,2,False,0.4182253609558891,0.1490279368423382,1.8467747007523987,0,0,0
speed_drift,healthy,4,3,False,0.426430684273416,0.14470873464074085,1.8321730816014987,0,0,0
speed_drift,healthy,4,4,False,0.4300099088061137,0.15033074626562,1.84674439320359,0,0,0
speed_drift,healthy,4,5,False,0.43481121104096326,0.14583433474293742,1.8688643107449074,0,0,0
speed_drift,healthy,4,6,False,0.43905540971776,0.15498986949354845,1.8368887935162215,0,0,0
speed_drift,healthy,4,7,False,0.46834537587026925,0.15546923278851305,1.877376416633754,0,0,0
speed_drift,healthy,4,8,False,0.43481121104096326,0.14583433474293742,1.8688643107449074,0,0,0
speed_drift,healthy,4,9,False,0.4446134765971544,0.14933565979763014,1.8647135376174777,0,0,0
speed_drift,healthy,4,10,False,0.44729993697659715,0.1496931396991042,1.8502277426023919,0,0,0
speed_drift,healthy,4,11,False,0.43704000160037226,0.14839093776843387,1.8682453989979997,0,0,0
speed_drift,healthy,5,0,False,0.4345081858545692,0.14960316728849823,1.819646357595081,0,0,0
speed_drift,healthy,5,1,False,0.4260794441103422,0.14846602500158826,1.8581544903693652,0,0,0
speed_drift,healthy,5,2,False,0.42847052705454947,0.1481325494643426,1.8535686603565318,0,0,0
speed_drift,healthy,5,3,False,0.41428221610716276,0.14953209121309613,1.8449600647225692,0,0,0
speed_drift,healthy,5,4,False,0.43389559166802866,0.15063585840896862,1.8413009877170856,0,0,0
speed_drift,healthy,5,5,False,0.4340095161362189,0.14861536932048175,1.874823316103321,0,0,0
speed_drift,healthy,5,6,False,0.43603355045254205,0.14559920164711157,1.8963704077135095,0,0,0
speed_drift,healthy,5,7,False,0.4345081858545692,0.14960316728849823,1.819646357595081,0,0,0
speed_drift,healthy,5,8,False,0.4300099088061137,0.15033074626562,1.84674439320359,0,0,0
speed_drift,healthy,5,9,False,0.4398112075870041,0.14964073334612754,1.85861393722023,0,0,0
speed_drift,healthy,5,10,False,0.46314147387303845,0.1534440453173158,1.8805859856025495,0,0,0
speed_drift,healthy,5,11,False,0.44965141985875856,0.15146530130112282,1.878346068911946,0,0,0
speed_drift,healthy,6,0,False,0.4678082878454241,0.15530760551428668,1.8811302830610162,0,0,0
speed_drift,healthy,6,1,False,0.4128808727099396,0.14563048803730672,1.8434127490834686,0,0,0
speed_drift,healthy,6,2,False,0.40433507475352076,0.14520425890228106,1.8360656142780114,0,0,0
speed_drift,healthy,6,3,False,0.4066372586291237,0.14419845386680766,1.872191445675442,0,0,0
speed_drift,healthy,6,4,False,0.42146543005888065,0.14634203843988333,1.8694647593527522,0,0,0
speed_drift,healthy,6,5,False,0.426430684273416,0.14470873464074085,1.8321730816014987,0,0,0
speed_drift,healthy,6,6,False,0.44266341219398864,0.1512128778565759,1.871038461288005,0,0,0
speed_drift,healthy,6,7,False,0.44821352249094937,0.14652568601706822,1.890076786469155,0,0,0
speed_drift,healthy,6,8,False,0.4678082878454241,0.15530760551428668,1.8811302830610162,0,0,0
speed_drift,healthy,6,9,False,0.41428221610716276,0.14953209121309613,1.8449600647225692,0,0,0
speed_drift,healthy,6,10,False,0.4135559720155929,0.14936942572391346,1.861503831104506,0,0,0
speed_drift,healthy,6,11,False,0.42391431233578625,0.1477608746895091,1.8504159618380103,0,0,0
speed_drift,healthy,7,0,False,0.4483222704201959,0.15112212915872886,1.8699990841231127,0,0,0
speed_drift,healthy,7,1,False,0.4408707907023575,0.14935712519710148,1.892586050742056,0,0,0
speed_drift,healthy,7,2,False,0.40433507475352076,0.14520425890228106,1.8360656142780114,0,0,0
speed_drift,healthy,7,3,False,0.43905540971776,0.15498986949354845,1.8368887935162215,0,0,0
speed_drift,healthy,7,4,False,0.42847052705454947,0.1481325494643426,1.8535686603565318,0,0,0
speed_drift,healthy,7,5,False,0.42391431233578625,0.1477608746895091,1.8504159618380103,0,0,0
speed_drift,healthy,7,6,False,0.4342172669146044,0.14591576261629727,1.8548123129084129,0,0,0
speed_drift,healthy,7,7,False,0.42615348444783513,0.1536926553914853,1.8476714165754327,0,0,0
speed_drift,healthy,7,8,False,0.42960248136795476,0.1518122925014881,1.841590298354263,0,0,0
speed_drift,healthy,7,9,False,0.441900132425751,0.15196110710240857,1.8805969600842332,0,0,0
speed_drift,healthy,7,10,False,0.4250716238241014,0.14657960231166797,1.8871947116869094,0,0,0
speed_drift,healthy,7,11,False,0.469309240504593,0.15545247576806542,1.8792007667927528,0,0,0
speed_drift,healthy,8,0,False,0.4239236919527647,0.14798374389776497,1.8937945035182508,0,0,0
speed_drift,healthy,8,1,False,0.42651977796729795,0.14459073358152064,1.8413384184749622,0,0,0
speed_drift,healthy,8,2,False,0.4128605460096964,0.1484720641970742,1.887164919063577,0,0,0
speed_drift,healthy,8,3,False,0.4446769110832053,0.14700437097762978,1.871150640124709,0,0,0
speed_drift,healthy,8,4,False,0.4142382227371554,0.15128675535933786,1.7998555861144532,0,0,0
speed_drift,healthy,8,5,False,0.4545501729847051,0.15365310128119833,1.876911721786038,0,0,0
speed_drift,healthy,8,6,False,0.4092565216656912,0.1440723282985836,1.871171694393621,0,0,0
speed_drift,healthy,8,7,False,0.42544552505495836,0.1461851577457492,1.8551064166714517,0,0,0
speed_drift,healthy,8,8,False,0.43567475979763537,0.1435068475518662,1.8503684116877042,0,0,0
speed_drift,healthy,8,9,False,0.4196603845150265,0.14947233711921784,1.8557729645956154,0,0,0
speed_drift,healthy,8,10,False,0.4523693748953029,0.15111503180705757,1.8650491309748773,0,0,0
speed_drift,healthy,8,11,False,0.4239827242789446,0.1496469067687082,1.8271080836432645,0,0,0
speed_drift,healthy,9,0,False,0.4260794441103422,0.14846602500158826,1.8581544903693652,0,0,0
speed_drift,healthy,9,1,False,0.41579856296608225,0.14757776636326306,1.8790907105318038,0,0,0
speed_drift,healthy,9,2,False,0.4432859071948555,0.147817234096331,1.86291154455681,0,0,0
speed_drift,healthy,9,3,False,0.4687205805005651,0.15192332982188003,1.9023869934251532,0,0,0
speed_drift,healthy,9,4,False,0.4105730337056276,0.14518973245680344,1.8505712907010512,0,0,0
speed_drift,healthy,9,5,False,0.4300099088061137,0.15033074626562,1.84674439320359,0,0,0
speed_drift,healthy,9,6,False,0.41428221610716276,0.14953209121309613,1.8449600647225692,0,0,0
speed_drift,healthy,9,7,False,0.4239827242789446,0.1496469067687082,1.8271080836432645,0,0,0
speed_drift,healthy,9,8,False,0.4390070157779036,0.14763375146400598,1.8880423153705421,0,0,0
speed_drift,healthy,9,9,False,0.45034241145797776,0.15153517917697615,1.868061547660405,0,0,0
speed_drift,healthy,9,10,False,0.40433507475352076,0.14520425890228106,1.8360656142780114,0,0,0
speed_drift,healthy,9,11,False,0.41428221610716276,0.14953209121309613,1.8449600647225692,0,0,0
speed_drift,healthy,10,0,False,0.4279500374426536,0.14994161769663542,1.8324354998878718,0,0,0
speed_drift,healthy,10,1,False,0.4239827242789446,0.1496469067687082,1.8271080836432645,0,0,0
speed_drift,healthy,10,2,False,0.42354630701912255,0.15317543415271792,1.8381522777909005,0,0,0
speed_drift,healthy,10,3,False,0.4239827242789446,0.1496469067687082,1.8271080836432645,0,0,0
speed_drift,healthy,10,4,False,0.4261474606207073,0.14870384020504432,1.875247398686295,0,0,0
speed_drift,healthy,10,5,False,0.41428221610716276,0.14953209121309613,1.8449600647225692,0,0,0
speed_drift,healthy,10,6,False,0.42391431233578625,0.1477608746895091,1.8504159618380103,0,0,0
speed_drift,healthy,10,7,False,0.469309240504593,0.15545247576806542,1.8792007667927528,0,0,0
speed_drift,healthy,10,8,False,0.43457679648510394,0.15075371030882448,1.8394767214932197,0,0,0
speed_drift,healthy,10,9,False,0.4142382227371554,0.15128675535933786,1.7998555861144532,0,0,0
speed_drift,healthy,10,10,False,0.45507000423753613,0.15106272639054535,1.8437113326705765,0,0,0
speed_drift,healthy,10,11,False,0.43389559166802866,0.15063585840896862,1.8413009877170856,0,0,0
speed_drift,healthy,11,0,False,0.4113306035595232,0.14873543490625205,1.8597100187764866,0,0,0
speed_drift,healthy,11,1,False,0.4142382227371554,0.15128675535933786,1.7998555861144532,0,0,0
speed_drift,healthy,11,2,False,0.4400195293718254,0.14862142958097702,1.8597522753606537,0,0,0
speed_drift,healthy,11,3,False,0.44965141985875856,0.15146530130112282,1.878346068911946,0,0,0
speed_drift,healthy,11,4,False,0.4092565216656912,0.1440723282985836,1.871171694393621,0,0,0
speed_drift,healthy,11,5,False,0.44755117830707275,0.1479423497797129,1.8658952609636283,0,0,0
speed_drift,healthy,11,6,False,0.41777375949713635,0.14874881372934018,1.8736263635453432,0,0,0
speed_drift,healthy,11,7,False,0.45507000423753613,0.15106272639054535,1.8437113326705765,0,0,0
speed_drift,healthy,11,8,False,0.43567475979763537,0.1435068475518662,1.8503684116877042,0,0,0
speed_drift,healthy,11,9,False,0.4499775347375489,0.1476362828151288,1.8683529303983644,0,0,0
speed_drift,healthy,11,10,False,0.43905540971776,0.15498986949354845,1.8368887935162215,0,0,0
speed_drift,healthy,11,11,False,0.4400195293718254,0.14862142958097702,1.8597522753606537,0,0,0
speed_drift,healthy,12,0,False,0.4171363442228459,0.14529558438871484,1.8583867775557956,0,0,0
speed_drift,healthy,12,1,False,0.43742026427803865,0.1521583635402539,1.8545348448493784,0,0,0
speed_drift,healthy,12,2,False,0.4401362386640317,0.1503933287859845,1.8584263410972401,0,0,0
speed_drift,healthy,12,3,False,0.45034241145797776,0.15153517917697615,1.868061547660405,0,0,0
speed_drift,healthy,12,4,False,0.44965141985875856,0.15146530130112282,1.878346068911946,0,0,0
speed_drift,healthy,12,5,False,0.43704000160037226,0.14839093776843387,1.8682453989979997,0,0,0
speed_drift,healthy,12,6,False,0.4285386933833663,0.14482132667102682,1.8478496808417897,0,0,0
speed_drift,healthy,12,7,False,0.42651977796729795,0.14459073358152064,1.8413384184749622,0,0,0
speed_drift,healthy,12,8,False,0.4345081858545692,0.14960316728849823,1.819646357595081,0,0,0
speed_drift,healthy,12,9,False,0.43187513927658855,0.14734564861075475,1.8783863069236633,0,0,0
speed_drift,healthy,12,10,False,0.4432674287103783,0.14916337966330687,1.8556982894395146,0,0,0
speed_drift,healthy,12,11,False,0.4207795734720635,0.14714803705059318,1.858714715892594,0,0,0
speed_drift,healthy,13,0,False,0.44314930969830535,0.15555011329962962,1.8211124011073017,0,0,0
speed_drift,healthy,13,1,False,0.4196603845150265,0.14947233711921784,1.8557729645956154,0,0,0
speed_drift,healthy,13,2,False,0.41241042757051166,0.14701007703782532,1.8359194099682066,0,0,0
speed_drift,healthy,13,3,False,0.4432674287103783,0.14916337966330687,1.8556982894395146,0,0,0
speed_drift,healthy,13,4,False,0.4401362386640317,0.1503933287859845,1.8584263410972401,0,0,0
speed_drift,healthy,13,5,False,0.42391431233578625,0.1477608746895091,1.8504159618380103,0,0,0
speed_drift,healthy,13,6,False,0.4338942454965392,0.15135767443794987,1.843710967194797,0,0,0
speed_drift,healthy,13,7,False,0.4196603845150265,0.14947233711921784,1.8557729645956154,0,0,0
speed_drift,healthy,13,8,False,0.4327211865584442,0.15383652050436838,1.8660901817644393,0,0,0
speed_drift,healthy,13,9,False,0.4678082878454241,0.15530760551428668,1.8811302830610162,0,0,0
speed_drift,healthy,13,10,False,0.43973853737221835,0.14748142327502847,1.8617998872689239,0,0,0
speed_drift,healthy,13,11,False,0.4338942454965392,0.15135767443794987,1.843710967194797,0,0,0
speed_drift,healthy,14,0,False,0.42413643734742545,0.1527634781916314,1.8495225373564008,0,0,0
speed_drift,healthy,14,1,False,0.42615348444783513,0.1536926553914853,1.8476714165754327,0,0,0
speed_drift,healthy,14,2,False,0.441900132425751,0.15196110710240857,1.8805969600842332,0,0,0
speed_drift,healthy,14,3,False,0.4135816523201073,0.15058109866527689,1.8390031907592652,0,0,0
speed_drift,healthy,14,4,False,0.45034241145797776,0.15153517917697615,1.868061547660405,0,0,0
speed_drift,healthy,14,5,False,0.42544552505495836,0.1461851577457492,1.8551064166714517,0,0,0
speed_drift,healthy,14,6,False,0.4239827242789446,0.1496469067687082,1.8271080836432645,0,0,0
speed_drift,healthy,14,7,False,0.42960248136795476,0.1518122925014881,1.841590298354263,0,0,0
speed_drift,healthy,14,8,False,0.4548257981295236,0.1557229534839903,1.870548878692113,0,0,0
speed_drift,healthy,14,9,False,0.4182253609558891,0.1490279368423382,1.8467747007523987,0,0,0
speed_drift,healthy,14,10,False,0.44067856917846054,0.1539828366538649,1.8788968029634405,0,0,0
speed_drift,healthy,14,11,False,0.4319957929334099,0.14690491559026855,1.8597374627062244,0,0,0
speed_drift,healthy,15,0,False,0.43869499643920257,0.14911354594785853,1.8291709340743652,0,0,0
speed_drift,healthy,15,1,False,0.43973853737221835,0.14748142327502847,1.8617998872689239,0,0,0
speed_drift,healthy,15,2,False,0.4128808727099396,0.14563048803730672,1.8434127490834686,0,0,0
speed_drift,healthy,15,3,False,0.4687205805005651,0.15192332982188003,1.9023869934251532,0,0,0
speed_drift,healthy,15,4,False,0.469309240504593,0.15545247576806542,1.8792007667927528,0,0,0
speed_drift,healthy,15,5,False,0.43567475979763537,0.1435068475518662,1.8503684116877042,0,0,0
speed_drift,healthy,15,6,False,0.43869499643920257,0.14911354594785853,1.8291709340743652,0,0,0
speed_drift,healthy,15,7,False,0.4300099088061137,0.15033074626562,1.84674439320359,0,0,0
speed_drift,healthy,15,8,False,0.4398112075870041,0.14964073334612754,1.85861393722023,0,0,0
speed_drift,healthy,15,9,False,0.4239236919527647,0.14798374389776497,1.8937945035182508,0,0,0
speed_drift,healthy,15,10,False,0.4548257981295236,0.1557229534839903,1.870548878692113,0,0,0
speed_drift,healthy,15,11,False,0.4196603845150265,0.14947233711921784,1.8557729645956154,0,0,0
speed_drift,fault,1,0,False,0.4135559720155929,0.14936942572391346,1.861503831104506,0,0,0
speed_drift,fault,1,1,False,0.43481121104096326,0.14583433474293742,1.8688643107449074,0,0,0
speed_drift,fault,1,2,False,0.42413643734742545,0.1527634781916314,1.8495225373564008,0,0,0
speed_drift,fault,1,3,False,0.4066372586291237,0.14419845386680766,1.872191445675442,0,0,0
speed_drift,fault,1,4,True,1.4043704526174252,0.510471897281097,2.536574422806556,1,1,1
speed_drift,fault,1,5,True,1.5116758607267198,0.5290502772613809,2.5334564847268224,1,1,1
speed_drift,fault,1,6,True,1.3541501877551299,0.4962107641033519,2.3826617389477596,1,1,1
speed_drift,fault,1,7,True,1.520913979914657,0.5360110166785024,2.5263331691680526,1,1,1
speed_drift,fault,1,8,True,1.4461765184088398,0.5162385835490897,2.4598507348263983,1,1,1
speed_drift,fault,1,9,True,1.4528053699062338,0.5324779654337581,2.472717613467221,1,1,1
speed_drift,fault,1,10,True,1.5238645279363807,0.5400341772405962,2.5549703626513125,1,1,1
speed_drift,fault,1,11,True,1.4890388569388122,0.5179993667981482,2.5493332870791243,1,1,1
speed_drift,fault,2,0,False,0.4515169869563226,0.15167355279706493,1.862439877883844,0,0,0
speed_drift,fault,2,1,False,0.44755117830707275,0.1479423497797129,1.8658952609636283,0,0,0
speed_drift,fault,2,2,False,0.41777375949713635,0.14874881372934018,1.8736263635453432,0,0,0
speed_drift,fault,2,3,False,0.4210432792989562,0.1481355201950803,1.8670017220597737,0,0,0
speed_drift,fault,2,4,True,1.4563782881997942,0.5241140317822793,2.5362768517284757,1,1,1
speed_drift,fault,2,5,True,1.485745766273413,0.5276745255167675,2.4819822596599863,1,1,1
speed_drift,fault,2,6,True,1.4057249912795837,0.46560363601859067,2.544204194182536,1,1,1
speed_drift,fault,2,7,True,1.5116758607267198,0.5290502772613809,2.5334564847268224,1,1,1
speed_drift,fault,2,8,True,1.51417035126757,0.5641446178383651,2.5475289934264493,1,1,1
speed_drift,fault,2,9,True,1.436098165667553,0.4882479691045657,2.5124069562612696,1,1,1
speed_drift,fault,2,10,True,1.4982507991186529,0.5496852363357135,2.5536432223614427,1,1,1
speed_drift,fault,2,11,True,1.4461765184088398,0.5162385835490897,2.4598507348263983,1,1,1
speed_drift,fault,3,0,False,0.4548257981295236,0.1557229534839903,1.870548878692113,0,0,0
speed_drift,fault,3,1,False,0.43869499643920257,0.14911354594785853,1.8291709340743652,0,0,0
speed_drift,fault,3,2,False,0.4338942454965392,0.15135767443794987,1.843710967194797,0,0,0
speed_drift,fault,3,3,False,0.42847052705454947,0.1481325494643426,1.8535686603565318,0,0,0
speed_drift,fault,3,4,True,1.3888267540883539,0.47141258236173866,2.570436878249767,1,1,1
speed_drift,fault,3,5,True,1.4971935177942,0.5178558252930426,2.5122919971034907,1,1,1
speed_drift,fault,3,6,True,1.4834914146449203,0.5181797111631946,2.5184761174126464,1,1,1
speed_drift,fault,3,7,True,1.422053185000501,0.5138265878302629,2.5199033368258195,1,1,1
speed_drift,fault,3,8,True,1.4290763446723336,0.494822434354122,2.436271493201953,1,1,1
speed_drift,fault,3,9,True,1.4982556929403184,0.5327310887332379,2.5501400476224045,1,1,1
speed_drift,fault,3,10,True,1.5238645279363807,0.5400341772405962,2.5549703626513125,1,1,1
speed_drift,fault,3,11,True,1.5157731062879196,0.5150540687094898,2.557414632696943,1,1,1
speed_drift,fault,4,0,False,0.4128808727099396,0.14563048803730672,1.8434127490834686,0,0,0
speed_drift,fault,4,1,False,0.4495552092793276,0.15209063430336542,1.8812652359220403,0,0,0
speed_drift,fault,4,2,False,0.4207795734720635,0.14714803705059318,1.858714715892594,0,0,0
speed_drift,fault,4,3,False,0.43973853737221835,0.14748142327502847,1.8617998872689239,0,0,0
speed_drift,fault,4,4,True,1.4073109307099285,0.4913957886405259,2.5213679339273956,1,1,1
speed_drift,fault,4,5,True,1.404469130020522,0.503983147992093,2.4301385795609614,1,1,1
speed_drift,fault,4,6,True,1.5173805506944573,0.5273269369567323,2.507056450852699,1,1,1
speed_drift,fault,4,7,True,1.4247430581973526,0.4739546819382066,2.506145177486435,1,1,1
speed_drift,fault,4,8,True,1.468831528470491,0.507192909108301,2.4258629899357507,1,1,1
speed_drift,fault,4,9,True,1.458673163441671,0.5265245952220559,2.540573954437638,1,1,1
speed_drift,fault,4,10,True,1.4528053699062338,0.5324779654337581,2.472717613467221,1,1,1
speed_drift,fault,4,11,True,1.3768730469821011,0.49591461250409463,2.5111170446498083,1,1,1
speed_drift,fault,5,0,False,0.4318409613807942,0.14780793138831813,1.8532724675274868,0,0,0
speed_drift,fault,5,1,False,0.45034241145797776,0.15153517917697615,1.868061547660405,0,0,0
speed_drift,fault,5,2,False,0.4128605460096964,0.1484720641970742,1.887164919063577,0,0,0
speed_drift,fault,5,3,False,0.45956286355588594,0.15390526941488814,1.8824641629674392,0,0,0
speed_drift,fault,5,4,True,1.5262262845128989,0.5716301209681883,2.491001961656286,1,1,1
speed_drift,fault,5,5,True,1.4927200907703986,0.5161284427145247,2.495249675287719,1,1,1
speed_drift,fault,5,6,True,1.4873749550650048,0.5557491843317769,2.4881653271590722,1,1,1
speed_drift,fault,5,7,True,1.5163551913683004,0.5349930717302137,2.5059432000457678,1,1,1
speed_drift,fault,5,8,True,1.416298568085542,0.4846607332541556,2.469126561026355,1,1,1
speed_drift,fault,5,9,True,1.3606305790366293,0.48566734209085227,2.5038407820387603,1,1,1
speed_drift,fault,5,10,True,1.4781556129331648,0.5354990319140225,2.5237515153279495,1,1,1
speed_drift,fault,5,11,True,1.4982507991186529,0.5496852363357135,2.5536432223614427,1,1,1
speed_drift,fault,6,0,False,0.4545501729847051,0.15365310128119833,1.876911721786038,0,0,0
speed_drift,fault,6,1,False,0.4128605460096964,0.1484720641970742,1.887164919063577,0,0,0
speed_drift,fault,6,2,False,0.4128808727099396,0.14563048803730672,1.8434127490834686,0,0,0
speed_drift,fault,6,3,False,0.4285386933833663,0.14482132667102682,1.8478496808417897,0,0,0
speed_drift,fault,6,4,True,1.478521906942954,0.5143881771778549,2.4427522987803214,1,1,1
speed_drift,fault,6,5,True,1.3706455336041654,0.4759124287645432,2.469222302301064,1,1,1
speed_drift,fault,6,6,True,1.4555872229324345,0.4955318315288368,2.5239041763921284,1,1,1
speed_drift,fault,6,7,True,1.3606305790366293,0.48566734209085227,2.5038407820387603,1,1,1
speed_drift,fault,6,8,True,1.5238645279363807,0.5400341772405962,2.5549703626513125,1,1,1
speed_drift,fault,6,9,True,1.393246527943495,0.48318852857282807,2.4933442222664244,1,1,1
speed_drift,fault,6,10,True,1.4918340827638716,0.528713681039675,2.474087145820906,1,1,1
speed_drift,fault,6,11,True,1.4148100287328689,0.5069600652155606,2.4559269644459487,1,1,1
speed_drift,fault,7,0,False,0.4305753382693952,0.1500651100969652,1.8498729677121108,0,0,0
speed_drift,fault,7,1,False,0.4545501729847051,0.15365310128119833,1.876911721786038,0,0,0
speed_drift,fault,7,2,False,0.40654099367794766,0.15044991412366096,1.8080009567655333,0,0,0
speed_drift,fault,7,3,False,0.4171363442228459,0.14529558438871484,1.8583867775557956,0,0,0
speed_drift,fault,7,4,True,1.468831528470491,0.507192909108301,2.4258629899357507,1,1,1
speed_drift,fault,7,5,True,1.4781556129331648,0.5354990319140225,2.5237515153279495,1,1,1
speed_drift,fault,7,6,True,1.407835027672905,0.5173173148900302,2.4596367085142914,1,1,1
speed_drift,fault,7,7,True,1.4563782881997942,0.5241140317822793,2.5362768517284757,1,1,1
speed_drift,fault,7,8,True,1.499636905394916,0.5387404020560693,2.488298092902315,1,1,1
speed_drift,fault,7,9,True,1.419670906349229,0.4897424820974726,2.481216076248823,1,1,1
speed_drift,fault,7,10,True,1.424412025889336,0.5225534932747801,2.5278740895954566,1,1,1
speed_drift,fault,7,11,True,1.5045148102356152,0.5463865578504548,2.4755051498218275,1,1,1
speed_drift,fault,8,0,False,0.4182253609558891,0.1490279368423382,1.8467747007523987,0,0,0
speed_drift,fault,8,1,False,0.42544552505495836,0.1461851577457492,1.8551064166714517,0,0,0
speed_drift,fault,8,2,False,0.42544552505495836,0.1461851577457492,1.8551064166714517,0,0,0
speed_drift,fault,8,3,False,0.46314147387303845,0.1534440453173158,1.8805859856025495,0,0,0
speed_drift,fault,8,4,True,1.4528053699062338,0.5324779654337581,2.472717613467221,1,1,1
speed_drift,fault,8,5,True,1.5219588131038904,0.5440416447406166,2.5282149620984535,1,1,1
speed_drift,fault,8,6,True,1.4869384114011694,0.5446186595474755,2.528562771512337,1,1,1
speed_drift,fault,8,7,True,1.4971935177942,0.5178558252930426,2.5122919971034907,1,1,1
speed_drift,fault,8,8,True,1.3636821705764375,0.4607759532542965,2.443284439511662,1,1,1
speed_drift,fault,8,9,True,1.3905673845045035,0.48857808741261866,2.4890276799330144,1,1,1
speed_drift,fault,8,10,True,1.4700344231868663,0.5075647118817441,2.4745929504228705,1,1,1
speed_drift,fault,8,11,True,1.4741776920114762,0.5172983258356104,2.427257163298467,1,1,1
speed_drift,fault,9,0,False,0.4529397443348034,0.15016868140590983,1.8773551750034831,0,0,0
speed_drift,fault,9,1,False,0.4286727747674854,0.1496091678380328,1.862443039314486,0,0,0
speed_drift,fault,9,2,False,0.43905540971776,0.15498986949354845,1.8368887935162215,0,0,0
speed_drift,fault,9,3,False,0.40433507475352076,0.14520425890228106,1.8360656142780114,0,0,0
speed_drift,fault,9,4,True,1.5045148102356152,0.5463865578504548,2.4755051498218275,1,1,1
speed_drift,fault,9,5,True,1.4405791487668806,0.5089946555083928,2.5506832432788467,1,1,1
speed_drift,fault,9,6,True,1.5173805506944573,0.5273269369567323,2.507056450852699,1,1,1
speed_drift,fault,9,7,True,1.445404375154584,0.5002257864496975,2.5526746108091762,1,1,1
speed_drift,fault,9,8,True,1.3636821705764375,0.4607759532542965,2.443284439511662,1,1,1
speed_drift,fault,9,9,True,1.5262262845128989,0.5716301209681883,2.491001961656286,1,1,1
speed_drift,fault,9,10,True,1.4043704526174252,0.510471897281097,2.536574422806556,1,1,1
speed_drift,fault,9,11,True,1.4570411742537173,0.5447308161714298,2.423122108530657,1,1,1
speed_drift,fault,10,0,False,0.4398112075870041,0.14964073334612754,1.85861393722023,0,0,0
speed_drift,fault,10,1,False,0.44067856917846054,0.1539828366538649,1.8788968029634405,0,0,0
speed_drift,fault,10,2,False,0.4328380968177886,0.15004566007958478,1.8888361334621204,0,0,0
speed_drift,fault,10,3,False,0.44067856917846054,0.1539828366538649,1.8788968029634405,0,0,0
speed_drift,fault,10,4,True,1.398567035307307,0.4955439127703225,2.47860739718907,1,1,1
speed_drift,fault,10,5,True,1.468831528470491,0.507192909108301,2.4258629899357507,1,1,1
speed_drift,fault,10,6,True,1.398824656374786,0.49915975190062456,2.436330244610353,1,1,1
speed_drift,fault,10,7,True,1.5173805506944573,0.5273269369567323,2.507056450852699,1,1,1
speed_drift,fault,10,8,True,1.4637370124787508,0.5380910728112084,2.4189357908269087,1,1,1
speed_drift,fault,10,9,True,1.4503528235070964,0.5133409958336761,2.519947743090807,1,1,1
speed_drift,fault,10,10,True,1.4818709012821771,0.5207538130422414,2.4887513499762384,1,1,1
speed_drift,fault,10,11,True,1.3986910876949679,0.5090258546294828,2.4644060286033893,1,1,1
speed_drift,fault,11,0,False,0.4172782738222465,0.15211423410294556,1.8504107957003164,0,0,0
speed_drift,fault,11,1,False,0.41428221610716276,0.14953209121309613,1.8449600647225692,0,0,0
speed_drift,fault,11,2,False,0.4128808727099396,0.14563048803730672,1.8434127490834686,0,0,0
speed_drift,fault,11,3,False,0.40433507475352076,0.14520425890228106,1.8360656142780114,0,0,0
speed_drift,fault,11,4,True,1.5045148102356152,0.5463865578504548,2.4755051498218275,1,1,1
speed_drift,fault,11,5,True,1.3888267540883539,0.47141258236173866,2.570436878249767,1,1,1
speed_drift,fault,11,6,True,1.4608753195894277,0.5333793087077354,2.488809699066953,1,1,1
speed_drift,fault,11,7,True,1.4637370124787508,0.5380910728112084,2.4189357908269087,1,1,1
speed_drift,fault,11,8,True,1.3768730469821011,0.49591461250409463,2.5111170446498083,1,1,1
speed_drift,fault,11,9,True,1.4608753195894277,0.5333793087077354,2.488809699066953,1,1,1
speed_drift,fault,11,10,True,1.4057249912795837,0.46560363601859067,2.544204194182536,1,1,1
speed_drift,fault,11,11,True,1.4598970263729463,0.5200471546093115,2.44230977528636,1,1,1
speed_drift,fault,12,0,False,0.44230478523772365,0.1506180458760192,1.8709580745220635,0,0,0
speed_drift,fault,12,1,False,0.42146543005888065,0.14634203843988333,1.8694647593527522,0,0,0
speed_drift,fault,12,2,False,0.43040256060721993,0.14551370665611696,1.8652074769232034,0,0,0
speed_drift,fault,12,3,False,0.43222700555541504,0.14886085359894913,1.879719703561373,0,0,0
speed_drift,fault,12,4,True,1.4056983699270895,0.48386892238929996,2.604449292854664,1,1,1
speed_drift,fault,12,5,True,1.422053185000501,0.5138265878302629,2.5199033368258195,1,1,1
speed_drift,fault,12,6,True,1.4405791487668806,0.5089946555083928,2.5506832432788467,1,1,1
speed_drift,fault,12,7,True,1.5178969306242158,0.5449806959709635,2.5271544026851576,1,1,1
speed_drift,fault,12,8,True,1.3537922489634429,0.45988728939382545,2.466175453691329,1,1,1
speed_drift,fault,12,9,True,1.4223825895847446,0.5150194932223802,2.4801231935365373,1,1,1
speed_drift,fault,12,10,True,1.3636821705764375,0.4607759532542965,2.443284439511662,1,1,1
speed_drift,fault,12,11,True,1.3793278609085509,0.49967046444215524,2.4539261220772914,1,1,1
speed_drift,fault,13,0,False,0.4537622301054718,0.15146706665749768,1.8462660268455104,0,0,0
speed_drift,fault,13,1,False,0.42564152492781326,0.14971466904914849,1.8181577092987178,0,0,0
speed_drift,fault,13,2,False,0.43187513927658855,0.14734564861075475,1.8783863069236633,0,0,0
speed_drift,fault,13,3,False,0.42816177857707566,0.14691136740786592,1.8646792580972062,0,0,0
speed_drift,fault,13,4,True,1.422053185000501,0.5138265878302629,2.5199033368258195,1,1,1
speed_drift,fault,13,5,True,1.5178873787283316,0.5412076016206749,2.55434211200828,1,1,1
speed_drift,fault,13,6,True,1.5137340333413574,0.5494866793389529,2.5715057388830735,1,1,1
speed_drift,fault,13,7,True,1.5173805506944573,0.5273269369567323,2.507056450852699,1,1,1
speed_drift,fault,13,8,True,1.4918340827638716,0.528713681039675,2.474087145820906,1,1,1
speed_drift,fault,13,9,True,1.4918340827638716,0.528713681039675,2.474087145820906,1,1,1
speed_drift,fault,13,10,True,1.5178969306242158,0.5449806959709635,2.5271544026851576,1,1,1
speed_drift,fault,13,11,True,1.4093617812537393,0.5014278914966299,2.500246009002502,1,1,1
speed_drift,fault,14,0,False,0.4390070157779036,0.14763375146400598,1.8880423153705421,0,0,0
speed_drift,fault,14,1,False,0.43138629659656663,0.14713841597748364,1.8436408205418795,0,0,0
speed_drift,fault,14,2,False,0.45281454801904863,0.15155676494897616,1.8739848064198292,0,0,0
speed_drift,fault,14,3,False,0.4239236919527647,0.14798374389776497,1.8937945035182508,0,0,0
speed_drift,fault,14,4,True,1.424412025889336,0.5225534932747801,2.5278740895954566,1,1,1
speed_drift,fault,14,5,True,1.4873749550650048,0.5557491843317769,2.4881653271590722,1,1,1
speed_drift,fault,14,6,True,1.374972347624003,0.46538004660518656,2.464809377808347,1,1,1
speed_drift,fault,14,7,True,1.445404375154584,0.5002257864496975,2.5526746108091762,1,1,1
speed_drift,fault,14,8,True,1.468831528470491,0.507192909108301,2.4258629899357507,1,1,1
speed_drift,fault,14,9,True,1.4563782881997942,0.5241140317822793,2.5362768517284757,1,1,1
speed_drift,fault,14,10,True,1.3544957791881032,0.4724886052560182,2.4597362065521065,1,1,1
speed_drift,fault,14,11,True,1.4503528235070964,0.5133409958336761,2.519947743090807,1,1,1
speed_drift,fault,15,0,False,0.4182253609558891,0.1490279368423382,1.8467747007523987,0,0,0
speed_drift,fault,15,1,False,0.43481121104096326,0.14583433474293742,1.8688643107449074,0,0,0
speed_drift,fault,15,2,False,0.4328380968177886,0.15004566007958478,1.8888361334621204,0,0,0
speed_drift,fault,15,3,False,0.4408707907023575,0.14935712519710148,1.892586050742056,0,0,0
speed_drift,fault,15,4,True,1.483056161723395,0.5488475333663556,2.5118666262441827,1,1,1
speed_drift,fault,15,5,True,1.5131896663631015,0.5436498894273902,2.456927049549202,1,1,1
speed_drift,fault,15,6,True,1.4405791487668806,0.5089946555083928,2.5506832432788467,1,1,1
speed_drift,fault,15,7,True,1.4119611336344404,0.5192516073310378,2.431667751208593,1,1,1
speed_drift,fault,15,8,True,1.398567035307307,0.4955439127703225,2.47860739718907,1,1,1
speed_drift,fault,15,9,True,1.404469130020522,0.503983147992093,2.4301385795609614,1,1,1
speed_drift,fault,15,10,True,1.4243020241063284,0.5098227667768372,2.547597341247146,1,1,1
speed_drift,fault,15,11,True,1.466461448010226,0.5120885888704333,2.4533868628090465,1,1,1
